unit_id,name,city,state,ownership,predominant_degree,school_url,net_price_calculator_url,student_size,admission_rate,annual_cost,tuition_in_state,tuition_out_of_state,avg_net_price,net_price_income_0_30000,net_price_income_30001_48000,net_price_income_48001_75000,net_price_income_75001_110000,net_price_income_110001_plus,graduation_rate,on_time_completion_rate,median_debt,median_earnings_1yr_after_completion,median_earnings_4yr_after_completion,median_earnings_5yr_after_completion,median_earnings_6yr_after_entry,median_earnings_10yr,estimated_4yr_net_cost,earnings_to_cost_ratio,roi_index
186131,Princeton University,Princeton,NJ,Private nonprofit,Bachelor,www.princeton.edu/,https://admission.princeton.edu/cost-aid/financial-aid-estimator,5709,0.0462,84040.0,62688.0,62688.0,6128.0,41.0,352.0,1217.0,4478.0,36094.0,0.9735,0.7526,10320.0,72064.0,108590.0,113450.0,87815.0,110066.0,24512.0,4.49029046997389,4.371297772519582
197027,United States Merchant Marine Academy,Kings Point,NY,Public,Bachelor,https://www.usmma.edu/,https://www.usmma.edu/admissions/financial-aid/cost-attendance,962,0.3424,9168.0,895.0,895.0,6174.0,1773.0,4098.0,5897.0,8752.0,9168.0,0.8149,0.751,8833.0,59168.0,92950.0,96303.0,96770.0,90610.0,24696.0,3.669015225137674,2.9898805069646905
484473,University of Florida-Online,Gainesville,FL,Public,Bachelor,https://www.ufonline.ufl.edu/,https://npc.collegeboard.org/app/ufl,4627,0.6126,17843.0,3876.0,16579.0,4815.0,1477.0,2286.0,5171.0,8947.0,12923.0,0.8117,0.5625,15000.0,48898.0,77321.0,72379.0,56398.0,71588.0,19260.0,3.5794,2.90539898
190512,CUNY Bernard M Baruch College,New York,NY,Public,Bachelor,www.baruch.cuny.edu/,https://npc.cuny.edu/npc/public/fin_aid/financial_aid_estimator/FinAidEstimator.jsp,16154,0.4752,14170.0,7464.0,15414.0,3033.0,607.0,2052.0,6312.0,8623.0,12314.0,0.7211,0.5488,11512.0,51920.0,82748.0,81296.0,61542.0,75971.0,12132.0,3.79855,2.7391344049999997
134130,University of Florida,Gainesville,FL,Public,Bachelor,https://www.ufl.edu/,https://npc.collegeboard.org/app/ufl,35629,0.242,22523.0,6381.0,28659.0,6541.0,1982.0,2768.0,7151.0,12905.0,16723.0,0.9131,0.7566,15000.0,48898.0,77321.0,72379.0,56398.0,71588.0,26164.0,2.7361259746216176,2.498356627426999
243744,Stanford University,Stanford,CA,Private nonprofit,Bachelor,www.stanford.edu/,financialaid.stanford.edu/undergrad/how/calculator/index.html?tab=net-price-calculator,7554,0.0361,87833.0,65910.0,65910.0,13807.0,-2536.0,-193.0,3212.0,11092.0,53882.0,0.9237,0.5083,12000.0,89527.0,136959.0,132900.0,102887.0,124080.0,55228.0,2.2466864633881363,2.0752642862316213
139755,Georgia Institute of Technology-Main Campus,Atlanta,GA,Public,Bachelor,www.gatech.edu/,admission.gatech.edu/npc_2023/,18785,0.1407,28167.0,12058.0,34484.0,12116.0,7666.0,7209.0,10818.0,15088.0,17396.0,0.9319,0.6356,21672.0,87556.0,119180.0,104923.0,89432.0,102772.0,48464.0,2.1205843512710465,1.9761725569494881
110404,California Institute of Technology,Pasadena,CA,Private nonprofit,Bachelor,www.caltech.edu/,www.finaid.caltech.edu/npc,987,0.0257,86886.0,65898.0,65898.0,16075.0,-2133.0,-2886.0,431.0,18753.0,54157.0,0.9376,0.7706,,102669.0,152843.0,136775.0,132140.0,128566.0,64300.0,1.9994712286158631,1.8747042239502332
190594,CUNY Hunter College,New York,NY,Public,Bachelor,www.hunter.cuny.edu/,https://npc.cuny.edu/npc/public/fin_aid/financial_aid_estimator/FinAidEstimator.jsp,16289,0.538,13905.0,7382.0,15332.0,2984.0,1029.0,1935.0,6003.0,8810.0,12259.0,0.5881,0.3793,11000.0,46228.0,73236.0,70493.0,50414.0,63163.0,11936.0,3.15815,1.8573080149999999
190567,CUNY City College,New York,NY,Public,Bachelor,www.ccny.cuny.edu/,https://npc.cuny.edu/npc/public/fin_aid/financial_aid_estimator/FinAidEstimator.jsp,12505,0.6002,14403.0,7340.0,15290.0,3776.0,1251.0,2990.0,6811.0,9982.0,12806.0,0.5578,0.2894,11990.0,42637.0,67740.0,67227.0,46435.0,66039.0,15104.0,3.30195,1.84182771
190664,CUNY Queens College,Queens,NY,Public,Bachelor,https://www.qc.cuny.edu/,https://npc.cuny.edu/npc/public/fin_aid/financial_aid_estimator/FinAidEstimator.jsp,12550,0.6435,14367.0,7538.0,15488.0,4195.0,1541.0,3133.0,6785.0,9110.0,12700.0,0.5642,0.3264,10298.0,41467.0,68713.0,65545.0,48548.0,62763.0,16780.0,3.13815,1.77054423
166683,Massachusetts Institute of Technology,Cambridge,MA,Private nonprofit,Bachelor,web.mit.edu/,https://npc.collegeboard.org/app/mit,4535,0.0455,82730.0,62396.0,62396.0,20111.0,-2533.0,93.0,1480.0,11555.0,48479.0,0.9624,0.8275,14768.0,109923.0,161961.0,148383.0,131633.0,143372.0,80444.0,1.782258465516384,1.715245547212968
190549,CUNY Brooklyn College,Brooklyn,NY,Public,Bachelor,www.brooklyn.edu/,npc.cuny.edu/npc/public/fin_aid/financial_aid_estimator/FinAidEstimator.jsp,10543,0.5836,14151.0,7452.0,15402.0,3103.0,1029.0,2287.0,6193.0,8917.0,12254.0,0.5518,0.3418,11000.0,38492.0,62833.0,64329.0,45035.0,60752.0,12412.0,3.0376,1.6761476799999997
110565,California State University-Fullerton,Fullerton,CA,Public,Bachelor,www.fullerton.edu/,www.fullerton.edu/financialaid/calculator/,38546,0.9052,18269.0,7470.0,20070.0,6555.0,3315.0,4123.0,6090.0,8930.0,15631.0,0.697,0.3897,13750.0,39215.0,63753.0,62730.0,48558.0,62951.0,26220.0,2.400877192982456,1.673411403508772
110510,California State University-San Bernardino,San Bernardino,CA,Public,Bachelor,www.csusb.edu/,https://www2.calstate.edu/attend/paying-for-college/Pages/csu-costs.aspx,15023,0.9374,17427.0,8093.0,20693.0,4564.0,2681.0,2680.0,4735.0,7745.0,14316.0,0.5478,0.2536,14715.0,34196.0,55441.0,56795.0,43149.0,59977.0,18256.0,2.99885,1.6427700299999999
227757,Rice University,Houston,TX,Private nonprofit,Bachelor,www.rice.edu/,https://financialaid.rice.edu/calculate-my-cost,4776,0.08,79788.0,64144.0,64144.0,13370.0,5827.0,563.0,3217.0,17755.0,48466.0,0.9519,0.8697,11000.0,71544.0,110080.0,81896.0,79751.0,89718.0,53480.0,1.6775991024682124,1.5969065856394913
110635,University of California-Berkeley,Berkeley,CA,Public,Bachelor,www.berkeley.edu/,https://financialaid.berkeley.edu/how-aid-works/estimate-your-financial-aid/,33068,0.1098,45619.0,16347.0,50547.0,13481.0,5311.0,6501.0,9693.0,15074.0,34529.0,0.9286,0.7991,13000.0,57445.0,96018.0,95520.0,74919.0,92446.0,53924.0,1.71437578814628,1.5919693568726356
190600,CUNY John Jay College of Criminal Justice,New York,NY,Public,Bachelor,www.jjay.cuny.edu/,https://npc.cuny.edu/npc/public/fin_aid/financial_aid_estimator/FinAidEstimator.jsp,11590,0.5711,14212.0,7470.0,15420.0,3203.0,1073.0,2506.0,6760.0,8427.0,13292.0,0.5566,0.4109,11000.0,38864.0,60020.0,60595.0,50293.0,56195.0,12812.0,2.80975,1.56390685
110592,California State University-Los Angeles,Los Angeles,CA,Public,Bachelor,https://www.calstatela.edu/,https://www.calstate.edu/attend/paying-for-college/Pages/csu-costs.aspx,19562,0.9125,18403.0,7160.0,19760.0,3967.0,2877.0,2974.0,5002.0,7355.0,13578.0,0.5279,0.2541,13000.0,37248.0,59756.0,59715.0,45702.0,59211.0,15868.0,2.96055,1.5628743450000002
122791,College of San Mateo,San Mateo,CA,Public,Associate,www.collegeofsanmateo.edu/,https://misweb.cccco.edu/npc/372/npcalc.htm,7977,,10837.0,1332.0,11384.0,536.0,-1310.0,-902.0,3342.0,6342.0,,0.5626,0.2114,14695.0,65341.0,69861.0,64327.0,43803.0,54172.0,2144.0,2.7086,1.52385836
110662,University of California-Los Angeles,Los Angeles,CA,Public,Bachelor,www.ucla.edu/,https://admission.ucla.edu/tuition-aid/net-cost-calculator,33475,0.0897,38614.0,15203.0,49403.0,12548.0,5579.0,6682.0,9811.0,14142.0,29682.0,0.9264,0.853,14000.0,41763.0,77677.0,77498.0,59063.0,82511.0,50192.0,1.6439073956008925,1.5229158112846668
116439,Irvine Valley College,Irvine,CA,Public,Associate,https://www.ivc.edu/,https://misweb.cccco.edu/npc/892/npcalc.htm,10286,,13001.0,1156.0,11860.0,2090.0,734.0,785.0,3941.0,7906.0,9432.0,0.6081,0.1882,6500.0,29612.0,55055.0,49015.0,35124.0,49156.0,8360.0,2.4578,1.49458818
113333,De Anza College,Cupertino,CA,Public,Associate,https://www.deanza.edu/,https://misweb.cccco.edu/npc/421/npcalc.htm,15264,,14975.0,1571.0,12596.0,6642.0,5887.0,4834.0,7798.0,11094.0,11825.0,0.6981,0.2009,5625.0,27412.0,60322.0,76818.0,43179.0,56596.0,26568.0,2.130231857874134,1.4871148599819333
170976,University of Michigan-Ann Arbor,Ann Arbor,MI,Public,Bachelor,https://umich.edu/,https://npc.collegeboard.org/app/umich,34177,0.1564,34654.0,17736.0,60946.0,13138.0,1043.0,1878.0,4895.0,10869.0,26517.0,0.9321,0.8168,19500.0,64597.0,96159.0,84656.0,73762.0,83648.0,52552.0,1.591718678642107,1.4836409803623078
110680,University of California-San Diego,La Jolla,CA,Public,Bachelor,www.ucsd.edu/,fas.ucsd.edu/forms-and-resources/financial-aid-estimator/index.html,34948,0.2671,38701.0,16758.0,50958.0,12470.0,7525.0,8155.0,9942.0,15199.0,28785.0,0.8677,0.7365,15500.0,44612.0,83130.0,84593.0,65669.0,84943.0,49880.0,1.7029470729751404,1.4776471752205294
144050,University of Chicago,Chicago,IL,Private nonprofit,Bachelor,www.uchicago.edu/,https://financialaid.uchicago.edu/undergraduate/resources-and-tools/net-price-calculator/,7569,0.0448,90360.0,70662.0,70662.0,14860.0,-1264.0,914.0,226.0,12602.0,48524.0,0.9539,0.8722,15000.0,77119.0,127757.0,103328.0,80870.0,91885.0,59440.0,1.5458445491251682,1.474581115410498
190637,CUNY Lehman College,Bronx,NY,Public,Bachelor,www.lehman.edu/,https://npc.cuny.edu/npc/public/fin_aid/financial_aid_estimator/FinAidEstimator.jsp,10696,0.5658,14121.0,7410.0,15360.0,3148.0,1589.0,2374.0,6834.0,9696.0,13600.0,0.5034,0.3152,10950.0,45331.0,63353.0,63847.0,51067.0,58013.0,12592.0,2.90065,1.46018721
110495,California State University-Stanislaus,Turlock,CA,Public,Bachelor,https://www.csustan.edu/,https://finaid.csustan.edu/netpricecalculator/,8385,0.9814,19739.0,8246.0,20846.0,6067.0,3938.0,4467.0,5947.0,9230.0,16810.0,0.5561,0.2533,13540.0,38193.0,58952.0,60851.0,47793.0,63188.0,24268.0,2.6037580352727874,1.4479498434151972
125499,West Valley College,Saratoga,CA,Public,Associate,www.westvalley.edu/,https://misweb.cccco.edu/npc/493/npcalc-1617.htm,6416,,13717.0,0.0,8702.0,3423.0,1658.0,2226.0,5974.0,8651.0,9893.0,0.5575,0.1685,,28508.0,51402.0,57150.0,41764.0,51688.0,13692.0,2.5844,1.440803
199120,University of North Carolina at Chapel Hill,Chapel Hill,NC,Public,Bachelor,https://www.unc.edu/,https://studentaid.unc.edu/net-price-calculator/,20752,0.1534,26055.0,8994.0,41203.0,11655.0,2004.0,3918.0,8538.0,16415.0,24396.0,0.9162,0.836,14000.0,51058.0,81033.0,72161.0,57057.0,72200.0,46620.0,1.5486915486915487,1.418911196911197
161004,Bowdoin College,Brunswick,ME,Private nonprofit,Bachelor,https://www.bowdoin.edu/,https://bowdoin.studentaidcalculator.com/survey.aspx,1873,0.0713,85100.0,67832.0,67832.0,14398.0,3145.0,2800.0,9007.0,13801.0,35196.0,0.9544,0.7244,18500.0,50632.0,79722.0,79736.0,61692.0,82735.0,57592.0,1.4365710515349355,1.3710634115849425
221999,Vanderbilt University,Nashville,TN,Private nonprofit,Bachelor,www.vanderbilt.edu/,https://www.vanderbilt.edu/financialaid/net-price-calculator.php,7208,0.0586,89590.0,67498.0,67498.0,15846.0,3414.0,1876.0,4498.0,12153.0,45145.0,0.9311,0.872,14000.0,68884.0,101204.0,90815.0,73909.0,91565.0,63384.0,1.444607471917203,1.3450740171021078
166027,Harvard University,Cambridge,MA,Private nonprofit,Bachelor,www.harvard.edu/,college.harvard.edu/financial-aid/net-price-calculator,7601,0.0365,85540.0,61676.0,61676.0,19066.0,8697.0,2991.0,2091.0,9941.0,53337.0,0.9745,0.5566,14000.0,92518.0,134794.0,124581.0,99572.0,101817.0,76264.0,1.3350597923004301,1.3010157675967693
110486,California State University-Bakersfield,Bakersfield,CA,Public,Bachelor,www.csub.edu/,https://www2.calstate.edu/attend/paying-for-college/Pages/csu-costs.aspx,8577,0.9385,19522.0,8090.0,20690.0,5652.0,3536.0,3817.0,5835.0,9480.0,16069.0,0.4956,0.2947,16600.0,38105.0,59109.0,61597.0,44282.0,59009.0,22608.0,2.6100937721160653,1.2935624734607218
118930,Mission College,Santa Clara,CA,Public,Associate,www.missioncollege.edu/,https://misweb.cccco.edu/npc/492/npcalc.htm,5784,,13744.0,1438.0,12500.0,5080.0,3463.0,4927.0,6463.0,9974.0,,0.5151,0.1567,,39499.0,55281.0,67384.0,44004.0,50936.0,20320.0,2.5066929133858267,1.2911975196850394
122205,Saddleback College,Mission Viejo,CA,Public,Associate,https://www.saddleback.edu/,https://misweb.cccco.edu/npc/891/npcalc.htm,17684,,13939.0,1156.0,11860.0,4152.0,2596.0,2657.0,6349.0,9463.0,10603.0,0.5041,0.176,9500.0,31115.0,46604.0,54295.0,36605.0,50874.0,16608.0,2.5437,1.2822791699999998
190372,The Cooper Union for the Advancement of Science and Art,New York,NY,Private nonprofit,Bachelor,https://www.cooper.edu/,https://cooper.edu/admissions/afford,842,0.2071,64190.0,46820.0,46820.0,13269.0,3749.0,6904.0,10457.0,16682.0,25870.0,0.8074,0.5207,15000.0,30990.0,75729.0,60971.0,39707.0,83847.0,53076.0,1.5797535609314945,1.2754930250960888
366401,Las Positas College,Livermore,CA,Public,Associate,www.laspositascollege.edu/,https://misweb.cccco.edu/npc/481/npcalc.htm,7299,,15138.0,1168.0,9808.0,5377.0,3020.0,4332.0,6674.0,9975.0,4692.0,0.5363,0.1431,,23875.0,52625.0,53212.0,42229.0,51088.0,21508.0,2.375302213129998,1.273874576901618
227368,The University of Texas Rio Grande Valley,Edinburg,TX,Public,Bachelor,www.utrgv.edu/,www.collegeforalltexans.com/apps/CollegeMoney/,28666,0.9419,16830.0,9987.0,19827.0,4831.0,3785.0,3877.0,5665.0,7972.0,13782.0,0.5009,0.3147,12950.0,34758.0,53888.0,53360.0,35812.0,49620.0,19324.0,2.481,1.2427329
110653,University of California-Irvine,Irvine,CA,Public,Bachelor,www.uci.edu/,www.ofas.uci.edu/content/Calculator.aspx,30197,0.2857,38632.0,15722.0,49922.0,14251.0,8123.0,9313.0,11642.0,15164.0,30546.0,0.8638,0.7344,15000.0,40474.0,74438.0,72659.0,56210.0,80735.0,57004.0,1.4163041190091923,1.2234034980001403
110556,California State University-Fresno,Fresno,CA,Public,Bachelor,www.fresnostate.edu/,https://studentaffairs.fresnostate.edu/financialaid/netprice/index.html,21605,0.9526,20095.0,7350.0,19950.0,7000.0,5105.0,5429.0,7196.0,10291.0,16899.0,0.5592,0.278,14505.0,36356.0,59992.0,60400.0,44012.0,61244.0,28000.0,2.1872857142857143,1.2231301714285714
377564,University of Washington-Tacoma Campus,Tacoma,WA,Public,Bachelor,https://www.tacoma.uw.edu/,https://www.tacoma.uw.edu/finaid/calculator,4185,0.8252,25346.0,13168.0,43404.0,10163.0,4458.0,6135.0,6748.0,11449.0,22183.0,0.6277,0.4976,14615.0,53990.0,82515.0,78604.0,62979.0,78466.0,40652.0,1.930187936632884,1.2115789678244613
441982,Franklin W Olin College of Engineering,Needham,MA,Private nonprofit,Bachelor,www.olin.edu/,https://npc.collegeboard.org/student/app/olin,377,0.252,86474.0,66398.0,66398.0,25171.0,,3100.0,9528.0,12271.0,27096.0,0.9422,0.6386,19500.0,96529.0,126895.0,112565.0,105483.0,129455.0,100684.0,1.2857554328393785,1.2114387688212624
133951,Florida International University,Miami,FL,Public,Bachelor,www.fiu.edu/,tcc.ruffalonl.com/Florida International University/Freshman-Students,39508,0.5466,21462.0,6565.0,18964.0,9288.0,7003.0,7873.0,10925.0,14568.0,18200.0,0.7416,0.5916,16500.0,40919.0,62192.0,59979.0,47768.0,60249.0,37152.0,1.6216892764857882,1.2026447674418606
145637,University of Illinois Urbana-Champaign,Champaign,IL,Public,Bachelor,www.illinois.edu/,secure.osfa.illinois.edu/NPC/NPC.asp,36258,0.4237,33642.0,16004.0,35124.0,14355.0,2038.0,5373.0,7982.0,15152.0,28761.0,0.8501,0.7321,19500.0,53513.0,79628.0,78662.0,64802.0,81054.0,57420.0,1.4115987460815047,1.200000094043887
111461,College of the Canyons,Santa Clarita,CA,Public,Associate,www.canyons.edu/,https://www.canyons.edu/studentservices/financialaid/about/netcalc.php,15832,,11360.0,1166.0,10958.0,3702.0,2522.0,3075.0,4980.0,7406.0,9240.0,0.4894,0.1671,9612.0,35362.0,64248.0,50713.0,37697.0,49022.0,14808.0,2.4511,1.19956834
122384,San Diego Miramar College,San Diego,CA,Public,Associate,www.sdmiramar.edu/,https://misweb.cccco.edu/npc/073/npcalc.htm,11271,,17126.0,1146.0,10002.0,3337.0,1358.0,1662.0,6284.0,10379.0,11600.0,0.4937,0.1435,6750.0,40036.0,53936.0,51782.0,40327.0,48224.0,13348.0,2.4112,1.19040944
110608,California State University-Northridge,Northridge,CA,Public,Bachelor,https://www.csun.edu/,https://www.csun.edu/financialaid/net-price-calculator,32691,0.9345,20485.0,7458.0,20058.0,7021.0,4905.0,5450.0,7744.0,11262.0,18040.0,0.5655,0.2781,13872.0,36905.0,59664.0,60117.0,44372.0,59115.0,28084.0,2.1049351944167496,1.190340852442672
168342,Williams College,Williamstown,MA,Private nonprofit,Bachelor,https://www.williams.edu/,https://npc.collegeboard.org/app/williams,2076,0.0825,84860.0,68560.0,68560.0,17716.0,-2610.0,-1727.0,-1978.0,3030.0,49594.0,0.9509,0.7124,12761.0,47778.0,80487.0,77321.0,71754.0,88665.0,70864.0,1.2511994806954165,1.1897655861932714
187912,New Mexico Military Institute,Roswell,NM,Public,Associate,https://www.nmmi.edu/,https://www.nmmi.edu/net-price-calculator/,331,0.526,19121.0,7190.0,14156.0,4571.0,2772.0,4062.0,5935.0,4210.0,10106.0,0.4138,0.3968,5500.0,12981.0,54591.0,42880.0,43034.0,57410.0,18284.0,2.8705,1.1878129
446604,Uta Mesivta of Kiryas Joel,Monroe,NY,Private nonprofit,Bachelor,utam.edu/,utam.edu/NetPriceCalculator/npcalc.htm,2957,,21682.0,16000.0,16000.0,4156.0,3915.0,3898.0,4617.0,6690.0,4482.0,0.7403,0.0,,22607.0,27957.0,30419.0,27871.0,31853.0,16624.0,1.59265,1.1790387949999999
236948,University of Washington-Seattle Campus,Seattle,WA,Public,Bachelor,https://www.washington.edu/,https://www.washington.edu/financialaid/getting-started/net-price-calculator/,31942,0.3915,32446.0,12973.0,43209.0,14091.0,6384.0,7039.0,8110.0,14328.0,30019.0,0.8446,0.7376,14615.0,53990.0,82515.0,78604.0,62979.0,78466.0,56364.0,1.392129728195302,1.1757927684337521
163286,University of Maryland-College Park,College Park,MD,Public,Bachelor,www.umd.edu/,https://financialaid.umd.edu/resources-policies/net-price-calculator,30760,0.4479,29299.0,11809.0,41186.0,15678.0,2962.0,6051.0,10273.0,18250.0,26691.0,0.8861,0.7708,19000.0,56509.0,84365.0,80584.0,67785.0,82860.0,62712.0,1.321278224263299,1.1707846345197093
110644,University of California-Davis,Davis,CA,Public,Bachelor,ucdavis.edu/,myawards.ucdavis.edu/AidEstimator,32253,0.4183,41238.0,16774.0,50974.0,14741.0,9211.0,9966.0,11951.0,16294.0,31272.0,0.8538,0.7081,13000.0,41123.0,73086.0,75091.0,58461.0,80838.0,58964.0,1.370972118580829,1.170535994844312
110422,California Polytechnic State University-San Luis Obispo,San Luis Obispo,CA,Public,Bachelor,calpoly.edu/,https://www.calpoly.edu/financial-aid/costs-and-affordability/undergraduate-costs-of-attendance/undergraduate-net-price-calculator,21996,0.3132,32265.0,13596.0,34665.0,16665.0,7529.0,7253.0,9896.0,15786.0,27772.0,0.8574,0.6119,18500.0,62831.0,90662.0,89413.0,72358.0,90768.0,66660.0,1.3616561656165616,1.16748399639964
446774,Blue Ridge Community and Technical College,Martinsburg,WV,Public,Associate,https://www.blueridgectc.edu/,https://www.blueridgectc.edu/financial-aid/student-aid-calculator/,1661,,11522.0,4752.0,8808.0,4641.0,4201.0,4002.0,5911.0,6572.0,11522.0,0.5886,0.2727,13000.0,34268.0,45612.0,43410.0,35210.0,39293.0,18564.0,1.96465,1.15639299
204176,Mount Carmel College of Nursing,Columbus,OH,Private nonprofit,Bachelor,www.mccn.edu/,https://carmelink.mccn.edu/ICS/Admissions/Financial_Services.jnz,532,0.8429,21446.0,22080.0,22080.0,10420.0,6312.0,7184.0,14438.0,17556.0,16383.0,0.6412,0.4423,22082.0,71065.0,79807.0,73957.0,68161.0,75103.0,41680.0,1.8018953934740882,1.1553753262955853
226152,Texas A & M International University,Laredo,TX,Public,Bachelor,www.tamiu.edu/,www.collegeforalltexans.com/apps/CollegeMoney/,6667,0.4437,15558.0,7894.0,19454.0,3637.0,3097.0,2745.0,3840.0,4982.0,10697.0,0.476,0.2729,15000.0,32423.0,50288.0,51461.0,37327.0,48386.0,14548.0,2.4193,1.1515867999999998
134097,Florida State University,Tallahassee,FL,Public,Bachelor,https://www.fsu.edu/,https://financialaid.fsu.edu/cost,32212,0.2422,25720.0,5656.0,18786.0,11297.0,5938.0,6963.0,10496.0,14991.0,19239.0,0.8428,0.7402,18000.0,40895.0,66924.0,61121.0,49814.0,61675.0,45188.0,1.3648535009294502,1.1502985305833406
229832,Western Texas College,Snyder,TX,Public,Associate,www.wtc.edu/,https://my.wtc.edu/ICS/Financial_Aid/Default_Page.jnz?portlet=Net_Price_Calculator,599,,13335.0,3300.0,6150.0,3562.0,2703.0,2800.0,4439.0,9015.0,,0.5348,0.4851,7515.0,37135.0,47279.0,37380.0,35926.0,42508.0,14248.0,2.1254,1.1366639200000002
190150,Columbia University in the City of New York,New York,NY,Private nonprofit,Bachelor,www.columbia.edu/,cc-seas.financialaid.columbia.edu/estimate-cost,8973,0.0399,89472.0,71845.0,71845.0,21590.0,4570.0,2275.0,5866.0,11782.0,50621.0,0.9554,0.8095,21500.0,75228.0,115519.0,112647.0,88535.0,102491.0,86360.0,1.1867878647522,1.133857125984252
151333,Indiana University-Kokomo,Kokomo,IN,Public,Bachelor,https://kokomo.iu.edu/,https://iuia.iu.edu/compliance-reports/campus-net-price-calc/index.html,2352,0.8648,11837.0,8424.0,22811.0,3968.0,-583.0,-541.0,2375.0,9025.0,10593.0,0.452,0.3102,16961.0,43591.0,54618.0,54292.0,42134.0,49917.0,15872.0,2.49585,1.1281242
111434,Canada College,Redwood City,CA,Public,Associate,canadacollege.edu/,https://misweb.cccco.edu/npc/371/npcalc.htm,5175,,9087.0,1332.0,11384.0,32.0,-1545.0,-1384.0,2393.0,4004.0,,0.4493,0.0974,,85021.0,65945.0,60180.0,42044.0,50087.0,128.0,2.50435,1.125204455
405872,Carroll Community College,Westminster,MD,Public,Associate,https://www.carrollcc.edu/,https://webapps1.carrollcc.edu/extassets/NetPriceCalculator/NetPrice/npcalc.htm,1990,,8628.0,4308.0,10158.0,2725.0,1167.0,1999.0,2638.0,6853.0,8557.0,0.5048,0.2903,11750.0,41144.0,54507.0,53068.0,40447.0,44349.0,10900.0,2.21745,1.11936876
137351,University of South Florida,Tampa,FL,Public,Bachelor,www.usf.edu/,tup-ofa.forest.usf.edu/cost_calculator/,37207,0.4319,22859.0,6410.0,17324.0,9812.0,4122.0,5444.0,9326.0,15224.0,18497.0,0.7568,0.6537,17988.0,43017.0,62079.0,57660.0,48328.0,57743.0,39248.0,1.4712342030167143,1.1134300448430494
187967,New Mexico Institute of Mining and Technology,Socorro,NM,Public,Bachelor,https://www.nmt.edu/,https://www.nmt.edu/finaid/netprice/index.html,995,0.4449,24967.0,9476.0,27247.0,9873.0,5136.0,7640.0,10106.0,14753.0,13464.0,0.5675,0.3246,19085.0,60931.0,85232.0,83712.0,54530.0,76489.0,39492.0,1.9368226476248354,1.099146852527094
162928,Johns Hopkins University,Baltimore,MD,Private nonprofit,Bachelor,www.jhu.edu/,https://npc.collegeboard.org/student/app/jhu,5693,0.0644,85947.0,65230.0,65230.0,18809.0,428.0,-213.0,4179.0,14591.0,37774.0,0.9421,0.8707,10250.0,89069.0,117419.0,107088.0,86306.0,87555.0,75236.0,1.1637381040991015,1.0963576678717635
139959,University of Georgia,Athens,GA,Public,Bachelor,www.uga.edu/,https://osfa.uga.edu/sites/default/files/npcalc.htm,32137,0.377,27993.0,11450.0,31688.0,13936.0,8085.0,8686.0,13096.0,16942.0,18079.0,0.8886,0.7547,18500.0,48074.0,74144.0,66487.0,57565.0,68726.0,55744.0,1.2328860505166475,1.095542544489093
132903,University of Central Florida,Orlando,FL,Public,Bachelor,https://www.ucf.edu/,https://finaid.ucf.edu/net-price-calculator/,59146,0.4011,23133.0,6368.0,22467.0,10411.0,5816.0,7174.0,10128.0,14902.0,17681.0,0.7662,0.5478,18190.0,41960.0,61355.0,58196.0,47137.0,58308.0,41644.0,1.4001536836038806,1.0727977523772934
262129,New College of Florida,Sarasota,FL,Public,Bachelor,www.ncf.edu/,www.ncf.edu/admissions/tuition-fee-info/price-calculator/,843,0.732,24449.0,6916.0,29944.0,7195.0,3591.0,3582.0,4880.0,10204.0,13586.0,0.6419,0.5833,17375.0,26923.0,43848.0,42516.0,32611.0,48082.0,28780.0,1.6706740792216817,1.0724056914523974
198385,Davidson College,Davidson,NC,Private nonprofit,Bachelor,https://davidson.edu/,https://davidson.studentaidcalculator.com/survey.aspx,1867,0.1337,79475.0,64410.0,64410.0,17379.0,9497.0,5354.0,6759.0,18616.0,42346.0,0.9148,0.8563,18688.0,41411.0,72718.0,64801.0,62866.0,81400.0,69516.0,1.1709534495655676,1.0711882156625812
110583,California State University-Long Beach,Long Beach,CA,Public,Bachelor,www.csulb.edu/,https://www2.calstate.edu/attend/paying-for-college/Pages/csu-costs.aspx,35924,0.4627,22679.0,7350.0,19950.0,10440.0,7183.0,7831.0,9705.0,12630.0,19750.0,0.6933,0.3798,14289.0,38082.0,63140.0,62005.0,50062.0,64403.0,41760.0,1.5422174329501916,1.069219346264368
178697,College of the Ozarks,Point Lookout,MO,Private nonprofit,Bachelor,www.cofo.edu/,www.cofo.edu/NPC,1444,0.1199,33734.0,22320.0,22320.0,6100.0,6381.0,6140.0,5022.0,6409.0,10426.0,0.6241,0.4873,,35171.0,44258.0,40407.0,36507.0,41592.0,24400.0,1.7045901639344263,1.0638347213114754
377555,University of Washington-Bothell Campus,Bothell,WA,Public,Bachelor,https://www.uwb.edu/,https://www.washington.edu/financialaid/getting-started/net-price-calculator/,5457,0.906,26908.0,12919.0,43155.0,12319.0,5573.0,6350.0,8415.0,15215.0,25993.0,0.668,0.4866,14615.0,53990.0,82515.0,78604.0,62979.0,78466.0,49276.0,1.5923776280542252,1.0637082555402224
156295,Berea College,Berea,KY,Private nonprofit,Bachelor,https://www.berea.edu/,https://berea.studentaidcalculator.com/survey.aspx,1513,0.1934,60718.0,51658.0,51658.0,6106.0,5428.0,4598.0,8132.0,7570.0,13700.0,0.6012,0.3562,3591.0,26841.0,42924.0,42088.0,35676.0,43150.0,24424.0,1.7667048804454635,1.0621429741238126
110529,California State Polytechnic University-Pomona,Pomona,CA,Public,Bachelor,www.cpp.edu/,https://www.cpp.edu/financial-aid/resources/net-price-calculator.shtml,25042,0.7517,23955.0,7780.0,20380.0,11531.0,7851.0,8433.0,10734.0,13894.0,20716.0,0.676,0.3366,16000.0,43850.0,71138.0,70795.0,54466.0,71902.0,46124.0,1.5588847454687365,1.0538060879368658
115126,Golden West College,Huntington Beach,CA,Public,Associate,https://www.goldenwestcollege.edu/,https://misweb.cccco.edu/npc/832/npcalc.htm,9034,,14618.0,1380.0,11628.0,4824.0,3417.0,4126.0,7481.0,10405.0,,0.4879,0.183,7179.0,31054.0,54736.0,45128.0,34462.0,43145.0,19296.0,2.15725,1.0525222749999998
161086,Colby College,Waterville,ME,Private nonprofit,Bachelor,www.colby.edu/,https://npc.collegeboard.org/app/colby,2407,0.0709,85420.0,69600.0,69600.0,17180.0,4049.0,1251.0,3666.0,12106.0,46511.0,0.8949,0.7534,19157.0,43563.0,77429.0,70828.0,60052.0,80490.0,68720.0,1.1712747380675204,1.048173763096624
175573,Copiah-Lincoln Community College,Wesson,MS,Public,Associate,www.colin.edu/,www.colin.edu/NetPriceCalculator/,1922,,12490.0,4000.0,5000.0,3894.0,3165.0,3289.0,5624.0,8123.0,11501.0,0.6637,0.3351,7435.0,29827.0,36902.0,35477.0,28001.0,31241.0,15576.0,1.56205,1.036732585
121044,Pasadena City College,Pasadena,CA,Public,Associate,pasadena.edu/,https://misweb.cccco.edu/npc/771/npcalc.htm,21466,,13677.0,1180.0,9820.0,3864.0,3051.0,2631.0,6003.0,9136.0,11261.0,0.4703,0.1323,6651.0,27351.0,48980.0,48757.0,32759.0,43937.0,15456.0,2.19685,1.0331785549999999
243780,Purdue University-Main Campus,West Lafayette,IN,Public,Bachelor,https://www.purdue.edu/,https://www.purdue.edu/dfa/cost/calculator,44503,0.4987,24591.0,9992.0,28794.0,14600.0,5098.0,6241.0,9438.0,18177.0,22742.0,0.831,0.6511,19500.0,61124.0,81751.0,75853.0,60838.0,72424.0,58400.0,1.2401369863013698,1.0305538356164383
133669,Florida Atlantic University,Boca Raton,FL,Public,Bachelor,www.fau.edu/,www.fau.edu/finaid/other/cost-of-attendance/,23757,0.6613,21522.0,4879.0,17324.0,8752.0,3022.0,4135.0,8106.0,14440.0,16854.0,0.6339,0.4963,17236.0,41482.0,59690.0,56588.0,45647.0,56746.0,35008.0,1.6209437842778793,1.0275162648537477
130794,Yale University,New Haven,CT,Private nonprofit,Bachelor,https://www.yale.edu/,https://admissions.yale.edu/estimate-your-cost,6758,0.0387,88300.0,67250.0,67250.0,23777.0,17633.0,15626.0,17943.0,12558.0,45951.0,0.9603,0.5751,12975.0,64379.0,112971.0,93562.0,81765.0,100533.0,95108.0,1.0570404172099088,1.0150759126466755
181312,Mid-Plains Community College,North Platte,NE,Public,Associate,www.mpcc.edu/,www.mpcc.edu/cost-and-aid/net_price_calculator/index.html,937,,13197.0,3600.0,4530.0,5235.0,4853.0,3390.0,4329.0,6934.0,10031.0,0.5207,0.479,9995.0,37670.0,47858.0,43885.0,34852.0,40059.0,20940.0,1.9130372492836676,0.9961184957020058
230038,Brigham Young University,Provo,UT,Private nonprofit,Bachelor,https://byu.edu/,https://enrollment.byu.edu/financialaid/net-price-calculator,32952,0.6778,22690.0,6688.0,6688.0,15564.0,10444.0,10112.0,13062.0,16378.0,20542.0,0.8157,0.2734,11069.0,50157.0,77018.0,74621.0,58450.0,75790.0,62256.0,1.2173927011051144,0.9930272262914418
110705,University of California-Santa Barbara,Santa Barbara,CA,Public,Bachelor,www.ucsb.edu/,finaid.ucsb.edu/net-price-calculator,23113,0.3297,41573.0,16414.0,50614.0,16109.0,9231.0,9992.0,12588.0,17136.0,31863.0,0.8425,0.7,13993.0,38259.0,70323.0,71288.0,56852.0,74915.0,64436.0,1.1626264820907568,0.9795128111614626
110617,California State University-Sacramento,Sacramento,CA,Public,Bachelor,https://www.csus.edu/,https://www2.calstate.edu/attend/paying-for-college/Pages/csu-costs.aspx,28350,0.9399,22945.0,8018.0,20618.0,9338.0,6501.0,7001.0,9212.0,11814.0,18861.0,0.5606,0.2809,15000.0,42434.0,64511.0,64495.0,51074.0,64876.0,37352.0,1.73688155922039,0.9736958020989506
175810,Holmes Community College,Goodman,MS,Public,Associate,www.holmescc.edu/,https://holmescc.studentaidcalculator.com/survey.aspx,3958,,12875.0,3710.0,6610.0,5643.0,5618.0,5679.0,8403.0,,8030.0,0.6607,0.3904,9274.0,31942.0,39984.0,37638.0,28661.0,32922.0,22572.0,1.4585326953748006,0.9636525518341307
460464,Norco College,Norco,CA,Public,Associate,www.norcocollege.edu/,https://misweb.cccco.edu/npc/963/npcalc.htm,8779,,14075.0,1428.0,12498.0,5169.0,3600.0,4614.0,6577.0,9984.0,10617.0,0.3891,0.1266,,22091.0,42707.0,43887.0,34493.0,51206.0,20676.0,2.4765912168698008,0.9636416424840395
234076,University of Virginia-Main Campus,Charlottesville,VA,Public,Bachelor,https://www.virginia.edu/,https://npc.collegeboard.org/student/app/virginia,17597,0.1681,39926.0,21803.0,59512.0,21565.0,8174.0,9696.0,13283.0,20822.0,35402.0,0.9545,0.9229,17500.0,64471.0,91448.0,85639.0,72359.0,86863.0,86260.0,1.0069904938557848,0.9611724263853466
122755,San Jose State University,San Jose,CA,Public,Bachelor,www.sjsu.edu/,https://www.sjsu.edu/faso/docs/net-price-calculator.html,27601,0.8461,26593.0,8410.0,21010.0,13760.0,9730.0,10114.0,12099.0,15102.0,22862.0,0.6676,0.3701,15000.0,58993.0,89614.0,80832.0,62448.0,78988.0,55040.0,1.4351017441860465,0.9580739244186046
145600,University of Illinois Chicago,Chicago,IL,Public,Bachelor,www.uic.edu/,https://discover.uic.edu/#calculator,22170,0.7735,27521.0,14338.0,29884.0,10974.0,7529.0,8119.0,10921.0,16185.0,25047.0,0.6097,0.4169,16704.0,47662.0,72839.0,71439.0,53218.0,68740.0,43896.0,1.5659741206488063,0.9547744213595772
436818,University of Connecticut-Waterbury Campus,Waterbury,CT,Public,Bachelor,https://waterbury.uconn.edu/,https://financialaid.uconn.edu/pricecalc/,733,0.8666,22933.0,18140.0,40808.0,10875.0,5604.0,5463.0,11490.0,15621.0,20538.0,0.5608,0.3633,21500.0,53816.0,78925.0,76632.0,63322.0,73997.0,43500.0,1.701080459770115,0.9539659218390805
136172,University of North Florida,Jacksonville,FL,Public,Bachelor,https://www.unf.edu/,https://www.unf.edu/financialaid/calculator.html,13359,0.5324,20983.0,6389.0,20793.0,10154.0,6647.0,6866.0,10000.0,13842.0,17730.0,0.6871,0.5054,15531.0,44241.0,59418.0,55626.0,46546.0,56343.0,40616.0,1.387211936182785,0.9531533213511917
161192,Kennebec Valley Community College,Fairfield,ME,Public,Associate,www.kvcc.me.edu/,https://my.kvcc.me.edu/ICS/Finances/Finances_Homepage.jnz?portlet=Net_Price_Calculator,1597,,12149.0,4156.0,7036.0,3910.0,3361.0,3863.0,4146.0,6145.0,9291.0,0.5284,0.2761,13255.0,42578.0,52079.0,48990.0,44404.0,36035.0,15640.0,1.80175,0.9520447
240444,University of Wisconsin-Madison,Madison,WI,Public,Bachelor,www.wisc.edu/,https://financialaid.wisc.edu/net-price-calculator/,36902,0.452,28679.0,11603.0,42103.0,17354.0,4200.0,4101.0,8134.0,17763.0,27292.0,0.8944,0.7516,20484.0,53379.0,78974.0,73645.0,61275.0,73792.0,69416.0,1.0630402212746342,0.9507831739080328
171128,Michigan Technological University,Houghton,MI,Public,Bachelor,https://www.mtu.edu/,https://www.mtu.edu/admissions/financial/calculator/,5955,0.9243,34152.0,19123.0,42988.0,14182.0,2045.0,3373.0,6187.0,12813.0,23107.0,0.684,0.3733,24990.0,68856.0,84560.0,85800.0,69672.0,78198.0,56728.0,1.378472711888309,0.9428753349316035
234207,Washington and Lee University,Lexington,VA,Private nonprofit,Bachelor,www.wlu.edu/,https://www.wlu.edu/admissions/financial-aid/estimate-your-aid/net-price-calculator,1881,0.1397,87000.0,68045.0,68045.0,23781.0,-1777.0,75.0,4497.0,8162.0,40646.0,0.9439,0.8945,19500.0,60434.0,100514.0,94782.0,76516.0,94810.0,95124.0,0.9966990454564568,0.9407842290063495
121345,Pomona College,Claremont,CA,Private nonprofit,Bachelor,www.pomona.edu/,https://npc.collegeboard.org/student/app/pomona,1666,0.0709,85300.0,65420.0,65420.0,19285.0,4841.0,7026.0,17054.0,15719.0,37842.0,0.932,0.6092,11782.0,41100.0,77544.0,73623.0,60850.0,77779.0,77140.0,1.0082836401348199,0.9397203526056521
215062,University of Pennsylvania,Philadelphia,PA,Private nonprofit,Bachelor,www.upenn.edu/,https://npc.collegeboard.org/student/app/upenn,10650,0.054,89028.0,68686.0,68686.0,28699.0,-3012.0,316.0,10439.0,25476.0,55972.0,0.9668,0.8646,15715.0,86069.0,124586.0,115598.0,90555.0,111371.0,114796.0,0.9701644656608244,0.937955005400885
183071,University of New Hampshire at Manchester,Manchester,NH,Public,Bachelor,https://manchester.unh.edu/,https://app.meadowfi.com/unh,443,0.8087,20020.0,15838.0,36418.0,9992.0,3181.0,7034.0,5018.0,7270.0,16386.0,0.5613,0.5147,26814.0,48645.0,71253.0,66239.0,53671.0,66479.0,39968.0,1.6633056445156125,0.9336134582666133
179867,Washington University in St Louis,St. Louis,MO,Private nonprofit,Bachelor,https://washu.edu/,https://npc.collegeboard.org/app/washustl/,7857,0.1206,88488.0,65790.0,65790.0,21786.0,1716.0,1928.0,5578.0,12603.0,42170.0,0.9435,0.8514,17500.0,57622.0,95899.0,94543.0,78073.0,86182.0,87144.0,0.9889608005140916,0.9330845152850454
185828,New Jersey Institute of Technology,Newark,NJ,Public,Bachelor,https://www.njit.edu/,https://njit.studentaidcalculator.com/survey.aspx,9019,0.6507,32859.0,19974.0,37664.0,16504.0,10138.0,11165.0,15958.0,23152.0,27244.0,0.7292,0.4878,21000.0,67467.0,91874.0,89013.0,69591.0,84276.0,66016.0,1.2765996122152206,0.9308964372273387
445188,University of California-Merced,Merced,CA,Public,Bachelor,ucmerced.edu/,finaidcalc.ucmerced.edu/,8372,0.9053,39665.0,15623.0,49823.0,11983.0,7945.0,8465.0,11557.0,14828.0,28734.0,0.6894,0.5052,16144.0,39692.0,65410.0,62884.0,48475.0,64368.0,47932.0,1.3429024451306018,0.9257969456730368
171571,Oakland University,Rochester Hills,MI,Public,Bachelor,www.oakland.edu/,www.oakland.edu/npc,12351,0.8784,25182.0,15262.0,23188.0,9120.0,4422.0,4560.0,6711.0,11874.0,19217.0,0.5727,0.3485,22750.0,50659.0,68708.0,61905.0,49017.0,58612.0,36480.0,1.606688596491228,0.9201505592105264
110671,University of California-Riverside,Riverside,CA,Public,Bachelor,www.ucr.edu/,netpricecalculator.ucr.edu/,22593,0.7639,38942.0,15606.0,49806.0,14304.0,8852.0,9840.0,13111.0,16571.0,30393.0,0.7626,0.6517,17500.0,33932.0,64926.0,63411.0,48593.0,67699.0,57216.0,1.18321798098434,0.9023220322986576
171137,University of Michigan-Dearborn,Dearborn,MI,Public,Bachelor,https://umdearborn.edu/,https://umdearborn.edu/students/financial-aid/calculators/net-price-calculator,5952,0.5561,24040.0,15640.0,32896.0,9492.0,7211.0,6284.0,7997.0,13630.0,17529.0,0.5726,0.3258,22500.0,56918.0,77294.0,68752.0,50389.0,59649.0,37968.0,1.5710335018963337,0.8995737831858407
174251,University of Minnesota-Morris,Morris,MN,Public,Bachelor,https://morris.umn.edu/,https://morris.umn.edu/costs-financial-aid/cost-attendance/net-price-calculator,936,0.7493,27039.0,14526.0,16710.0,8837.0,1694.0,4126.0,3213.0,9445.0,16262.0,0.6222,0.5027,18995.0,38659.0,51631.0,55868.0,43163.0,50919.0,35348.0,1.440505827769605,0.8962827260382482
152080,University of Notre Dame,Notre Dame,IN,Private nonprofit,Bachelor,www.nd.edu/,financialaid.nd.edu/,8818,0.1127,83271.0,65025.0,65025.0,26780.0,7244.0,7254.0,11432.0,18670.0,45321.0,0.96,0.8923,19000.0,70362.0,100684.0,94900.0,86210.0,99980.0,107120.0,0.9333457804331591,0.8960119492158327
115409,Harvey Mudd College,Claremont,CA,Private nonprofit,Bachelor,https://www.hmc.edu/,https://npc.collegeboard.org/student/app/hmc,921,0.1266,90165.0,68613.0,68613.0,35924.0,27979.0,23883.0,17968.0,25468.0,50665.0,0.9279,0.8077,25000.0,107923.0,137100.0,154095.0,115107.0,138687.0,143696.0,0.9651416880080169,0.8955549723026388
110574,California State University-East Bay,Hayward,CA,Public,Bachelor,https://www.csueastbay.edu/,https://www.csueastbay.edu/financialaid/files/images/net-price-calculator/npcalc.htm,9809,0.9739,22850.0,7583.0,20183.0,9320.0,6360.0,7031.0,8990.0,12015.0,19397.0,0.4674,0.2161,16544.0,47959.0,72596.0,73481.0,55546.0,71401.0,37280.0,1.9152628755364807,0.8951938680257511
234085,Virginia Military Institute,Lexington,VA,Public,Bachelor,www.vmi.edu/,npc.collegeboard.org/student/app/vmi,1527,0.7125,34824.0,21046.0,52638.0,17113.0,12697.0,9246.0,12162.0,13385.0,23434.0,0.7891,0.6806,22996.0,45409.0,75027.0,79378.0,63545.0,77369.0,68452.0,1.1302664640916262,0.8918932668147023
190691,CUNY York College,Jamaica,NY,Public,Bachelor,www.york.cuny.edu/,https://npc.cuny.edu/npc/public/fin_aid/financial_aid_estimator/FinAidEstimator.jsp,4345,0.641,14330.0,7358.0,15308.0,4456.0,2861.0,4161.0,7426.0,9383.0,12520.0,0.3127,0.1491,11000.0,42583.0,61389.0,60074.0,46148.0,56945.0,17824.0,2.84725,0.8903350749999999
217156,Brown University,Providence,RI,Private nonprofit,Bachelor,www.brown.edu/,https://npc.collegeboard.org/app/brown,7226,0.0539,87648.0,71412.0,71412.0,25184.0,-420.0,2031.0,5858.0,16219.0,44937.0,0.957,0.7711,11428.0,59042.0,94678.0,84446.0,79131.0,93487.0,100736.0,0.9280396283354511,0.8881339243170266
196042,Farmingdale State College,Farmingdale,NY,Public,Bachelor,www.farmingdale.edu/,www.suny.edu/howmuch/netpricecalculator.xhtml,9552,0.6329,18966.0,8626.0,18536.0,10867.0,4933.0,6985.0,11834.0,14893.0,17919.0,0.5488,0.4171,14718.0,42972.0,65444.0,66973.0,55901.0,69781.0,43468.0,1.6053418606791203,0.8810116131407012
174066,University of Minnesota-Twin Cities,Minneapolis,MN,Public,Bachelor,https://twin-cities.umn.edu/,https://admissions.tc.umn.edu/cost-aid/cost-aid-scholarships/net-price-calculator,31855,0.7975,30061.0,17214.0,38362.0,16778.0,6642.0,7283.0,9931.0,16415.0,27008.0,0.8504,0.7512,19500.0,47373.0,71941.0,68455.0,57984.0,69020.0,67112.0,1.028430087018715,0.8745769460007153
231624,William & Mary,Williamsburg,VA,Public,Bachelor,https://www.wm.edu/,https://npc.collegeboard.org/app/wm,7055,0.3407,43035.0,25914.0,51038.0,19096.0,3106.0,881.0,5916.0,16803.0,34370.0,0.9021,0.8443,18500.0,49873.0,80445.0,71273.0,62959.0,73490.0,76384.0,0.9621124842899036,0.867921672077922
190415,Cornell University,Ithaca,NY,Private nonprofit,Bachelor,www.cornell.edu/,https://npc.collegeboard.org/app/cornell,15995,0.0876,88140.0,69314.0,69314.0,28690.0,1776.0,4070.0,6796.0,14311.0,49992.0,0.9526,0.8692,14000.0,70710.0,113372.0,104057.0,87830.0,104043.0,114760.0,0.9066138027187173,0.8636403084698501
490805,Purdue University Northwest,Hammond,IN,Public,Bachelor,www.pnw.edu/,https://www.pnw.edu/financial-aid/cost/net-price-calculator/,5671,0.7236,15571.0,8675.0,16094.0,6079.0,1432.0,2428.0,7026.0,12452.0,13645.0,0.4345,0.2569,21229.0,58694.0,73337.0,64593.0,48439.0,48318.0,24316.0,1.9870866918901136,0.8633891676262543
112260,Claremont McKenna College,Claremont,CA,Private nonprofit,Bachelor,www.cmc.edu/,https://npc.collegeboard.org/student/app/claremontmckenna,1388,0.0959,86500.0,67980.0,67980.0,28849.0,15308.0,7360.0,16389.0,19325.0,52295.0,0.9334,0.7531,13500.0,68541.0,110798.0,108186.0,87603.0,104736.0,115396.0,0.907622447918472,0.8471747928871017
199193,North Carolina State University at Raleigh,Raleigh,NC,Public,Bachelor,www.ncsu.edu/,https://npc.collegeboard.org/app/ncsu,27371,0.4174,26425.0,8799.0,32847.0,17303.0,6382.0,8758.0,13334.0,20087.0,24652.0,0.847,0.6765,20121.0,50866.0,75943.0,71503.0,57623.0,68758.0,69212.0,0.993440443853667,0.8414440559440559
211440,Carnegie Mellon University,Pittsburgh,PA,Private nonprofit,Bachelor,www.cmu.edu/,admission.enrollment.cmu.edu/pages/financial-aid-estimator,7304,0.1166,83654.0,66246.0,66246.0,31944.0,9097.0,6994.0,14468.0,24865.0,51480.0,0.933,0.8143,21750.0,88268.0,132971.0,121367.0,105360.0,114862.0,127776.0,0.8989325068870524,0.8387040289256199
115393,Hartnell College,Salinas,CA,Public,Associate,www.hartnell.edu/,https://misweb.cccco.edu/npc/451/npcalc.htm,9453,,11892.0,1404.0,10374.0,2039.0,828.0,465.0,3124.0,6856.0,9885.0,0.3775,0.1099,,30515.0,51928.0,43536.0,36065.0,44316.0,8156.0,2.2158,0.8364645
245625,Warren County Community College,Washington,NJ,Public,Associate,www.warren.edu/,www.warren.edu/uploads/NetPriceCalculator/index.html,836,,13314.0,5460.0,6360.0,5726.0,3962.0,4520.0,7526.0,9994.0,12354.0,0.4417,0.2847,9300.0,27868.0,43525.0,47963.0,37919.0,43359.0,22904.0,1.893075445337059,0.8361714242053789
115861,Imperial Valley College,Imperial,CA,Public,Associate,www.imperial.edu/,www.imperial.edu/students/financial-aid-and-scholarships/cost-of-attendance/,7652,,11998.0,1148.0,8852.0,1115.0,1112.0,,,2221.0,,0.4849,0.1883,,27080.0,41236.0,39823.0,28114.0,34487.0,4460.0,1.72435,0.836137315
366711,California State University-San Marcos,San Marcos,CA,Public,Bachelor,www.csusm.edu/,https://www.calstate.edu/attend/paying-for-college/Pages/csu-costs.aspx,14877,0.951,21649.0,8082.0,20682.0,10229.0,6230.0,7240.0,8928.0,12525.0,18734.0,0.5437,0.2802,17350.0,42878.0,67891.0,64649.0,48673.0,62908.0,40916.0,1.5374914458891387,0.8359340991299247
228778,The University of Texas at Austin,Austin,TX,Public,Bachelor,https://www.utexas.edu/,www.onestop.utexas.edu/managing-costs/cost-tuition-rates/cost-of-attendance/net-price-calculator/,42855,0.2664,31247.0,11688.0,44908.0,19857.0,12553.0,14297.0,17207.0,24406.0,30082.0,0.8829,0.7354,20500.0,51060.0,79115.0,74802.0,60896.0,75121.0,79428.0,0.9457747897466888,0.8350245618673516
185536,Middlesex College,Edison,NJ,Public,Associate,www.middlesexcollege.edu/,www.middlesexcollege.edu/funding-your-education/net-price-calculator/,8469,,10054.0,4764.0,7356.0,2288.0,1306.0,1435.0,3653.0,4050.0,4504.0,0.3557,0.1985,9750.0,33603.0,55906.0,50168.0,37254.0,46861.0,9152.0,2.34305,0.833422885
174817,Saint Mary's University of Minnesota,Winona,MN,Private nonprofit,Bachelor,www.smumn.edu/,www.smumn.edu/admission/undergraduate/financial-aid-saint-marys-university-of-minnesota/net-price-calculator/,1073,0.9278,57380.0,45080.0,45080.0,11704.0,16182.0,15175.0,15030.0,14771.0,6135.0,0.6683,0.6046,21500.0,61427.0,72502.0,67821.0,54549.0,58170.0,46816.0,1.242523923444976,0.8303787380382776
119164,Mt San Antonio College,Walnut,CA,Public,Associate,www.mtsac.edu/,www.mtsac.edu/financialaid/resources/npcalc.html,26140,,15701.0,1364.0,10464.0,6490.0,5267.0,5618.0,8414.0,11065.0,10852.0,0.4656,0.1004,5880.0,38033.0,51460.0,51030.0,34928.0,46283.0,25960.0,1.7828582434514637,0.8300987981510015
145725,Illinois Institute of Technology,Chicago,IL,Private nonprofit,Bachelor,https://www.iit.edu/,https://www.iit.edu/admissions-aid/tuition-and-aid/undergraduate-costs-and-aid/net-price-calculator,2833,0.5493,68164.0,52386.0,52386.0,18425.0,12964.0,13415.0,17217.0,21858.0,29950.0,0.74,0.3405,25000.0,64069.0,91312.0,86006.0,70803.0,82592.0,73700.0,1.120651289009498,0.8292819538670285
148654,University of Illinois Springfield,Springfield,IL,Public,Bachelor,www.uis.edu/,www.uis.edu/sites/default/files/calculator/npcalc.htm,2263,0.8588,25521.0,12252.0,22017.0,9833.0,5778.0,5915.0,9520.0,12349.0,16544.0,0.5704,0.4187,19128.0,45024.0,63235.0,62698.0,47432.0,57103.0,39332.0,1.451820400691549,0.8281183565544595
441937,California State University-Channel Islands,Camarillo,CA,Public,Bachelor,www.csuci.edu/,https://www2.calstate.edu/attend/paying-for-college/Pages/csu-costs.aspx,5013,0.9481,23561.0,7159.0,19759.0,9849.0,6857.0,7083.0,9083.0,12286.0,20473.0,0.5237,0.2957,15000.0,37645.0,59304.0,58983.0,46785.0,62152.0,39396.0,1.5776220936135648,0.826200690425424
175829,Itawamba Community College,Fulton,MS,Public,Associate,www.iccms.edu/,www.iccms.edu/code/netcalc/npcalc.htm,4167,,12079.0,3420.0,5820.0,4616.0,3623.0,4094.0,6144.0,7914.0,10055.0,0.5014,0.4243,7631.0,33540.0,41849.0,37811.0,30851.0,32912.0,18464.0,1.6456,0.8251038399999999
122409,San Diego State University,San Diego,CA,Public,Bachelor,https://www.sdsu.edu/,https://sacd.sdsu.edu/financial-aid/financial-aid/eligibility/cost-of-attendance/net-price-calculator,35377,0.3619,27780.0,8728.0,21328.0,15364.0,9910.0,10017.0,12697.0,15891.0,23821.0,0.773,0.5627,15000.0,42235.0,68268.0,65488.0,52620.0,64909.0,61456.0,1.056186539963551,0.816432195391825
130943,University of Delaware,Newark,DE,Public,Bachelor,www.udel.edu/,www.udel.edu/apply/undergraduate-admissions/financing-your-degree/net-price-calculator/,19071,0.706,30952.0,16810.0,41400.0,17799.0,10901.0,10099.0,13225.0,17401.0,25580.0,0.7967,0.7397,24572.0,51892.0,77675.0,75528.0,58846.0,72950.0,71196.0,1.0246362155177258,0.816327672902972
240596,Eastern Wyoming College,Torrington,WY,Public,Associate,https://ewc.wy.edu/,https://ewc.wy.edu/admissions-financial-aid/financial-aid/,482,,14076.0,4290.0,10590.0,4764.0,2260.0,3912.0,6409.0,5365.0,10302.0,0.4396,0.4639,7000.0,27154.0,38259.0,39015.0,32658.0,37121.0,19056.0,1.85605,0.81591958
187648,Eastern New Mexico University-Main Campus,Portales,NM,Public,Bachelor,www.enmu.edu/,www.enmu.edu/financial-aid/net-price-calculator,3357,0.9166,18940.0,7194.0,9174.0,4904.0,3663.0,3080.0,5960.0,8388.0,9996.0,0.4229,0.2514,16500.0,42143.0,54827.0,46025.0,33619.0,38550.0,19616.0,1.9275,0.8151397499999999
178411,Missouri University of Science and Technology,Rolla,MO,Public,Bachelor,https://www.mst.edu/,https://sfa.mst.edu/cost-estimates/net-price-calculator/,5521,0.7255,29231.0,14984.0,33248.0,16298.0,10912.0,12027.0,13330.0,18241.0,20088.0,0.6397,0.2897,23250.0,75542.0,93514.0,89551.0,69295.0,82957.0,65192.0,1.2725027610749786,0.8140200162596639
444219,Folsom Lake College,Folsom,CA,Public,Associate,https://www.flc.losrios.edu/,https://www.flc.losrios.edu/admissions/cost-of-attendance/net-price-calculator,9414,,13901.0,1288.0,12616.0,5975.0,4458.0,4933.0,7747.0,9776.0,10400.0,0.4568,0.0979,,46614.0,58876.0,50396.0,37052.0,42568.0,23900.0,1.7810878661087866,0.8136009372384937
114938,Gavilan College,Gilroy,CA,Public,Associate,https://www.gavilan.edu/,https://misweb.cccco.edu/npc/441/npcalc-1920.htm,4786,,15161.0,1508.0,12249.0,6542.0,5507.0,5759.0,7716.0,10512.0,11091.0,0.4499,0.1037,,44388.0,56285.0,48642.0,37804.0,47169.0,26168.0,1.8025450932436564,0.8109650374503211
139658,Emory University,Atlanta,GA,Private nonprofit,Bachelor,www.emory.edu/,https://npc.collegeboard.org/app/emory,7298,0.1065,83622.0,64280.0,64280.0,22585.0,7363.0,9220.0,11237.0,13821.0,53018.0,0.9142,0.8091,18250.0,61856.0,90139.0,83826.0,74980.0,80137.0,90340.0,0.8870599955722824,0.8109502479521806
113634,Diablo Valley College,Pleasant Hill,CA,Public,Associate,https://www.dvc.edu/,https://misweb.cccco.edu/npc/312/npcalc.htm,15358,,16774.0,1312.0,10320.0,8312.0,6411.0,7103.0,10390.0,12846.0,6953.0,0.5238,0.1007,10021.0,29837.0,50569.0,66209.0,38306.0,51378.0,33248.0,1.5452959576515881,0.809426022617902
216287,Swarthmore College,Swarthmore,PA,Private nonprofit,Bachelor,www.swarthmore.edu/,www.swarthmore.edu/financial-aid/net-price-calculator,1613,0.0746,84103.0,65494.0,65494.0,23149.0,7690.0,4951.0,11444.0,22443.0,47544.0,0.9317,0.7585,17500.0,43698.0,65618.0,73588.0,56211.0,80257.0,92596.0,0.866743703831699,0.8075451088599939
148584,University of St Francis,Joliet,IL,Private nonprofit,Bachelor,https://www.stfrancis.edu/,https://www.stfrancis.edu/admissions-aid/financial-aid-services/net-price-calculator/,1223,0.6529,46239.0,38110.0,38110.0,13006.0,8547.0,5584.0,10749.0,11311.0,20192.0,0.6569,0.5093,21079.0,62990.0,75229.0,69559.0,56648.0,63926.0,52024.0,1.2287790250653545,0.8071849415654314
219833,Christian Brothers University,Memphis,TN,Private nonprofit,Bachelor,https://www.cbu.edu/,https://www.cbu.edu/admissions-aid/financial-aid/net-price-calculator/,905,0.867,48038.0,38420.0,38420.0,9854.0,9466.0,11657.0,10023.0,12839.0,5843.0,0.5534,0.4148,27000.0,50114.0,68058.0,60868.0,48592.0,57478.0,39416.0,1.4582403085041606,0.8069901867262025
171146,University of Michigan-Flint,Flint,MI,Public,Bachelor,www.umflint.edu/,www.umflint.edu/NetPriceCalculator.html,4411,0.7046,20915.0,14704.0,28320.0,7007.0,1517.0,2386.0,3752.0,9167.0,12333.0,0.4246,0.2109,25000.0,50364.0,65600.0,60426.0,45453.0,53230.0,28028.0,1.8991722563151134,0.8063885400313971
198367,Craven Community College,New Bern,NC,Public,Associate,https://cravencc.edu/,https://cravencc.edu/paying-college/financial-aid/net-price-calculator,1989,,10735.0,2022.0,6630.0,3289.0,2428.0,2132.0,5811.0,7519.0,,0.4695,0.3689,,33660.0,43904.0,38699.0,32904.0,34231.0,13156.0,1.71155,0.8035727249999999
209807,Portland State University,Portland,OR,Public,Bachelor,www.pdx.edu/,www.pdx.edu/finaid/net-price-calculator,13182,0.9087,21590.0,11679.0,31074.0,9552.0,7655.0,7752.0,8981.0,12993.0,19112.0,0.5289,0.3401,20500.0,41313.0,62060.0,58686.0,46937.0,57906.0,38208.0,1.5155464824120604,0.8015725345477388
190558,College of Staten Island CUNY,Staten Island,NY,Public,Bachelor,www.csi.cuny.edu/,https://npc.cuny.edu/npc/public/fin_aid/financial_aid_estimator/FinAidEstimator.jsp,9657,0.9234,14795.0,7490.0,15440.0,5579.0,3903.0,4473.0,7364.0,9923.0,13444.0,0.3335,0.275,14350.0,37703.0,65495.0,64960.0,36931.0,53501.0,22316.0,2.3974278544542034,0.7995421894604768
122658,San Joaquin Delta College,Stockton,CA,Public,Associate,www.deltacollege.edu/,https://www.deltacollege.edu/student-services/financial-aid-scholarships/cost-estimates/net-price-calculator,15781,,9965.0,1180.0,9772.0,2407.0,1291.0,1589.0,3996.0,6942.0,7087.0,0.3682,0.0909,7500.0,41906.0,49494.0,49800.0,33920.0,43212.0,9628.0,2.1606,0.7955329200000001
198419,Duke University,Durham,NC,Private nonprofit,Bachelor,www.duke.edu/,https://npc.collegeboard.org/student/app/duke,6442,0.0571,87072.0,68758.0,68758.0,29612.0,735.0,-361.0,5706.0,17100.0,54230.0,0.963,0.8695,13000.0,74497.0,115722.0,104271.0,85792.0,97800.0,118448.0,0.8256787788734297,0.7951286640551127
173063,Riverland Community College,Austin,MN,Public,Associate,https://www.riverland.edu/,https://www.minnstate.edu/admissions/calculator/riverland.html,2003,,14442.0,6298.0,6298.0,7427.0,6612.0,6402.0,7274.0,8827.0,12676.0,0.5198,0.4756,12000.0,43060.0,49768.0,,41043.0,45247.0,29708.0,1.523057762218931,0.7916854248014004
436827,University of Connecticut-Avery Point,Groton,CT,Public,Bachelor,https://averypoint.uconn.edu/,https://financialaid.uconn.edu/pricecalc/,454,0.8818,23337.0,18140.0,40808.0,13807.0,8996.0,8371.0,11221.0,18706.0,21757.0,0.5907,0.4899,21500.0,53816.0,78925.0,76632.0,63322.0,73997.0,55228.0,1.3398457304265952,0.7914468729629898
138354,University of West Florida,Pensacola,FL,Public,Bachelor,uwf.edu/,uwf.edu/offices/financial-aid/cost-of-attendance/true-cost-calculator/,9330,0.5824,19947.0,6360.0,19241.0,9364.0,4815.0,6462.0,8077.0,12456.0,16620.0,0.6027,0.47,16624.0,53046.0,67723.0,52238.0,42204.0,49137.0,37456.0,1.3118592481845366,0.7906575688808202
151351,Indiana University-Bloomington,Bloomington,IN,Public,Bachelor,https://bloomington.iu.edu/,https://studentcentral.indiana.edu/cost-of-iu/index.html,37806,0.7821,28801.0,12144.0,41891.0,16264.0,6324.0,7610.0,12154.0,20204.0,25128.0,0.8069,0.6928,19509.0,48621.0,74511.0,66705.0,53417.0,63742.0,65056.0,0.9798020167240531,0.7906022472946383
182670,Dartmouth College,Hanover,NH,Private nonprofit,Bachelor,https://dartmouth.edu/,https://admissions.dartmouth.edu/afford/estimate-your-cost,4541,0.054,87793.0,68268.0,68268.0,29519.0,41.0,489.0,2695.0,8534.0,52036.0,0.9575,0.7485,17500.0,68361.0,111883.0,108126.0,82541.0,97434.0,118076.0,0.8251803922897117,0.790110225617399
169716,University of Detroit Mercy,Detroit,MI,Private nonprofit,Bachelor,https://www.udmercy.edu/,https://www.udmercy.edu/admission/financial-aid/cost/netprice-calc.php,2438,0.7542,42211.0,32946.0,32946.0,15232.0,13088.0,11290.0,14173.0,15584.0,21691.0,0.6764,0.5301,23250.0,66591.0,78953.0,74074.0,64534.0,71030.0,60928.0,1.1658022584033614,0.7885486475840336
151360,Indiana University-Northwest,Gary,IN,Public,Bachelor,https://northwest.iu.edu/,https://iuia.iu.edu/compliance-reports/campus-net-price-calc/index.html,2661,0.7339,13989.0,8424.0,22811.0,5130.0,1419.0,331.0,5159.0,10047.0,13042.0,0.3713,0.1997,21710.0,44647.0,59535.0,54008.0,39714.0,43361.0,20520.0,2.113109161793372,0.7845974317738791
153384,Grinnell College,Grinnell,IA,Private nonprofit,Bachelor,www.grinnell.edu/,https://npc.collegeboard.org/student/app/grinnell,1729,0.1451,83440.0,68106.0,68106.0,17648.0,9970.0,7789.0,9669.0,19348.0,37725.0,0.878,0.7473,17500.0,33404.0,58955.0,58675.0,49004.0,62830.0,70592.0,0.8900441976427924,0.7814588055303717
164465,Amherst College,Amherst,MA,Private nonprofit,Bachelor,www.amherst.edu/,https://npc.collegeboard.org/student/app/amherst,1911,0.0901,87640.0,70480.0,70480.0,23367.0,1086.0,1570.0,17478.0,23639.0,47521.0,0.9367,0.75,13740.0,47401.0,79243.0,88665.0,62537.0,77644.0,93468.0,0.8307014165275817,0.7781180168613857
207500,University of Oklahoma-Norman Campus,Norman,OK,Public,Bachelor,https://www.ou.edu/,https://www.ou.edu/sfc/estimating-costs/net-price-calculator,22734,0.766,28872.0,9797.0,27377.0,15300.0,10509.0,10602.0,14536.0,19342.0,20986.0,0.7532,0.5753,20654.0,53164.0,73280.0,65659.0,52216.0,63126.0,61200.0,1.0314705882352941,0.7769036470588235
148380,Rock Valley College,Rockford,IL,Public,Associate,www.rockvalleycollege.edu/,apps.rockvalleycollege.edu/assets/NetPriceCalc/npcalc.htm,4359,,11920.0,4334.0,7379.0,5242.0,3409.0,4228.0,6756.0,8615.0,11568.0,0.414,0.1766,8500.0,35681.0,50028.0,46150.0,34774.0,39158.0,20968.0,1.8675123998473866,0.773150133536818
148627,Saint Xavier University,Chicago,IL,Private nonprofit,Bachelor,https://www.sxu.edu/,https://www.sxu.edu/tuition-aid/calculator.html,3096,0.843,43244.0,37940.0,37940.0,10970.0,7572.0,7702.0,9715.0,15132.0,17864.0,0.5771,0.4296,22223.0,50272.0,66961.0,62675.0,50784.0,58656.0,43880.0,1.3367365542388332,0.7714306654512305
237525,Marshall University,Huntington,WV,Public,Bachelor,https://www.marshall.edu/,https://marshall.studentaidcalculator.com/survey.aspx,7266,0.9573,22022.0,9162.0,20342.0,7502.0,4648.0,4430.0,6837.0,11227.0,15076.0,0.4991,0.3231,23250.0,41873.0,54141.0,50126.0,39561.0,46354.0,30008.0,1.5447214076246334,0.7709704545454545
233019,Patrick & Henry Community College,Martinsville,VA,Public,Associate,www.patrickhenry.edu/,https://www.vawizard.org/vccs/FinAid.action,1350,,12043.0,5002.0,11440.0,4102.0,3671.0,4008.0,4832.0,5820.0,10498.0,0.4626,0.2804,,31934.0,44016.0,40100.0,29895.0,33323.0,16408.0,1.66615,0.77076099
196079,Binghamton University,Vestal,NY,Public,Bachelor,www.binghamton.edu/,www.suny.edu/howmuch/netpricecalculator.xhtml?id=2&embed=n&headerUrl=www.binghamton.edu/npc/logo.png&cssUrl=www.binghamton.edu/np,14655,0.3861,30345.0,10567.0,30447.0,21620.0,12171.0,15281.0,20347.0,23533.0,28475.0,0.8259,0.7419,18500.0,44735.0,80304.0,80182.0,61621.0,80596.0,86480.0,0.9319611470860315,0.7697067113783533
157447,Northern Kentucky University,Highland Heights,KY,Public,Bachelor,www.nku.edu/,https://nku.studentaidcalculator.com/welcome.aspx,8246,0.6765,19725.0,11088.0,21912.0,8191.0,2603.0,3630.0,6761.0,12679.0,14522.0,0.5019,0.3636,23000.0,44702.0,58429.0,55390.0,42105.0,50220.0,32764.0,1.532779880356489,0.7693022219509218
204796,Ohio State University-Main Campus,Columbus,OH,Public,Bachelor,www.osu.edu/,sfa.osu.edu/incoming-freshmen/about-aid/net-price-calculator,45638,0.6057,30305.0,13244.0,40022.0,17339.0,4885.0,5751.0,9807.0,20461.0,27359.0,0.8773,0.7231,19976.0,49087.0,70682.0,66114.0,51438.0,60409.0,69356.0,0.8709989042043947,0.7641273386585155
143613,Carl Sandburg College,Galesburg,IL,Public,Associate,www.sandburg.edu/,apps.sandburg.edu/netpricecalculator/index.html,1051,,11563.0,5390.0,8900.0,3662.0,1014.0,3025.0,5074.0,5162.0,6012.0,0.4326,0.3496,4909.0,39772.0,45741.0,44862.0,31149.0,35274.0,14648.0,1.7637,0.76297662
164988,Boston University,Boston,MA,Private nonprofit,Bachelor,www.bu.edu/,www.bu.edu/finaid/aid-basics/cost-of-education/net-price-calculator/,18248,0.1111,86285.0,68102.0,68102.0,24402.0,9500.0,9342.0,11778.0,22517.0,47504.0,0.8931,0.7472,23250.0,55834.0,83615.0,77307.0,65655.0,83238.0,97608.0,0.8527784607819031,0.7616164433243177
196097,Stony Brook University,Stony Brook,NY,Public,Bachelor,https://www.stonybrook.edu/,https://www.stonybrook.edu/commcms/finaid/finaidbasics/net_price_calc.html,18101,0.4904,30539.0,10931.0,32741.0,18784.0,12943.0,15432.0,20728.0,23424.0,27716.0,0.7667,0.6483,18228.0,51412.0,81850.0,78458.0,59492.0,74502.0,75136.0,0.9915619676320273,0.7602305605834754
168218,Wellesley College,Wellesley,MA,Private nonprofit,Bachelor,www.wellesley.edu/,https://npc.collegeboard.org/student/app/wellesley,2300,0.1405,86290.0,67176.0,67176.0,25496.0,2546.0,2836.0,6587.0,11551.0,54188.0,0.9137,0.7769,10000.0,43659.0,72449.0,66433.0,65961.0,84803.0,101984.0,0.8315323972387826,0.7597711513570756
218973,Wofford College,Spartanburg,SC,Private nonprofit,Bachelor,www.wofford.edu/,wofford.studentaidcalculator.com/,1816,0.5194,72441.0,56005.0,56005.0,18732.0,8493.0,11627.0,10830.0,19092.0,23770.0,0.8249,0.7879,25732.0,37171.0,65763.0,63465.0,52076.0,68964.0,74928.0,0.9204035874439462,0.7592409192825113
199634,Sandhills Community College,Pinehurst,NC,Public,Associate,https://www.sandhills.edu/,https://www.sandhills.edu/_resources/document/net-price-23.html,2539,,14709.0,2040.0,6648.0,4157.0,2674.0,3988.0,5713.0,7778.0,12360.0,0.478,0.3783,,36448.0,43952.0,36926.0,28363.0,31656.0,16628.0,1.5828,0.7565784
123572,Sonoma State University,Rohnert Park,CA,Public,Bachelor,https://sonoma.edu/,https://financialaid.sonoma.edu/cost-attendance/net-price-calculator,5166,0.9343,24648.0,8624.0,21224.0,12885.0,8310.0,9795.0,10741.0,13897.0,21195.0,0.5907,0.3901,16705.0,41936.0,65997.0,65250.0,52179.0,65986.0,51540.0,1.2802871556072952,0.7562656228172293
148496,Dominican University,River Forest,IL,Private nonprofit,Bachelor,https://www.dom.edu/,https://www.dom.edu/admission/office-financial-aid/net-price-calculator,2561,0.9032,43891.0,38978.0,38978.0,11745.0,9759.0,9014.0,11891.0,16851.0,17963.0,0.5878,0.4497,24411.0,41807.0,59507.0,62723.0,47907.0,60327.0,46980.0,1.2840996168582375,0.754793754789272
178615,Truman State University,Kirksville,MO,Public,Bachelor,https://www.truman.edu/,https://www.truman.edu/admission-cost/net-price-calculator/step-1/,2513,0.8377,25115.0,9838.0,18566.0,12780.0,6046.0,7926.0,12426.0,15425.0,17220.0,0.6845,0.5764,21000.0,37802.0,56947.0,53082.0,43966.0,56280.0,51120.0,1.1009389671361502,0.7535927230046948
171225,Monroe County Community College,Monroe,MI,Public,Associate,www.monroeccc.edu/,www.monroeccc.edu/financialaid/netprice/npcalc.htm,1435,,10465.0,4759.0,8267.0,4586.0,2974.0,2530.0,4254.0,6763.0,9040.0,0.361,0.1961,12296.0,47177.0,55341.0,51240.0,36394.0,41646.0,18344.0,2.0823,0.7517102999999999
169910,Ferris State University,Big Rapids,MI,Public,Bachelor,www.ferris.edu/,www.ferris.edu/admissions/financialaid/NetPriceCalculator.htm,8106,0.9139,27048.0,14778.0,14778.0,8624.0,2556.0,4315.0,7638.0,12485.0,18603.0,0.4736,0.3316,21000.0,49361.0,64721.0,62890.0,47339.0,54735.0,34496.0,1.5867057050092765,0.7514638218923934
242042,Instituto Tecnologico de Puerto Rico-Recinto de Manati,Manati,PR,Public,Associate,itec.pr/ITPR-Joomla/,itec.pr/,323,0.9337,6073.0,1600.0,1600.0,2846.0,2535.0,1073.0,5349.0,5601.0,,0.5711,0.3295,,,,28401.0,22824.0,26293.0,11384.0,1.31465,0.7507966150000002
199625,Sampson Community College,Clinton,NC,Public,Associate,https://www.sampsoncc.edu/,www.sampsoncc.edu/student-services/net-price-calculator/npcalc.html,846,,13142.0,2877.0,9789.0,3108.0,2063.0,4462.0,3184.0,7874.0,,0.4492,0.4074,,43715.0,43410.0,40663.0,27894.0,33409.0,12432.0,1.67045,0.75036614
188526,Albany College of Pharmacy and Health Sciences,Albany,NY,Private nonprofit,Bachelor,www.acphs.edu/,acphs.edu/net-price-calculator,481,0.5269,54899.0,41475.0,41475.0,29882.0,22404.0,22566.0,29395.0,31067.0,33753.0,0.6817,0.4769,25500.0,62685.0,113282.0,115118.0,112685.0,131426.0,119528.0,1.099541530018071,0.749557461013319
144564,Danville Area Community College,Danville,IL,Public,Associate,https://dacc.edu/,https://dacc.edu/net-price-calculator,1508,,10822.0,4440.0,7440.0,4777.0,3725.0,2243.0,6870.0,7426.0,10822.0,0.4283,0.3527,7218.0,39283.0,47299.0,50974.0,34443.0,34867.0,19108.0,1.74335,0.746676805
163268,University of Maryland-Baltimore County,Baltimore,MD,Public,Bachelor,umbc.edu/,ofas.umbc.edu/netprice/,10701,0.7243,28576.0,13256.0,31275.0,16467.0,5087.0,10714.0,16543.0,22172.0,25439.0,0.7028,0.4755,19500.0,48498.0,74396.0,71711.0,55137.0,69960.0,65868.0,1.062124248496994,0.7464609218436873
196291,SUNY Maritime College,Throggs Neck,NY,Public,Bachelor,www.sunymaritime.edu/,www.suny.edu/howmuch/netpricecalculator.xhtml?bgColor=87CEFA&embed=N&headerUrl=www.sunymaritime.edu/upload/Maritime_HEADER.gif&id=25,1285,0.7241,29786.0,8589.0,19159.0,22367.0,11726.0,17577.0,20721.0,23634.0,27565.0,0.6955,0.3051,23250.0,78584.0,104752.0,102795.0,83439.0,95951.0,89468.0,1.072461662270309,0.7458970861089999
219639,Baptist Health Sciences University,Memphis,TN,Private nonprofit,Bachelor,www.baptistu.edu/,www.baptistu.edu/sites/default/files/NetPriceCalculator/npcalc.htm,770,0.8202,22227.0,13796.0,13796.0,11212.0,6354.0,6989.0,14384.0,14267.0,18446.0,0.4607,0.2245,29500.0,68494.0,73191.0,71906.0,59224.0,72529.0,44848.0,1.6172181591152337,0.7450524059043881
207971,University of Tulsa,Tulsa,OK,Private nonprofit,Bachelor,https://utulsa.edu/,https://utulsa.edu/net-price-calculator/,2813,0.6151,64459.0,50061.0,50061.0,15000.0,5578.0,8616.0,10871.0,18579.0,25473.0,0.7278,0.6045,21500.0,58279.0,79396.0,75031.0,54779.0,61408.0,60000.0,1.0234666666666667,0.74487904
183877,Rowan College at Burlington County,Mount Laurel,NJ,Public,Associate,www.rcbc.edu/,www.rcbc.edu/tuition-calculator,6267,,12243.0,6990.0,9510.0,5344.0,4071.0,3596.0,5586.0,8088.0,11789.0,0.3551,0.2282,10500.0,33825.0,51060.0,50720.0,35978.0,44745.0,21376.0,2.0932354041916166,0.743307892028443
157401,Murray State University,Murray,KY,Public,Bachelor,www.murraystate.edu/,https://www.murraystate.edu/admissions/BursarsOffice/net-price.aspx,6688,0.8568,23485.0,9900.0,19836.0,9096.0,6242.0,6347.0,8104.0,12811.0,15450.0,0.6039,0.4871,20500.0,38962.0,50487.0,47259.0,38473.0,44737.0,36384.0,1.2295789357959543,0.7425427193271769
110547,California State University-Dominguez Hills,Carson,CA,Public,Bachelor,https://www.csudh.edu/,https://www.calstate.edu/attend/paying-for-college/Pages/csu-costs.aspx,12538,0.933,23191.0,7449.0,20049.0,8615.0,7303.0,8090.0,8855.0,12323.0,18947.0,0.4463,0.197,13807.0,37973.0,58922.0,56700.0,46827.0,57162.0,34460.0,1.658792803250145,0.7403192280905397
120290,Ohlone College,Fremont,CA,Public,Associate,www.ohlone.edu/,https://misweb.cccco.edu/npc/431/npcalc.htm,7099,,21254.0,1202.0,8714.0,11130.0,9676.0,10039.0,13105.0,16596.0,20133.0,0.6059,0.1069,,50487.0,,126289.0,45622.0,54278.0,44520.0,1.2191823899371068,0.7387026100628931
179265,University of Health Sciences and Pharmacy in St. Louis,Saint Louis,MO,Private nonprofit,Bachelor,www.uhsp.edu/,https://www.uhsp.edu/financialaid/cost-of-attendance/net-price-calculator.html,337,0.8984,54802.0,32550.0,32550.0,31817.0,24456.0,28969.0,22688.0,34490.0,34668.0,0.6854,0.604,17755.0,122568.0,131813.0,141442.0,116360.0,137047.0,127268.0,1.0768378539774335,0.7380646651161329
123217,College of the Sequoias,Visalia,CA,Public,Associate,https://www.cos.edu/,https://www.cos.edu/en-us/admissions/financial-aid/net-price-calculator,11562,,9145.0,1394.0,9038.0,480.0,-537.0,57.0,1492.0,5093.0,6886.0,0.3768,0.1631,4500.0,31441.0,44147.0,42592.0,31439.0,39092.0,1920.0,1.9546,0.73649328
200341,Williston State College,Williston,ND,Public,Associate,https://willistonstate.edu/,https://willistonstate.edu/admissions/Student-Financial-Aid/Estimated-Cost-of-Attendance/,651,,16651.0,6128.0,6128.0,5932.0,4454.0,3213.0,5026.0,7187.0,8854.0,0.3964,0.3629,10099.0,41247.0,54746.0,49241.0,39524.0,44017.0,23728.0,1.8550657451112609,0.7353480613621037
463056,University of Connecticut-Hartford Campus,Hartford,CT,Public,Bachelor,https://hartford.uconn.edu/,https://financialaid.uconn.edu/pricecalc/,1525,0.8833,26946.0,18130.0,40798.0,16403.0,9625.0,10403.0,14702.0,19306.0,23777.0,0.6519,0.4482,21500.0,53816.0,78925.0,76632.0,63322.0,73997.0,65612.0,1.1277967444979577,0.7352106977382187
113980,El Camino Community College District,Torrance,CA,Public,Associate,www.elcamino.edu/,www.finaid.org/calculators/studentbudget.phtml,19210,,15246.0,1144.0,7630.0,5968.0,4319.0,5149.0,8298.0,11546.0,12869.0,0.42,0.1328,,,60046.0,45339.0,30790.0,41589.0,23872.0,1.7421665549597856,0.7317099530831099
147767,Northwestern University,Evanston,IL,Private nonprofit,Bachelor,www.northwestern.edu/,https://npc.collegeboard.org/student/app/northwestern,9201,0.0769,91250.0,68322.0,68322.0,29167.0,1764.0,6099.0,7898.0,18282.0,48777.0,0.9551,0.8341,15000.0,73331.0,109275.0,95985.0,76844.0,89363.0,116668.0,0.7659598176020845,0.7315682217917509
166692,Massachusetts Maritime Academy,Buzzards Bay,MA,Public,Bachelor,https://www.maritime.edu/,https://www.maritime.edu/netprice/,1395,0.947,31367.0,11420.0,23722.0,21582.0,8757.0,9051.0,10547.0,15557.0,27367.0,0.7656,0.6322,25000.0,73306.0,103680.0,98832.0,80424.0,82392.0,86328.0,0.9544064498192939,0.7306935779816514
232186,George Mason University,Fairfax,VA,Public,Bachelor,https://www.gmu.edu/,https://gmu.studentaidcalculator.com/survey.aspx,27752,0.8748,28604.0,14220.0,38688.0,17915.0,11942.0,12093.0,15224.0,19430.0,25894.0,0.6856,0.4638,19500.0,55366.0,78425.0,75373.0,60536.0,76343.0,71660.0,1.0653502651409434,0.7304041417806308
111188,California State University Maritime Academy,Vallejo,CA,Public,Bachelor,https://www.csum.edu/,https://www2.calstate.edu/attend/paying-for-college/Pages/csu-costs.aspx,804,0.9501,29853.0,9944.0,22544.0,20555.0,13552.0,9768.0,16948.0,21257.0,24911.0,0.6333,0.3981,24965.0,82458.0,108757.0,108075.0,84676.0,94784.0,82220.0,1.1528095353928485,0.7300742787642909
168740,Andrews University,Berrien Springs,MI,Private nonprofit,Bachelor,https://www.andrews.edu/,https://andrews.studentaidcalculator.com/,1224,0.8185,45218.0,35056.0,35056.0,12547.0,13406.0,10155.0,8024.0,13426.0,17340.0,0.6882,0.5313,26000.0,47414.0,60517.0,61290.0,43254.0,53187.0,50188.0,1.059755319996812,0.729323611221806
226578,McLennan Community College,Waco,TX,Public,Associate,www.mclennan.edu/,www.mclennan.edu/financial-aid/,5668,,12920.0,3660.0,5910.0,5051.0,5053.0,4987.0,,4744.0,,0.3758,0.0752,10500.0,32791.0,47348.0,47643.0,32591.0,39163.0,20204.0,1.9383785389031876,0.728442654919818
177977,State Technical College of Missouri,Linn,MO,Public,Associate,https://www.statetechmo.edu/,statetechmo.edu/wp-content/uploads/2024/10/index.html,2123,,19026.0,8160.0,14610.0,15190.0,11566.0,12136.0,14730.0,17561.0,18968.0,0.7916,0.8189,10986.0,46606.0,58407.0,54616.0,48921.0,55901.0,60760.0,0.9200296247531271,0.7282954509545754
241331,Albizu University-San Juan,San Juan,PR,Private nonprofit,Bachelor,https://www.albizu.edu/,https://www.albizu.edu/wp-content/uploads/NetPriceCalculator/san_juan/npcalc.htm,728,1.0,18382.0,8505.0,8505.0,9732.0,8880.0,9676.0,12050.0,18382.0,18382.0,0.6806,0.6593,5500.0,32046.0,60661.0,47501.0,32168.0,41544.0,38928.0,1.0672009864364982,0.7263369913686807
141811,Leeward Community College,Pearl City,HI,Public,Associate,www.leeward.hawaii.edu/,www.leeward.hawaii.edu/files/netpricecalculator/,3438,,12507.0,3214.0,8350.0,5137.0,4156.0,4596.0,5206.0,7798.0,11554.0,0.3739,0.1445,8970.0,30163.0,43818.0,38635.0,33997.0,39899.0,20548.0,1.9417461553435857,0.7260188874829667
199838,Vance-Granville Community College,Henderson,NC,Public,Associate,www.vgcc.edu/,www.vgcc.edu/wp-content/uploads/2024/08/Net-Price-Calculator.html,1665,,13153.0,1944.0,6552.0,3286.0,1701.0,2722.0,5636.0,8373.0,,0.4224,0.4296,,37672.0,47633.0,41363.0,29763.0,34304.0,13144.0,1.7152,0.72450048
186432,Saint Peter's University,Jersey City,NJ,Private nonprofit,Bachelor,www.saintpeters.edu/,www.saintpeters.edu/enrollment-services/student-financial-aid/calculators/,2135,0.903,50272.0,42552.0,42552.0,12199.0,10783.0,10643.0,9952.0,13569.0,21829.0,0.6087,0.4786,20500.0,38059.0,64352.0,59520.0,42470.0,57815.0,48796.0,1.1848307238298221,0.7212064615952127
197814,College of the Albemarle,Elizabeth City,NC,Public,Associate,www.albemarle.edu/,www.albemarle.edu/wp-content/net-price-calculator/index.html,2001,,13621.0,2242.0,7652.0,2253.0,398.0,2466.0,3869.0,7216.0,,0.4339,0.2319,,34395.0,39693.0,33735.0,29939.0,33234.0,9012.0,1.6617,0.72101163
212984,Holy Family University,Philadelphia,PA,Private nonprofit,Bachelor,https://www.holyfamily.edu/,https://www.holyfamily.edu/admissions-aid/financial-aid/net-price-calculator,2464,0.7104,40539.0,35330.0,35330.0,13143.0,9721.0,9369.0,12056.0,16307.0,17822.0,0.6065,0.4207,25125.0,67466.0,82892.0,78040.0,55285.0,62235.0,52572.0,1.1838050673362246,0.7179777733394203
456959,University of Minnesota-Rochester,Rochester,MN,Public,Bachelor,https://r.umn.edu/,https://www.shoppingsheet.com/Shopping/Landing/umn-rochester,568,0.71,28904.0,15016.0,15016.0,13744.0,6116.0,4256.0,6748.0,14650.0,23769.0,0.5714,0.5325,19500.0,47373.0,71941.0,68455.0,57984.0,69020.0,54976.0,1.2554569266589057,0.7173680878928987
198507,Elizabeth City State University,Elizabeth City,NC,Public,Bachelor,https://www.ecsu.edu/,https://tcc.ruffalonl.com/Elizabeth City State University/Net_Price_Calculator,1975,0.6422,17701.0,6536.0,10536.0,6364.0,4246.0,4538.0,5354.0,10205.0,15663.0,0.4557,0.2356,21463.0,34414.0,50194.0,42559.0,33776.0,40026.0,25456.0,1.572360150848523,0.7165245207416719
176354,Southwest Mississippi Community College,Summit,MS,Public,Associate,https://www.smcc.edu/,https://smcc.edu/financial-aid/net-price-calculator/,1474,,11644.0,4080.0,6780.0,2525.0,2171.0,2136.0,4511.0,4410.0,,0.4312,0.4851,,51221.0,27408.0,34577.0,29092.0,33227.0,10100.0,1.66135,0.7163741200000001
154925,Coffeyville Community College,Coffeyville,KS,Public,Associate,www.coffeyville.edu/,https://access.coffeyville.edu/netprice/npcalc.htm,850,,11863.0,3600.0,4680.0,4957.0,2793.0,4425.0,5860.0,9049.0,9592.0,0.4063,0.3463,8103.0,30509.0,42873.0,38124.0,30267.0,35246.0,19828.0,1.7623,0.71602249
222576,Amarillo College,Amarillo,TX,Public,Associate,https://www.actx.edu/,https://www.actx.edu/fin/net-price-calculator,7399,,10854.0,2136.0,4704.0,4600.0,3856.0,4129.0,5556.0,6328.0,8143.0,0.3463,0.1856,15000.0,43488.0,50015.0,49187.0,34698.0,41302.0,18400.0,2.0651,0.7151441300000001
110714,University of California-Santa Cruz,Santa Cruz,CA,Public,Bachelor,www.ucsc.edu/,www2.ucsc.edu/finaidcalc/,17940,0.6579,41179.0,16005.0,50205.0,17890.0,8717.0,10613.0,14418.0,18986.0,33323.0,0.7475,0.6148,16666.0,37107.0,67085.0,64162.0,49716.0,68396.0,71560.0,0.9557853549468978,0.7144495528228061
126119,Yuba College,Marysville,CA,Public,Associate,https://yc.yccd.edu/,https://yc.yccd.edu/student/financialaid/net-price-calculator/,4779,,11496.0,1128.0,8208.0,2576.0,3766.0,3175.0,4452.0,8849.0,713.0,0.3606,0.1165,,44265.0,63022.0,46100.0,32030.0,39552.0,10304.0,1.9776,0.71312256
104151,Arizona State University Campus Immersion,Tempe,AZ,Public,Bachelor,www.asu.edu/,https://app.meadowfi.com/asu,64674,0.8989,30111.0,12223.0,33139.0,14967.0,9070.0,10711.0,16801.0,20130.0,24296.0,0.6795,0.5564,19500.0,48210.0,66968.0,64510.0,52843.0,62668.0,59868.0,1.0467695596980022,0.7112799158147926
232450,Brightpoint Community College,Chester,VA,Public,Associate,https://www.brightpoint.edu/,https://www.vawizard.org/wizard/npc,5792,,12196.0,5082.0,11520.0,5490.0,4150.0,4803.0,6376.0,8764.0,11669.0,0.3787,0.2333,9500.0,33567.0,50344.0,46019.0,35568.0,41223.0,21960.0,1.8771857923497268,0.7108902595628415
164580,Babson College,Wellesley,MA,Private nonprofit,Bachelor,www.babson.edu/,npc.collegeboard.org/app/babson,2728,0.1709,80192.0,57152.0,57152.0,40514.0,23641.0,17077.0,16861.0,55470.0,80192.0,0.9274,0.8383,20000.0,74451.0,117794.0,113760.0,91354.0,123938.0,162056.0,0.764785012588241,0.7092616206743347
175652,East Mississippi Community College,Scooba,MS,Public,Associate,www.eastms.edu/,www.eastms.edu/admissions/financial-aid/tuition-calculator.html,2838,,11353.0,4095.0,7445.0,4608.0,4273.0,4347.0,5190.0,8057.0,,0.42,0.3795,9006.0,34349.0,42022.0,35263.0,28549.0,33772.0,18432.0,1.6886,0.7092120000000001
228723,Texas A&M University-College Station,College Station,TX,Public,Bachelor,https://www.tamu.edu/,https://tuition.tamu.edu/,59615,0.5743,32696.0,13154.0,40124.0,21315.0,12784.0,13317.0,17435.0,26520.0,30660.0,0.8385,0.6115,17804.0,54018.0,76234.0,72578.0,59386.0,72097.0,85260.0,0.8456134177809055,0.7090468508092893
225511,University of Houston,Houston,TX,Public,Bachelor,www.uh.edu/,www.uh.edu/financial/net-price-calculator/,38380,0.7392,26185.0,9717.0,22547.0,14276.0,10929.0,10220.0,12528.0,19197.0,23811.0,0.6474,0.4282,18194.0,48424.0,68091.0,63161.0,52768.0,62377.0,57104.0,1.0923402913981508,0.7071811046511628
212911,Haverford College,Haverford,PA,Private nonprofit,Bachelor,https://www.haverford.edu/,https://www.haverford.edu/admission/tuition-and-aid,1430,0.1237,90382.0,70688.0,70688.0,25314.0,7531.0,9388.0,12007.0,18171.0,45991.0,0.8952,0.7619,13621.0,35752.0,64523.0,69576.0,53353.0,79966.0,101256.0,0.7897408548629217,0.7069760132732875
221397,Roane State Community College,Harriman,TN,Public,Associate,www.roanestate.edu/,www.roanestate.edu/pages/fa/netPriceCalculator/2023b/index.html,3250,,13397.0,4998.0,18630.0,4270.0,3444.0,3636.0,5220.0,7594.0,10354.0,0.3585,0.2208,8454.0,35078.0,45998.0,43551.0,33926.0,39407.0,17080.0,1.97035,0.7063704749999999
233921,Virginia Polytechnic Institute and State University,Blacksburg,VA,Public,Bachelor,www.vt.edu/,https://tcc.ruffalonl.com/Virginia Polytechnic Institute and State Universit/Freshman-Students,30923,0.5478,36951.0,15948.0,37764.0,24953.0,11689.0,11670.0,17894.0,25835.0,34201.0,0.8625,0.6911,21500.0,59604.0,85647.0,80730.0,67377.0,81698.0,99812.0,0.818518815372901,0.7059724782591272
207281,Northern Oklahoma College,Tonkawa,OK,Public,Associate,www.noc.edu/,www.noc.edu/students/current-students/bursar/tuition-and-fees/,1941,,15242.0,5083.0,12202.0,5625.0,4308.0,5343.0,5351.0,5441.0,10983.0,0.4224,0.384,11000.0,30319.0,42753.0,42256.0,32607.0,37566.0,22500.0,1.6696,0.70523904
228787,The University of Texas at Dallas,Richardson,TX,Public,Bachelor,www.utdallas.edu/,apps.highered.texas.gov/net-price-calculator/,21751,0.6513,29807.0,14644.0,40144.0,18267.0,12814.0,13510.0,14030.0,19892.0,26596.0,0.7526,0.5949,18000.0,52687.0,76497.0,71089.0,57249.0,68227.0,73068.0,0.9337466469589971,0.7027377265013413
236939,Washington State University,Pullman,WA,Public,Bachelor,https://wsu.edu/,https://financialaid.wsu.edu/net-price-calculator/,21099,0.8664,27648.0,13391.0,29950.0,14971.0,7074.0,8971.0,11519.0,18426.0,24726.0,0.6104,0.4132,19500.0,49447.0,73467.0,70192.0,53510.0,68905.0,59884.0,1.1506412397301449,0.7023514127312805
113096,Cosumnes River College,Sacramento,CA,Public,Associate,https://www.crc.losrios.edu/,https://www.crc.losrios.edu/admissions/cost-of-attendance/net-price-calculator,14023,,14202.0,1288.0,12616.0,5981.0,5045.0,4487.0,7193.0,9760.0,11911.0,0.3952,0.0809,10722.0,31739.0,51711.0,47829.0,33490.0,42446.0,23924.0,1.7742016385219863,0.7011644875438889
141796,Kapiolani Community College,Honolulu,HI,Public,Associate,https://www.kapiolani.hawaii.edu/,https://www.kapiolani.hawaii.edu/pay-for-college/cost-of-attendance/net-price-calculator/,3910,,11992.0,3284.0,8420.0,5202.0,4068.0,5369.0,6367.0,7820.0,10591.0,0.327,0.068,9229.0,41978.0,51544.0,44372.0,38265.0,44599.0,20808.0,2.1433583237216456,0.7008781718569781
217882,Clemson University,Clemson,SC,Public,Bachelor,www.clemson.edu/,https://netprice.app.clemson.edu/calc/,23300,0.3834,35015.0,15554.0,40866.0,22253.0,13607.0,14109.0,18851.0,24833.0,27922.0,0.8722,0.6829,21500.0,51401.0,75142.0,72263.0,58311.0,71513.0,89012.0,0.803408529187076,0.7007329191569677
366395,Suffolk County Community College,Selden,NY,Public,Associate,https://www.sunysuffolk.edu/,https://www.sunysuffolk.edu/apply-enroll/estimate-your-cost.jsp,14218,,12429.0,6630.0,12460.0,5258.0,2393.0,3623.0,6960.0,9786.0,11764.0,0.2953,0.1322,8250.0,29771.0,50418.0,49399.0,38316.0,49907.0,21032.0,2.372907949790795,0.7007197175732218
110538,California State University-Chico,Chico,CA,Public,Bachelor,www.csuchico.edu/,https://www2.calstate.edu/attend/paying-for-college/Pages/csu-costs.aspx,13631,0.9272,26283.0,8472.0,21072.0,14480.0,9902.0,10099.0,12961.0,16506.0,23566.0,0.6321,0.3588,16552.0,42772.0,65228.0,62509.0,50493.0,64172.0,57920.0,1.1079419889502762,0.7003301312154696
217420,Rhode Island College,Providence,RI,Public,Bachelor,www.ric.edu/,www.ric.edu/department-directory/office-financial-aid/net-price-calculator,5049,0.9182,17454.0,11300.0,27299.0,9478.0,6378.0,6989.0,8701.0,12809.0,15681.0,0.4705,0.2714,20500.0,45172.0,59430.0,57191.0,46882.0,56318.0,37912.0,1.4854927199831187,0.6989243247520573
199324,Piedmont Community College,Roxboro,NC,Public,Associate,www.piedmontcc.edu/,https://piedmontcc.edu/wp-content/uploads/2023/07/index-3.html,457,,12039.0,2556.0,8700.0,1095.0,2072.0,770.0,,,,0.4201,0.1,,27198.0,37251.0,34379.0,30680.0,33274.0,4380.0,1.6637,0.69892037
227377,Texas Southmost College,Brownsville,TX,Public,Associate,www.tsc.edu/,www.tsc.edu/student-resources/student-services/financial-aid/net-price-calculator/,3372,,10999.0,3148.0,4948.0,3085.0,1696.0,3295.0,6051.0,10002.0,10999.0,0.3335,0.1119,9000.0,28869.0,41643.0,49210.0,33992.0,41900.0,12340.0,2.095,0.6986825000000001
111939,Chaffey College,Rancho Cucamonga,CA,Public,Associate,https://www.chaffey.edu/,https://misweb.cccco.edu/npc/921/npcalc.htm,18132,,14451.0,1184.0,11120.0,5672.0,4529.0,4666.0,7498.0,9485.0,11905.0,0.3683,0.0895,,36225.0,46799.0,52671.0,33265.0,42975.0,22688.0,1.8941731311706629,0.6976239642101552
164739,Bentley University,Waltham,MA,Private nonprofit,Bachelor,www.bentley.edu/,https://npc.collegeboard.org/student/app/bentley,4474,0.4505,79548.0,61000.0,61000.0,37930.0,21196.0,18587.0,26164.0,33653.0,49190.0,0.875,0.8057,25023.0,71978.0,108577.0,105451.0,86679.0,120959.0,151720.0,0.797251515950435,0.6975950764566305
122597,San Francisco State University,San Francisco,CA,Public,Bachelor,www.sfsu.edu/,https://financialaid.sfsu.edu/cost-attendance,18639,0.9644,26488.0,7950.0,20550.0,12278.0,9341.0,9867.0,11825.0,14556.0,22523.0,0.5026,0.2843,15371.0,41145.0,67804.0,68268.0,52650.0,68077.0,49112.0,1.3861581690829126,0.6966830957810719
114859,Fullerton College,Fullerton,CA,Public,Associate,www.fullcoll.edu/,https://misweb.cccco.edu/npc/862/npcalc.htm,17121,,14369.0,1150.0,12379.0,6134.0,4944.0,5200.0,7915.0,10392.0,11574.0,0.3938,0.0895,4500.0,,52754.0,,34531.0,43366.0,24536.0,1.767443756113466,0.6960193511574828
171100,Michigan State University,East Lansing,MI,Public,Bachelor,https://www.msu.edu/,https://msu.clearcostcalculator.com/student/default/netpricecalculator/survey,40922,0.848,32198.0,16458.0,43842.0,19680.0,7068.0,10830.0,16521.0,22703.0,28546.0,0.8143,0.627,23250.0,50898.0,74093.0,71282.0,55084.0,67253.0,78720.0,0.8543318089430895,0.6956823920223578
115296,Grossmont College,El Cajon,CA,Public,Associate,https://www.grossmont.edu/,https://misweb.cccco.edu/npc/022/npcalc.htm,12163,,14027.0,1332.0,10628.0,5311.0,4169.0,4736.0,7761.0,9677.0,12250.0,0.3654,0.0894,8625.0,50419.0,59215.0,48599.0,31861.0,40309.0,21244.0,1.8974298625494257,0.6933208717755601
420440,York County Community College,Wells,ME,Public,Associate,https://www.yccc.edu/,https://www.yccc.edu/about-us/about-yccc/consumer-info/york-county-community-college-net-price-calculator/,1133,,15075.0,4156.0,7036.0,5875.0,3948.0,6217.0,8506.0,9732.0,3091.0,0.3626,0.2256,8861.0,36028.0,46153.0,41132.0,40535.0,44873.0,23500.0,1.9094893617021276,0.6923808425531914
126775,Colorado School of Mines,Golden,CO,Public,Bachelor,www.mines.edu/,ir.mines.edu/net-price-calculator/,6155,0.6069,40560.0,21914.0,45824.0,28690.0,16849.0,18162.0,22192.0,28183.0,35112.0,0.8094,0.6703,23000.0,76390.0,100252.0,98029.0,82950.0,97335.0,114760.0,0.8481613802718717,0.6865018211920529
239318,Milwaukee School of Engineering,Milwaukee,WI,Private nonprofit,Bachelor,www.msoe.edu/,www.msoe.edu/admissions-aid/financial-aid-scholarships/financial-aid-basics/financial-aid-estimator/,2654,0.5893,62648.0,50480.0,50480.0,22453.0,11607.0,15919.0,14495.0,19034.0,30292.0,0.6916,0.4748,27000.0,73300.0,90607.0,88136.0,75114.0,89070.0,89812.0,0.9917382977775798,0.6858862067429742
229027,The University of Texas at San Antonio,San Antonio,TX,Public,Bachelor,www.utsa.edu/,https://future.utsa.edu/cost/,30580,0.8679,22352.0,9011.0,22051.0,10836.0,7870.0,7847.0,9172.0,15446.0,20489.0,0.5191,0.3226,20500.0,40863.0,60333.0,58103.0,46340.0,57131.0,43344.0,1.3180832410483574,0.6842170104282024
181491,Northeast Community College,Norfolk,NE,Public,Associate,https://northeast.edu/,https://northeast.edu/costs/calculator,2387,,14437.0,3840.0,5130.0,8544.0,5505.0,6546.0,7127.0,11287.0,12780.0,0.5472,0.4609,11000.0,38909.0,49390.0,46627.0,39950.0,42634.0,34176.0,1.2474836142322097,0.6826230337078651
186645,Raritan Valley Community College,Branchburg,NJ,Public,Associate,https://www.raritanval.edu/,https://www.raritanval.edu/net-price-calculator,5416,,13832.0,5664.0,7584.0,6778.0,5135.0,5283.0,7694.0,8995.0,13368.0,0.3838,0.1775,10500.0,34443.0,57072.0,54952.0,39229.0,48145.0,27112.0,1.7757819415756861,0.6815451091767483
188021,New Mexico State University-Grants,Grants,NM,Public,Associate,grants.nmsu.edu/,https://fa.nmsu.edu/npc/index.html,356,,8514.0,2136.0,4272.0,68.0,248.0,-789.0,846.0,-3338.0,,0.3488,0.1429,17095.0,38119.0,54874.0,47377.0,32960.0,39067.0,272.0,1.95335,0.68132848
460394,Moreno Valley College,Moreno Valley,CA,Public,Associate,www.mvc.edu/,https://misweb.cccco.edu/npc/962/npcalc.htm,9346,,15934.0,1428.0,12498.0,6483.0,5506.0,5731.0,7767.0,10797.0,12174.0,0.3385,0.1267,,41141.0,53204.0,47604.0,31830.0,52133.0,25932.0,2.010373283973469,0.6805113566250194
170532,Kalamazoo College,Kalamazoo,MI,Private nonprofit,Bachelor,https://www.kzoo.edu/,https://admission.kzoo.edu/cost-value/net-price-calculator/,1149,0.7532,74208.0,61050.0,61050.0,19072.0,12019.0,11804.0,15337.0,24412.0,28672.0,0.7897,0.6838,26077.0,33339.0,55566.0,57449.0,46137.0,65590.0,76288.0,0.8597682466442953,0.6789589843749999
219189,Mitchell Technical College,Mitchell,SD,Public,Associate,https://www.mitchelltech.edu/,https://www.mitchelltech.edu/admissions/financial-aid/net-price-calculator/,990,,16994.0,7524.0,7524.0,13460.0,9750.0,10505.0,12945.0,16044.0,16493.0,0.7201,0.7194,12000.0,46366.0,54865.0,53624.0,47849.0,50743.0,53840.0,0.9424777117384844,0.6786782002228826
196699,Ulster County Community College,Stone Ridge,NY,Public,Associate,https://www.sunyulster.edu/,www.suny.edu/howmuch/netpricecalculator.xhtml?bgColor= 8fa5c6&embed=N&headerUrl=www.sunyulster.edu/_global/images/net_price_calc_header,1341,,14925.0,6666.0,12146.0,5035.0,2754.0,3770.0,7771.0,11780.0,14725.0,0.3261,0.2412,10000.0,37333.0,50370.0,42328.0,33337.0,41896.0,20140.0,2.0802383316782525,0.6783657199602782
167358,Northeastern University,Boston,MA,Private nonprofit,Bachelor,www.northeastern.edu/,https://studentfinance.northeastern.edu/financial-tools-and-calculators/,17326,0.0522,84641.0,66162.0,66162.0,30915.0,2264.0,2436.0,5301.0,16241.0,47696.0,0.9046,0.0,24250.0,74155.0,101903.0,94528.0,78413.0,92538.0,123660.0,0.7483260553129549,0.676935749636099
161235,University of Maine at Fort Kent,Fort Kent,ME,Public,Bachelor,www.umfk.maine.edu/,https://www.umfk.edu/admissions/financialaid/basics/,599,0.9792,18703.0,9420.0,14880.0,7482.0,8163.0,6130.0,4122.0,10020.0,11661.0,0.3963,0.2324,20160.0,68245.0,74979.0,60664.0,61217.0,51077.0,29928.0,1.7066626570435712,0.6763504109863673
131876,Trinity Washington University,Washington,DC,Private nonprofit,Bachelor,www2.trinitydc.edu/,www.trinitydc.edu/enrollment/net-price-calculator/,1414,0.9952,33903.0,26610.0,26610.0,9302.0,7928.0,8554.0,8502.0,13623.0,15307.0,0.4659,0.2654,28250.0,45688.0,64019.0,62913.0,38533.0,53804.0,37208.0,1.4460331111588907,0.6737068264889271
399911,Soka University of America,Aliso Viejo,CA,Private nonprofit,Bachelor,www.soka.edu/,npc.collegeboard.org/app/soka,484,0.4338,55064.0,38728.0,38728.0,18260.0,12020.0,10619.0,12049.0,12724.0,30940.0,0.894,0.7909,15650.0,19893.0,53646.0,49045.0,42696.0,55017.0,73040.0,0.7532447973713033,0.6734008488499452
175643,East Central Community College,Decatur,MS,Public,Associate,https://www.eccc.edu/,my.eccc.edu/ics/clientconfig/NetPrice/npcalc.htm,1520,,13255.0,4160.0,6260.0,5240.0,4575.0,4371.0,6427.0,9900.0,12412.0,0.4351,0.3472,5500.0,26766.0,36389.0,37574.0,28873.0,32421.0,20960.0,1.546803435114504,0.6730141746183206
190099,Colgate University,Hamilton,NY,Private nonprofit,Bachelor,https://www.colgate.edu/,https://npc.collegeboard.org/app/colgate,3180,0.1388,87070.0,70306.0,70306.0,28786.0,6086.0,2678.0,13617.0,21831.0,48234.0,0.9086,0.8491,15000.0,46979.0,77917.0,78336.0,64949.0,85139.0,115144.0,0.7394132564441048,0.6718308848051137
173258,Carleton College,Northfield,MN,Private nonprofit,Bachelor,https://www.carleton.edu/,https://www.carleton.edu/admissions/apply/afford/aid-estimators/npc/,2086,0.2041,84893.0,68892.0,68892.0,25407.0,7881.0,8203.0,9680.0,18485.0,44082.0,0.9039,0.8185,16750.0,36775.0,66841.0,70192.0,53989.0,75525.0,101628.0,0.7431514936828433,0.671734635139922
159647,Louisiana Tech University,Ruston,LA,Public,Bachelor,https://www.latech.edu/,https://www.latech.edu/current-students/financial-aid/resources/net-price-calculator/#content,8312,0.864,24280.0,10125.0,16866.0,11864.0,7676.0,8619.0,11146.0,15674.0,16207.0,0.6093,0.4447,22135.0,44484.0,61520.0,57389.0,44903.0,52279.0,47456.0,1.101630984490897,0.6712237588503034
176017,University of Mississippi,University,MS,Public,Bachelor,www.olemiss.edu/,https://finaid.olemiss.edu/calculator/,21473,0.9658,28660.0,9772.0,28600.0,13314.0,8945.0,9217.0,14794.0,18573.0,21313.0,0.7006,0.5726,20000.0,42857.0,66243.0,56853.0,45336.0,50994.0,53256.0,0.9575259125732312,0.6708426543488057
238458,Carroll University,Waukesha,WI,Private nonprofit,Bachelor,https://www.carrollu.edu/,https://www.carrollu.edu/financial-aid/net-price-calculator,2523,0.6684,52639.0,38890.0,38890.0,15193.0,15718.0,16875.0,14134.0,15730.0,14891.0,0.7015,0.5972,27000.0,49404.0,66639.0,63904.0,54456.0,58009.0,60772.0,0.9545349832159548,0.6696062907259923
230764,University of Utah,Salt Lake City,UT,Public,Bachelor,www.utah.edu/,financialaid.utah.edu/tuition-and-fees/cost-calculator.php,27264,0.8598,25557.0,9620.0,30860.0,16200.0,13123.0,13424.0,14246.0,17663.0,21533.0,0.6449,0.3668,19000.0,52685.0,75345.0,68960.0,55239.0,67170.0,64800.0,1.036574074074074,0.6684866203703704
182281,University of Nevada-Las Vegas,Las Vegas,NV,Public,Bachelor,www.unlv.edu/,cashiering.unlv.edu/undergrad_calc.html,24622,0.9617,19638.0,9748.0,27411.0,10359.0,8526.0,8537.0,10606.0,13513.0,15905.0,0.5031,0.2645,19450.0,41201.0,62637.0,58987.0,42865.0,55037.0,41436.0,1.3282411429674679,0.6682381190269331
414911,Pennsylvania Highlands Community College,Johnstown,PA,Public,Associate,www.pennhighlands.edu/,https://my.pennhighlands.edu/ICS/Net_Price_Calculator.jnz?portlet=External_Content,788,,12306.0,7110.0,13350.0,6200.0,2945.0,5079.0,6693.0,9715.0,12042.0,0.4275,0.2459,11000.0,27785.0,37995.0,36901.0,32465.0,38752.0,24800.0,1.5625806451612902,0.6680032258064516
226019,Kilgore College,Kilgore,TX,Public,Associate,https://www.kilgore.edu/,https://www.kilgore.edu/cost-financial-aid/financial-aid-scholarships/,3215,,14080.0,2160.0,5256.0,5364.0,5364.0,,,,,0.3767,0.2575,14967.0,34733.0,46347.0,47073.0,32993.0,37975.0,21456.0,1.7699011931394482,0.66672177945563
156356,Brescia University,Owensboro,KY,Private nonprofit,Bachelor,www.brescia.edu/,www.brescia.edu/net-price-calculator/,545,0.3524,44328.0,31550.0,31550.0,8709.0,8977.0,9343.0,12984.0,8910.0,5548.0,0.5099,0.4378,29430.0,36279.0,51492.0,44810.0,39897.0,45500.0,34836.0,1.306120105637846,0.6659906418647377
166629,University of Massachusetts-Amherst,Amherst,MA,Public,Bachelor,www.umass.edu/,www.umass.edu/net_price_calculator/,23671,0.5973,34549.0,17772.0,40449.0,22383.0,10164.0,10456.0,12932.0,18964.0,30793.0,0.8321,0.7541,22763.0,51780.0,78620.0,74615.0,60347.0,71631.0,89532.0,0.8000603136308806,0.6657301869722557
196167,SUNY College at Geneseo,Geneseo,NY,Public,Bachelor,https://www.geneseo.edu/,https://www.suny.edu/howmuch/netpricecalculator.xhtml?embed=n&id=11&headerUrl=https://www.geneseo.edu/images/geneseo-header.jpg&titleColor=b9cce3,3869,0.6645,27709.0,8999.0,19569.0,18211.0,10018.0,12254.0,16142.0,17549.0,23043.0,0.7177,0.6405,19500.0,36648.0,63560.0,62263.0,51097.0,67316.0,72844.0,0.924111800560101,0.6632350392619845
118718,Merced College,Merced,CA,Public,Associate,www.mccd.edu/,https://misweb.cccco.edu/npc/531/npcalc.htm,10001,,14485.0,1200.0,8520.0,5040.0,4155.0,4862.0,5562.0,9933.0,10902.0,0.3533,0.1323,,41477.0,51136.0,41981.0,31468.0,37815.0,20160.0,1.8757440476190477,0.6627003720238096
156408,Centre College,Danville,KY,Private nonprofit,Bachelor,https://www.centre.edu/,https://centre.studentaidcalculator.com/survey.aspx,1400,0.5436,67787.0,52820.0,52820.0,20781.0,11364.0,10388.0,15847.0,18920.0,30571.0,0.8312,0.7423,27000.0,35290.0,64933.0,60552.0,50073.0,66240.0,83124.0,0.7968817669987007,0.66236812472932
409698,California State University-Monterey Bay,Seaside,CA,Public,Bachelor,https://csumb.edu/,https://csumb.github.io/net-price-calculator.html,6819,0.974,26987.0,7779.0,20379.0,13663.0,9970.0,9981.0,12440.0,16281.0,22818.0,0.6109,0.3919,12750.0,38154.0,62324.0,58786.0,48648.0,59247.0,54652.0,1.0840774354095002,0.6622629052916637
168430,Worcester State University,Worcester,MA,Public,Bachelor,https://www.worcester.edu/,https://www.worcester.edu/NetPriceCalculator/npcalc.htm,3930,0.8799,22874.0,11786.0,17866.0,13381.0,8793.0,9629.0,9540.0,13658.0,19679.0,0.5845,0.4773,19500.0,43290.0,63801.0,62731.0,50233.0,60624.0,53524.0,1.132650773484792,0.6620343771018609
240329,University of Wisconsin-La Crosse,La Crosse,WI,Public,Bachelor,www.uwlax.edu/,https://www.shoppingsheet.com/Shopping/Landing/uwlax,9277,0.755,19593.0,10070.0,19517.0,16210.0,8224.0,8766.0,10608.0,17394.0,18991.0,0.7107,0.5138,22500.0,43472.0,60184.0,58854.0,49626.0,60378.0,64840.0,0.9311844540407156,0.6617927914867365
186371,Rutgers University-Camden,Camden,NJ,Public,Bachelor,https://camden.rutgers.edu/,https://scarlethub.rutgers.edu/financial-services/tools-resources/net-price-calculator/,3753,0.6629,35178.0,17764.0,37276.0,18745.0,13797.0,14357.0,16184.0,20475.0,30639.0,0.6656,0.4743,21500.0,52303.0,77933.0,75436.0,61263.0,74479.0,74980.0,0.9933182181915178,0.6611526060282742
176008,Mississippi Delta Community College,Moorhead,MS,Public,Associate,https://www.msdelta.edu/,https://www.msdelta.edu/paying-for-college/financial-aid/npc/index.html,1413,,11379.0,3540.0,3540.0,3715.0,3507.0,3796.0,5113.0,5808.0,,0.4652,0.1336,,28461.0,37960.0,33211.0,24324.0,28421.0,14860.0,1.42105,0.66107246
181817,Western Nebraska Community College,Scottsbluff,NE,Public,Associate,www.wncc.edu/,www.wncc.edu/admissions-aid/tuition-fees/net-price-calculator-2023/index,893,,13939.0,3840.0,4410.0,5474.0,4420.0,3808.0,7099.0,9904.0,11714.0,0.3732,0.2757,9000.0,40572.0,50624.0,44387.0,33557.0,38729.0,21896.0,1.7687705516989405,0.6601051698940446
186201,Ramapo College of New Jersey,Mahwah,NJ,Public,Bachelor,www.ramapo.edu/,npc.collegeboard.org/app/ramapo,4898,0.7064,29483.0,16777.0,27708.0,18173.0,9008.0,10708.0,18074.0,22949.0,26008.0,0.7082,0.5689,21000.0,45619.0,67266.0,64395.0,53872.0,67541.0,72692.0,0.9291393826005613,0.6580165107577175
123341,Sierra College,Rocklin,CA,Public,Associate,https://www.sierracollege.edu/,https://misweb.cccco.edu/npc/271/npcalc.htm,14122,,17002.0,1446.0,1446.0,7245.0,5042.0,7302.0,9663.0,12648.0,13386.0,0.4207,0.1223,10500.0,30747.0,47159.0,,35054.0,45294.0,28980.0,1.5629399585921324,0.6575288405797102
147411,Morton College,Cicero,IL,Public,Associate,www.morton.edu/,https://www.morton.edu/net-price-calculator/,2640,,12801.0,5502.0,12414.0,5191.0,4006.0,4347.0,7763.0,9356.0,,0.3217,0.1495,8000.0,34099.0,46999.0,46967.0,34053.0,42406.0,20764.0,2.042284723560008,0.6570029955692546
233116,Piedmont Virginia Community College,Charlottesville,VA,Public,Associate,www.pvcc.edu/,https://www.vawizard.org/wizard/npc,3045,,13297.0,5072.0,11510.0,5963.0,5491.0,3785.0,7311.0,8076.0,12454.0,0.3843,0.2338,8750.0,39541.0,51090.0,47690.0,34000.0,40752.0,23852.0,1.708535971826262,0.6565903739728325
117894,Los Medanos College,Pittsburg,CA,Public,Associate,https://www.losmedanos.edu/,https://misweb.cccco.edu/npc/313/npcalc.htm,7320,,16056.0,1312.0,10320.0,7443.0,5958.0,6455.0,9521.0,11863.0,7051.0,0.4593,0.1169,,36418.0,59523.0,51598.0,35606.0,42454.0,29772.0,1.4259707107349187,0.6549483474405481
146278,John Wood Community College,Quincy,IL,Public,Associate,www.jwcc.edu/,www.jwcc.edu/financial-aid/net-price-calculator/,1371,,15845.0,5700.0,9300.0,7050.0,5899.0,6580.0,8900.0,10777.0,,0.4765,0.3457,8029.0,32756.0,43414.0,41611.0,35052.0,38631.0,28200.0,1.3698936170212765,0.6527543085106382
161341,University of Maine at Presque Isle,Presque Isle,ME,Public,Bachelor,www.umpi.edu/,www.umpi.edu/app/tuition-fees-estimator/,1913,0.9987,19113.0,9402.0,14862.0,7035.0,5934.0,4492.0,6564.0,10229.0,9758.0,0.4476,0.239,16000.0,37850.0,48577.0,41929.0,33793.0,40956.0,28140.0,1.4554371002132196,0.6514536460554371
196112,SUNY Polytechnic Institute,Utica,NY,Public,Bachelor,www.sunypoly.edu/,https://www.sunypoly.edu/calculator.html,1849,0.8135,23741.0,8625.0,21215.0,14164.0,7442.0,9561.0,13934.0,15876.0,20613.0,0.5722,0.4326,17250.0,55116.0,73730.0,70849.0,58662.0,64355.0,56656.0,1.135890285230161,0.6499564212086981
189097,Barnard College,New York,NY,Private nonprofit,Bachelor,www.barnard.edu/,https://barnard.edu/finaid/estimate-your-eligibility,3264,0.0884,89538.0,69888.0,69888.0,28800.0,11600.0,15374.0,19094.0,24753.0,51378.0,0.9298,0.809,18000.0,48946.0,72527.0,79860.0,60411.0,80516.0,115200.0,0.6989236111111111,0.6498591736111111
228796,The University of Texas at El Paso,El Paso,TX,Public,Bachelor,https://www.utep.edu/,https://apps.highered.texas.gov/apps/NPC/?Fice=003661,21005,0.9992,19836.0,9744.0,25502.0,9403.0,7863.0,8136.0,10120.0,14093.0,18282.0,0.4799,0.2296,18000.0,42749.0,58771.0,57030.0,37978.0,50923.0,37612.0,1.3539030096777624,0.6497380543443582
123961,University of Southern California,Los Angeles,CA,Private nonprofit,Bachelor,www.usc.edu/,https://financialaid.usc.edu/npc,20443,0.0981,90300.0,72097.0,72097.0,32740.0,13516.0,14394.0,19539.0,24976.0,56116.0,0.9191,0.7448,18000.0,63275.0,95739.0,91408.0,74461.0,92498.0,130960.0,0.7063072693952351,0.6491670113011606
209506,Oregon Institute of Technology,Klamath Falls,OR,Public,Bachelor,https://www.oit.edu/,https://www.oit.edu/college-costs/tuition-fees/net-price-calculator,2892,0.9502,27524.0,13260.0,37196.0,15706.0,9085.0,8729.0,14385.0,18925.0,22431.0,0.5631,0.287,22500.0,72025.0,87138.0,81249.0,68301.0,72273.0,62824.0,1.1504043040876097,0.647792663631733
186380,Rutgers University-New Brunswick,New Brunswick,NJ,Public,Bachelor,https://newbrunswick.rutgers.edu/,https://scarlethub.rutgers.edu/financial-services/tools-resources/net-price-calculator/,37751,0.5815,36993.0,17929.0,37441.0,24406.0,16343.0,16210.0,18282.0,25106.0,35016.0,0.8429,0.6898,21500.0,52303.0,77933.0,75436.0,61263.0,74479.0,97624.0,0.7629169056789314,0.6430626597967714
198251,Central Carolina Community College,Sanford,NC,Public,Associate,www.cccc.edu/,www.cccc.edu/financialaid/cost/,3237,,14901.0,2711.0,8855.0,5446.0,4326.0,4660.0,6961.0,8936.0,12542.0,0.4178,0.2734,,32911.0,42844.0,37764.0,29774.0,33525.0,21784.0,1.538973558575101,0.6429831527726771
217864,Citadel Military College of South Carolina,Charleston,SC,Public,Bachelor,https://citadel.edu/,https://citadel.edu/financial-aid/net-price-calculator/,2705,0.2272,33880.0,12570.0,38508.0,20723.0,15430.0,16456.0,18140.0,20620.0,24047.0,0.7393,0.68,21096.0,49737.0,74517.0,77277.0,60168.0,72085.0,82892.0,0.8696255368431212,0.6429141593881195
153603,Iowa State University,Ames,IA,Public,Bachelor,https://www.iastate.edu/,https://www.financialaid.iastate.edu/getting-started/cost/net-price-calculator/,25367,0.8866,24018.0,10787.0,28881.0,18589.0,10582.0,11506.0,15463.0,19605.0,22496.0,0.7539,0.5669,22869.0,50667.0,68277.0,65176.0,53873.0,63386.0,74356.0,0.8524665124536016,0.6426745037387702
132408,Baptist University of Florida,Graceville,FL,Private nonprofit,Bachelor,www.buf.edu/,www.buf.edu/net-price-calculator,360,0.3599,23159.0,15000.0,15000.0,10372.0,8754.0,7604.0,13451.0,,,0.6212,0.2692,23590.0,28842.0,40595.0,39891.0,31489.0,42836.0,41488.0,1.0324913227921326,0.6413836097184727
207722,University of Science and Arts of Oklahoma,Chickasha,OK,Public,Bachelor,https://usao.edu/,https://usao.edu/financial-aid/npc.html,941,0.6582,20662.0,9000.0,20190.0,6624.0,3493.0,3548.0,7223.0,13352.0,14413.0,0.405,0.3146,21750.0,30359.0,42786.0,43315.0,35520.0,41913.0,26496.0,1.5818614130434783,0.6406538722826087
151111,Indiana University-Indianapolis,Indianapolis,IN,Public,Bachelor,https://indianapolis.iu.edu/,https://indianapolis.iu.edu/cost-aid/cost-of-attendance/net-price-calculator.html,13830,0.7637,23316.0,10762.0,34891.0,11668.0,5701.0,5995.0,11038.0,18056.0,20680.0,0.5414,0.3947,20000.0,49273.0,64616.0,59346.0,47173.0,55198.0,46672.0,1.1826791223860131,0.6403024768597875
232414,J Sargeant Reynolds Community College,Richmond,VA,Public,Associate,www.reynolds.edu/,https://www.vawizard.org/wizard/financing-college,5586,,12428.0,5280.0,11718.0,5168.0,3865.0,4649.0,5377.0,9249.0,12016.0,0.3347,0.1801,10500.0,38017.0,54140.0,47473.0,32102.0,39529.0,20672.0,1.9122000773993808,0.6400133659055728
190169,Columbia-Greene Community College,Hudson,NY,Public,Associate,https://www.columbiagreene.edu/,https://www.columbiagreene.edu/tuition-financial-aid/net-price-calculator/,876,,14261.0,6048.0,11448.0,6559.0,4979.0,4173.0,8800.0,10637.0,13103.0,0.3777,0.3457,12000.0,39373.0,51620.0,43476.0,35538.0,44441.0,26236.0,1.6938938862631499,0.6397837208415916
449339,American Public University System,Charles Town,WV,Private for-profit,Bachelor,https://www.apus.edu/,www.apu.apus.edu/calc/apu.html,40074,,18768.0,8400.0,8400.0,9597.0,9335.0,9766.0,8951.0,15559.0,,0.5522,0.3501,21743.0,57877.0,70107.0,67627.0,32917.0,44409.0,38388.0,1.156845889340419,0.6388103000937794
200332,North Dakota State University-Main Campus,Fargo,ND,Public,Bachelor,https://www.ndsu.edu/,www.ndsu.edu/onestop/net-price-calculator/,9471,0.9496,23716.0,11110.0,15764.0,15543.0,9370.0,11343.0,11923.0,16082.0,18856.0,0.638,0.4634,23199.0,53030.0,67679.0,65321.0,54312.0,62203.0,62172.0,1.0004986167406549,0.6383181174805378
222062,Walters State Community College,Morristown,TN,Public,Associate,www.ws.edu/,www.ws.edu/cost-aid/consumer-information/npcalc/,3591,,14313.0,4752.0,17736.0,5387.0,4826.0,5087.0,6453.0,7763.0,,0.3708,0.2211,,36617.0,46969.0,41967.0,31089.0,37085.0,21548.0,1.7210413959532207,0.6381621496194543
166513,University of Massachusetts-Lowell,Lowell,MA,Public,Bachelor,www.uml.edu/,https://uml.studentaidcalculator.com/welcome.aspx,11434,0.8304,30786.0,16966.0,36264.0,17163.0,9943.0,10199.0,12141.0,16460.0,26139.0,0.6741,0.445,23704.0,59431.0,81163.0,75948.0,61467.0,64874.0,68652.0,0.9449688282934219,0.6370034871525957
185590,Montclair State University,Montclair,NJ,Public,Bachelor,www.montclair.edu/,https://montclair.studentaidcalculator.com/survey.aspx,18376,0.8789,28305.0,15912.0,26022.0,15566.0,10880.0,11532.0,16388.0,22058.0,25573.0,0.6446,0.4608,22000.0,37430.0,61351.0,58895.0,47944.0,61415.0,62264.0,0.986364512398818,0.635810564692278
199139,University of North Carolina at Charlotte,Charlotte,NC,Public,Bachelor,https://www.charlotte.edu/,https://calculator.charlotte.edu/,24453,0.796,23010.0,7239.0,22492.0,15435.0,10357.0,10668.0,13690.0,19822.0,21761.0,0.6837,0.5007,21500.0,44953.0,65370.0,60262.0,48812.0,57289.0,61740.0,0.9279073534175575,0.634410257531584
231174,University of Vermont,Burlington,VT,Public,Bachelor,www.uvm.edu/,www.uvm.edu/studentfinancialservices/net_price_calculator,11743,0.653,35649.0,19058.0,45502.0,19343.0,11127.0,13373.0,14339.0,20926.0,25775.0,0.7857,0.699,20951.0,40117.0,62009.0,60834.0,48164.0,62472.0,77372.0,0.8074238742697617,0.6343929380137517
164076,Towson University,Towson,MD,Public,Bachelor,www.towson.edu/,https://www.towson.edu/admissions/tuition/calculator.html,16136,0.8197,28535.0,11728.0,29820.0,17413.0,6962.0,12590.0,16784.0,22720.0,26396.0,0.6858,0.4712,18718.0,48563.0,65610.0,64266.0,54302.0,64390.0,69652.0,0.9244529948888761,0.6339898638947912
229267,Trinity University,San Antonio,TX,Private nonprofit,Bachelor,https://new.trinity.edu/,https://trinity.edu/directory/departments-offices/student-financial-services/tuition-fees,2505,0.2592,68224.0,53676.0,53676.0,23464.0,10356.0,13260.0,14305.0,22134.0,34549.0,0.8298,0.7245,22954.0,39161.0,67249.0,71432.0,55224.0,71668.0,93856.0,0.7635952949198772,0.6336313757245141
213543,Lehigh University,Bethlehem,PA,Private nonprofit,Bachelor,www.lehigh.edu/,https://npc.collegeboard.org/student/app/lehigh,5898,0.2593,80856.0,64980.0,64980.0,36931.0,16917.0,17140.0,18722.0,22184.0,48751.0,0.8855,0.7967,21960.0,71597.0,101748.0,101331.0,88810.0,105584.0,147724.0,0.7147382957407057,0.6329007608783949
169992,Gogebic Community College,Ironwood,MI,Public,Associate,gogebic.edu/,https://gogebic.edu/admissions/fa/net_price_calculator.html,511,,14456.0,4800.0,7530.0,5397.0,2212.0,3977.0,5581.0,8118.0,11002.0,0.3333,0.2955,10925.0,37816.0,51213.0,46896.0,32998.0,40950.0,21588.0,1.8968871595330739,0.6322324902723735
199908,Western Piedmont Community College,Morganton,NC,Public,Associate,https://www.wpcc.edu/,https://www.wpcc.edu/financial-aid/net-price-calculator,1339,,16642.0,2650.0,8794.0,6448.0,4471.0,6147.0,7386.0,13421.0,,0.4762,0.4872,,34965.0,41714.0,39502.0,29913.0,34195.0,25792.0,1.3257986972704714,0.6313453396401985
126562,University of Colorado Denver/Anschutz Medical Campus,Denver,CO,Public,Bachelor,www.ucdenver.edu/,www.ucdenver.edu/tuition-cost/net-price-calculator,10519,0.7468,24902.0,10383.0,29391.0,11900.0,6743.0,9472.0,10834.0,15232.0,22475.0,0.4673,0.288,20500.0,53987.0,74059.0,68618.0,52475.0,64270.0,47600.0,1.3502100840336135,0.6309531722689076
166887,Middlesex Community College,Bedford,MA,Public,Associate,https://www.middlesex.mass.edu/,https://www.middlesex.mass.edu/financialaid/default.aspx,5412,,10342.0,6048.0,12120.0,2624.0,943.0,1646.0,1399.0,4356.0,8426.0,0.2485,0.0927,7291.0,40236.0,56301.0,49641.0,40318.0,50651.0,10496.0,2.53255,0.6293386750000001
175786,Hinds Community College,Raymond,MS,Public,Associate,www.hindscc.edu/,www.hindscc.edu/NetPriceCalculator/npcalc.htm,6397,,11036.0,4250.0,7300.0,4060.0,3233.0,3994.0,6847.0,9252.0,10100.0,0.4087,0.3376,9371.0,31611.0,40042.0,36761.0,26579.0,30774.0,16240.0,1.5387,0.62886669
243647,Palau Community College,Koror,PW,Public,Associate,palau.edu/,pcc.palau.edu/npcalc/npcalc.htm,393,,9624.0,3730.0,3970.0,2787.0,2690.0,2831.0,3945.0,2029.0,,0.4204,0.1182,,,,,26583.0,29898.0,11148.0,1.4949,0.6284559599999999
146612,Lewis University,Romeoville,IL,Private nonprofit,Bachelor,www.lewisu.edu/,www.lewisu.edu/admissions/finaid/scholarshipcalculator.htm,4015,0.7129,47313.0,39200.0,39200.0,17028.0,10382.0,11712.0,12178.0,19908.0,25035.0,0.6464,0.4232,21500.0,49355.0,66586.0,65878.0,56095.0,66099.0,68112.0,0.9704457364341085,0.6272961240310077
198914,Mayland Community College,Spruce Pine,NC,Public,Associate,https://www.mayland.edu/,https://www.mayland.edu/financial-aid/cost-and-payment/,362,,14932.0,2626.0,8770.0,5861.0,4571.0,7116.0,6502.0,8841.0,,0.4242,0.34,,34534.0,43484.0,41170.0,32221.0,34663.0,23444.0,1.4785446169595633,0.6271986265142467
199148,University of North Carolina at Greensboro,Greensboro,NC,Public,Bachelor,www.uncg.edu/,https://spartancentral.uncg.edu/financial-aid/financial-aid-basics/net-price-calculator/,14062,0.8851,21373.0,7661.0,24012.0,10965.0,7305.0,8082.0,11605.0,16979.0,19580.0,0.5708,0.3857,22858.0,37785.0,51594.0,48436.0,39869.0,48160.0,43860.0,1.0980392156862746,0.6267607843137255
196088,University at Buffalo,Buffalo,NY,Public,Bachelor,https://www.buffalo.edu/,https://financialaid.buffalo.edu/net-price-calculator/,20112,0.7418,30785.0,10936.0,31536.0,20995.0,14668.0,16585.0,21262.0,24117.0,28079.0,0.743,0.6023,19000.0,44259.0,71430.0,68437.0,53742.0,70814.0,83980.0,0.8432245772803049,0.6265158609192665
190673,CUNY Queensborough Community College,Bayside,NY,Public,Associate,www.qcc.cuny.edu/,https://npc.cuny.edu/npc/public/fin_aid/financial_aid_estimator/FinAidEstimator.jsp,8940,,12392.0,5210.0,8090.0,4458.0,3321.0,3955.0,6692.0,8211.0,10941.0,0.283,0.1127,8600.0,22936.0,45408.0,44240.0,34254.0,44214.0,17832.0,2.2107,0.6256281
228769,The University of Texas at Arlington,Arlington,TX,Public,Bachelor,https://www.uta.edu/,https://www.highered.texas.gov/institutional-resources-programs/net-price-calculator/,32294,0.799,25261.0,11950.0,29582.0,13951.0,11893.0,12003.0,12612.0,16371.0,24692.0,0.5522,0.336,17527.0,64801.0,79176.0,73224.0,60902.0,63199.0,55804.0,1.1325173822665042,0.6253760984875637
436836,University of Connecticut-Stamford,Stamford,CT,Public,Bachelor,https://stamford.uconn.edu/,https://financialaid.uconn.edu/pricecalc/,2432,0.8298,30122.0,18150.0,40818.0,16798.0,11632.0,11792.0,16052.0,21916.0,28354.0,0.5669,0.3271,21500.0,53816.0,78925.0,76632.0,63322.0,73997.0,67192.0,1.1012769377306821,0.6243138959995237
178402,University of Missouri-Kansas City,Kansas City,MO,Public,Bachelor,https://www.umkc.edu/,https://finaid.umkc.edu/affordability/net-price-calculator.html,6817,0.7218,25320.0,12587.0,30227.0,13310.0,10576.0,10472.0,12613.0,16019.0,18877.0,0.5568,0.3529,18750.0,48700.0,65925.0,61974.0,50298.0,59637.0,53240.0,1.1201540195341848,0.6237017580766341
228547,Tarrant County College District,Fort Worth,TX,Public,Associate,www.tccd.edu/,www.tccd.edu/services/paying-for-college/tuition-and-fees/cost-of-attendance/,42300,,11130.0,1863.0,8370.0,4337.0,3334.0,3899.0,5406.0,7299.0,10749.0,0.2919,0.1851,9104.0,34553.0,50928.0,48271.0,34945.0,42727.0,17348.0,2.13635,0.623600565
172671,West Shore Community College,Scottville,MI,Public,Associate,https://www.westshore.edu/,https://www.westshore.edu/static/index.html,782,,10637.0,4470.0,8820.0,1527.0,-42.0,822.0,2665.0,5433.0,,0.344,0.1522,9089.0,42377.0,57908.0,45924.0,34841.0,36115.0,6108.0,1.80575,0.6211779999999999
186399,Rutgers University-Newark,Newark,NJ,Public,Bachelor,https://www.newark.rutgers.edu/,https://scarlethub.rutgers.edu/financial-services/tools-resources/net-price-calculator/,7709,0.7136,35654.0,17250.0,36762.0,19703.0,16420.0,16338.0,17806.0,22867.0,33018.0,0.6568,0.4195,21500.0,52303.0,77933.0,75436.0,61263.0,74479.0,78812.0,0.9450210627823175,0.6206898340354261
196060,University at Albany,Albany,NY,Public,Bachelor,www.albany.edu/,www.albany.edu/cost-aid/tuition-fees/cost-attendance,12564,0.691,28802.0,10866.0,31256.0,17167.0,11112.0,14062.0,17923.0,20037.0,24085.0,0.6268,0.5389,19500.0,38469.0,66256.0,64597.0,51380.0,67979.0,68668.0,0.989966214248267,0.6205108230908138
240727,University of Wyoming,Laramie,WY,Public,Bachelor,https://www.uwyo.edu/,https://www.uwyo.edu/sfa/net-price-calculator/index.html,7944,0.9688,24818.0,7768.0,24178.0,13599.0,7977.0,7730.0,9585.0,15205.0,19634.0,0.5932,0.3926,18000.0,45653.0,61749.0,58733.0,48360.0,56880.0,54396.0,1.0456651224354732,0.6202885506287227
219888,Columbia State Community College,Columbia,TN,Public,Associate,https://www.columbiastate.edu/,https://www.columbiastate.edu/IR/NetPriceCalc/NetPriceCalculator/npcalc.htm,3897,,13179.0,5296.0,18112.0,4734.0,4083.0,4125.0,5995.0,5706.0,6252.0,0.3078,0.1799,8500.0,38474.0,46284.0,46026.0,35400.0,40256.0,18936.0,2.0128,0.6195398400000001
204635,Ohio Northern University,Ada,OH,Private nonprofit,Bachelor,www.onu.edu/,https://www.onu.edu/admissions-aid/financial-aid/scholarship-and-cost-calculator,2489,0.744,53580.0,39800.0,39800.0,24478.0,18525.0,19223.0,22336.0,25605.0,27710.0,0.7485,0.59,27000.0,51540.0,72080.0,67284.0,62686.0,80928.0,97912.0,0.8265381158591388,0.6186637797205654
199953,Wilson Community College,Wilson,NC,Public,Associate,www.wilsoncc.edu/,www.wilsoncc.edu/netprice/npcalc.htm,1373,,10765.0,2572.0,8716.0,3064.0,2584.0,2120.0,3034.0,7598.0,10765.0,0.3742,0.1515,10500.0,43622.0,48262.0,44221.0,29332.0,32973.0,12256.0,1.64865,0.61692483
433660,Florida Gulf Coast University,Fort Myers,FL,Public,Bachelor,www.fgcu.edu/,https://www.fgcu.edu/admissionsandaid/financialaid/netpricecalculator/npcalc.htm,13874,0.6344,20807.0,6118.0,25162.0,12568.0,8220.0,8191.0,10999.0,15450.0,18829.0,0.5674,0.4227,17622.0,40960.0,59369.0,55924.0,45029.0,54560.0,50272.0,1.0852959898154042,0.6157969446212603
129020,University of Connecticut,Storrs,CT,Public,Bachelor,https://uconn.edu/,https://financialaid.uconn.edu/pricecalc/,19835,0.5239,39426.0,21044.0,43712.0,25097.0,15193.0,16339.0,20608.0,28285.0,33797.0,0.8354,0.7289,21500.0,53816.0,78925.0,76632.0,63322.0,73997.0,100388.0,0.737110013148982,0.6157817049846596
191515,Hamilton College,Clinton,NY,Private nonprofit,Bachelor,https://www.hamilton.edu/,https://npc.collegeboard.org/app/hamilton,2030,0.1362,84230.0,68960.0,68960.0,28985.0,8028.0,9489.0,10863.0,20614.0,46907.0,0.9094,0.7958,17000.0,47320.0,79130.0,77354.0,60082.0,78411.0,115940.0,0.6763067103674314,0.6150333224081421
190521,CUNY Borough of Manhattan Community College,New York,NY,Public,Associate,www.bmcc.cuny.edu/,https://npc.cuny.edu/npc/public/fin_aid/financial_aid_estimator/FinAidEstimator.jsp,18623,,12866.0,5170.0,8050.0,4976.0,4057.0,4837.0,7460.0,8927.0,12016.0,0.2904,0.095,7574.0,25604.0,46157.0,44947.0,31688.0,42306.0,19904.0,2.1153,0.61428312
229540,Victoria College,Victoria,TX,Public,Associate,www.victoriacollege.edu/,www.victoriacollege.edu/Explore/WaysToPay/FinancialAid/EstimatedCostToAttendVC,2351,,10514.0,2976.0,5328.0,3043.0,2144.0,4101.0,4165.0,5188.0,,0.2896,0.1423,10500.0,51923.0,61363.0,55798.0,34679.0,42382.0,12172.0,2.1191,0.61369136
150400,DePauw University,Greencastle,IN,Private nonprofit,Bachelor,www.depauw.edu/,app.meadowfi.com/depauw,1905,0.5719,74320.0,59070.0,59070.0,22264.0,11820.0,13957.0,12979.0,21774.0,31225.0,0.7741,0.6832,27000.0,42104.0,70091.0,65357.0,58476.0,70527.0,89056.0,0.7919399029823931,0.6130406788986705
151388,Indiana University-East,Richmond,IN,Public,Bachelor,https://east.iu.edu/,https://iuia.iu.edu/compliance-reports/campus-net-price-calc/index.html,2589,0.6722,16954.0,8424.0,22811.0,8134.0,5154.0,5454.0,7100.0,13260.0,16067.0,0.4228,0.3241,18000.0,44082.0,58030.0,53596.0,44827.0,47156.0,32536.0,1.449348414064421,0.6127845094664373
226116,Lamar State College-Port Arthur,Port Arthur,TX,Public,Associate,www.lamarpa.edu/,https://www.highered.texas.gov/apps/NPC/?Fice=023485,1508,,10754.0,1770.0,8070.0,2846.0,1137.0,1554.0,3959.0,9110.0,9346.0,0.3301,0.259,13250.0,44099.0,46272.0,41364.0,29746.0,37120.0,11384.0,1.856,0.6126656
199847,Wake Forest University,Winston-Salem,NC,Private nonprofit,Bachelor,www.wfu.edu/,https://npc.collegeboard.org/student/app/wfu,5485,0.2167,87499.0,67642.0,67642.0,28719.0,6525.0,6331.0,7647.0,12771.0,58081.0,0.8999,0.8423,21500.0,52635.0,92943.0,86157.0,67722.0,78158.0,114876.0,0.6803683972283158,0.6122635206657614
154059,North Iowa Area Community College,Mason City,IA,Public,Associate,www.niacc.edu/,https://www.niacc.edu/admissions/finance-your-education/financial-aid/calculator/,1320,,17040.0,6653.0,9551.0,10010.0,8471.0,7723.0,9644.0,12376.0,13705.0,0.5639,0.5115,9500.0,40016.0,47068.0,45087.0,39491.0,43462.0,40040.0,1.0854645354645354,0.6120934515484514
172051,Saginaw Valley State University,University Center,MI,Public,Bachelor,www.svsu.edu/,https://webtech.svsu.edu/NetPriceCalculator/,5989,0.7207,24936.0,12930.0,30450.0,10775.0,9844.0,19711.0,20053.0,18879.0,24103.0,0.5068,0.1944,25000.0,47001.0,63454.0,56681.0,43530.0,51955.0,43100.0,1.2054524361948955,0.6109232946635731
168546,Albion College,Albion,MI,Private nonprofit,Bachelor,www.albion.edu/,apply.albion.edu/portal/npc,1300,0.807,69986.0,56950.0,56950.0,14301.0,10036.0,9772.0,12085.0,16656.0,24368.0,0.5913,0.4871,27000.0,35770.0,55297.0,56909.0,48203.0,58799.0,57204.0,1.027882665547864,0.607787020138452
146205,John A Logan College,Carterville,IL,Public,Associate,https://www.jalc.edu/,https://www.jalc.edu/net-price-calculator/,2016,,13596.0,4630.0,7540.0,5541.0,4813.0,4145.0,8112.0,7810.0,10151.0,0.3943,0.3255,,32435.0,47825.0,37816.0,29460.0,34096.0,22164.0,1.5383504782530228,0.6065715935751669
141981,University of Hawaii-West Oahu,Kapolei,HI,Public,Bachelor,https://westoahu.hawaii.edu/,https://westoahu.hawaii.edu/financial-aid/net-price-calculator/,2519,0.9534,18410.0,7584.0,20544.0,10327.0,7674.0,7077.0,10247.0,13155.0,17718.0,0.4806,0.2864,14500.0,41421.0,53969.0,52678.0,44352.0,52075.0,41308.0,1.2606516897453277,0.6058692020916046
442569,University of Arkansas Grantham,LIttle Rock,AR,Public,Bachelor,https://www.uagrantham.edu/,www.uagrantham.edu/online-college-tuition/net-price-calculator/,2833,,15318.0,8520.0,8520.0,8370.0,8384.0,7973.0,9938.0,,,0.318,0.1685,21956.0,56353.0,62191.0,57146.0,26870.0,63496.0,33480.0,1.8965352449223416,0.6030982078853047
162690,Hagerstown Community College,Hagerstown,MD,Public,Associate,https://www.hagerstowncc.edu/,https://hcc-webapps.hagerstowncc.edu/Forms/calcs/netpricecalc.html,2948,,12747.0,4320.0,8190.0,6835.0,6093.0,6266.0,7728.0,8736.0,10814.0,0.3961,0.2545,11000.0,44215.0,55827.0,48599.0,35634.0,41615.0,27340.0,1.5221287490855888,0.6029151975128018
172644,Wayne State University,Detroit,MI,Public,Bachelor,https://wayne.edu/,https://irda.wayne.edu/net-price-calculator/index.html,15587,0.8116,27350.0,15190.0,32037.0,12766.0,11090.0,10721.0,12068.0,14828.0,19862.0,0.5754,0.3597,21250.0,50183.0,68551.0,62306.0,45207.0,53493.0,51064.0,1.047567758107473,0.60277048801504
232423,James Madison University,Harrisonburg,VA,Public,Bachelor,www.jmu.edu/index.shtml,www.jmu.edu/financialaid/calculators/index.shtml,20888,0.7152,31735.0,14250.0,31604.0,23322.0,11444.0,12977.0,16475.0,22343.0,30147.0,0.803,0.6563,20093.0,48545.0,70627.0,69066.0,57438.0,69954.0,93288.0,0.7498713660921019,0.6021467069719578
240189,University of Wisconsin-Whitewater,Whitewater,WI,Public,Bachelor,www.uww.edu/,www.uww.edu/students/financial-aid-award-estimator,9405,0.8572,18719.0,8616.0,18716.0,14158.0,8440.0,8752.0,11176.0,16551.0,18229.0,0.6152,0.4192,23188.0,45955.0,58704.0,56015.0,47909.0,55356.0,56632.0,0.9774685690069219,0.6013386636530583
104179,University of Arizona,Tucson,AZ,Public,Bachelor,https://www.arizona.edu/,https://financialaid.arizona.edu/cost/npc,42537,0.8614,29423.0,13926.0,42278.0,16674.0,13353.0,14984.0,16051.0,19777.0,22307.0,0.6671,0.4993,19620.0,44998.0,67420.0,64522.0,47665.0,59979.0,66696.0,0.899289312702411,0.5999159005037784
131496,Georgetown University,Washington,DC,Private nonprofit,Bachelor,https://www.georgetown.edu/,finaid.georgetown.edu/consumer-info#Net Price,7569,0.1291,88741.0,68017.0,68017.0,40815.0,5064.0,12155.0,18329.0,26459.0,57403.0,0.9455,0.872,15500.0,76027.0,119773.0,101620.0,83222.0,103494.0,163260.0,0.6339213524439544,0.5993726387357589
237367,Fairmont State University,Fairmont,WV,Public,Bachelor,https://www.fairmontstate.edu/,https://fairmontstate.studentaidcalculator.com/survey.aspx,2590,0.9862,20018.0,8708.0,18924.0,9032.0,8434.0,8679.0,10505.0,11184.0,6945.0,0.462,0.3745,21000.0,39489.0,52884.0,52490.0,41197.0,46857.0,36128.0,1.2969718777679362,0.5992010075287866
181303,Metropolitan Community College Area,Omaha,NE,Public,Associate,https://www.mccneb.edu/,https://apps.mccneb.edu/NetPrice/,8775,,11667.0,3375.0,4950.0,4982.0,4151.0,3894.0,5150.0,8504.0,9477.0,0.309,0.1617,8217.0,41455.0,53376.0,48748.0,35437.0,38773.0,19928.0,1.93865,0.59904285
159416,Louisiana State University-Shreveport,Shreveport,LA,Public,Bachelor,www.lsus.edu/,https://www.lsus.edu/costs-and-aid/net-price-calculator,2153,0.5055,19461.0,7518.0,7518.0,7022.0,5680.0,4836.0,5969.0,10359.0,15599.0,0.3543,0.2116,22500.0,40265.0,51673.0,49851.0,38467.0,47477.0,28088.0,1.6902947878097407,0.5988714433209912
127918,Regis University,Denver,CO,Private nonprofit,Bachelor,https://www.regis.edu/,https://www.regis.edu/financial-aid/types-of-financial-aid/first-year-and-transfer-students/net-price-calculator,2627,0.8646,54800.0,46340.0,46340.0,18397.0,13713.0,12553.0,16006.0,24295.0,28572.0,0.6107,0.5482,25000.0,71079.0,81785.0,72939.0,64557.0,72105.0,73588.0,0.9798472577050606,0.5983927202804805
229841,Wharton County Junior College,Wharton,TX,Public,Associate,https://www.wcjc.edu/,https://apps.highered.texas.gov/net-price-calculator/,4585,,11463.0,3192.0,5904.0,4666.0,1779.0,2267.0,5236.0,9365.0,10787.0,0.266,0.1509,7703.0,36205.0,54510.0,52889.0,36405.0,44960.0,18664.0,2.248,0.597968
236230,Pacific Lutheran University,Tacoma,WA,Private nonprofit,Bachelor,www.plu.edu/,www.plu.edu/financial-aid/HEOA-Required-Consumer-Information/net-price-calculator.php,2401,0.7802,62459.0,52254.0,52254.0,19589.0,13609.0,12948.0,15756.0,22535.0,26915.0,0.6975,0.4145,22578.0,45409.0,63671.0,62668.0,52212.0,66990.0,78356.0,0.8549441012813314,0.5963235106437287
199476,Robeson Community College,Lumberton,NC,Public,Associate,www.robeson.edu/,https://robeson.edu/wp-content/uploads/NetPriceCalculator/npcalc.htm,1551,,12628.0,2581.0,8725.0,2892.0,2286.0,2554.0,5009.0,7364.0,,0.4105,0.2109,,39346.0,46135.0,38016.0,24723.0,29036.0,11568.0,1.4518,0.5959639
247603,Sussex County Community College,Newton,NJ,Public,Associate,www.sussex.edu/,sussex.edu/admissions/paying-for-college/net-price-calculator/,2086,,14708.0,5544.0,9024.0,7859.0,5955.0,7781.0,8232.0,12457.0,13931.0,0.4192,0.3497,11000.0,26001.0,41662.0,42385.0,36934.0,44664.0,31436.0,1.4207914492938032,0.5955957755439624
172291,St Clair County Community College,Port Huron,MI,Public,Associate,www.sc4.edu/,www.sc4.edu/Assets/NetPrice/,2138,,14391.0,5212.0,12150.0,5571.0,3849.0,4253.0,6474.0,8549.0,10800.0,0.3303,0.1692,11750.0,47694.0,53867.0,47427.0,33990.0,40177.0,22284.0,1.8029527912403518,0.5955153069466882
233897,University of Virginia's College at Wise,Wise,VA,Public,Bachelor,https://www.uvawise.edu/,https://www.uvawise.edu/affordability/scholarships-aid/net-price-calculator,1101,0.2854,26593.0,11780.0,28010.0,9210.0,8891.0,7668.0,7455.0,8813.0,16176.0,0.4833,0.3203,16750.0,35642.0,47686.0,46382.0,39725.0,45325.0,36840.0,1.2303203040173725,0.5946138029315962
154095,University of Northern Iowa,Cedar Falls,IA,Public,Bachelor,https://www.uni.edu/,https://admissions.uni.edu/financial-aid/resources/net-price-calculator,7529,0.9274,22278.0,9936.0,21712.0,15901.0,10863.0,11751.0,14099.0,17740.0,18706.0,0.6845,0.4736,19691.0,43293.0,54830.0,52258.0,47222.0,55177.0,63604.0,0.8675083328092573,0.5938094538079366
221643,Pellissippi State Community College,Knoxville,TN,Public,Associate,www.pstcc.edu/,https://nces.ed.gov/ipeds/netpricecalculator/#/,6715,,13431.0,4786.0,17770.0,4983.0,4085.0,4194.0,6369.0,7966.0,9114.0,0.3088,0.1528,8725.0,33260.0,45692.0,42497.0,32944.0,38440.0,19932.0,1.922,0.5935136
190619,CUNY Kingsborough Community College,Brooklyn,NY,Public,Associate,www.kbcc.cuny.edu/,https://npc.cuny.edu/npc/public/fin_aid/financial_aid_estimator/FinAidEstimator.jsp,7670,,13580.0,5252.0,8132.0,5606.0,4664.0,5388.0,8270.0,9595.0,11273.0,0.312,0.1414,7100.0,28264.0,43394.0,41285.0,31533.0,42621.0,22424.0,1.9006867641812344,0.5930142704245451
149222,Southern Illinois University-Carbondale,Carbondale,IL,Public,Bachelor,https://siu.edu/,https://siu.studentaidcalculator.com/survey.aspx,8494,0.8688,28329.0,13334.0,13334.0,13297.0,9415.0,8497.0,10308.0,17724.0,23254.0,0.5904,0.4038,21543.0,42911.0,61484.0,55667.0,43087.0,53390.0,53188.0,1.0037978491389035,0.5926422501316086
211307,Bucks County Community College,Newtown,PA,Public,Associate,www.bucks.edu/,bucks.studentaidcalculator.com/survey.aspx,5289,,11688.0,5683.0,13963.0,6389.0,3725.0,4534.0,6371.0,10516.0,11581.0,0.3199,0.1866,12000.0,33535.0,52637.0,51200.0,39454.0,47324.0,25556.0,1.8517764908436376,0.5923832994208797
174075,University of Minnesota-Crookston,Crookston,MN,Public,Bachelor,https://crk.umn.edu/,https://www.shoppingsheet.com/Shopping/Landing/umn-crookston,1729,0.8786,26068.0,13288.0,13288.0,12212.0,5758.0,6368.0,7587.0,13542.0,19289.0,0.4974,0.3756,20500.0,48325.0,62786.0,60840.0,51905.0,58056.0,48848.0,1.1885031116934164,0.5911614477563053
188030,New Mexico State University-Main Campus,Las Cruces,NM,Public,Bachelor,www.nmsu.edu/,https://fa.nmsu.edu/npc/index.html,11946,0.8897,23274.0,8183.0,25307.0,8889.0,6648.0,7424.0,9861.0,13146.0,14049.0,0.5377,0.3387,17095.0,38119.0,54874.0,47377.0,32960.0,39067.0,35556.0,1.0987456406794915,0.5907955309933626
178396,University of Missouri-Columbia,Columbia,MO,Public,Bachelor,https://missouri.edu/,https://financialaid.missouri.edu/cost-of-attendance/net-price-calculator/,23929,0.7847,31713.0,14837.0,36056.0,20268.0,13841.0,13378.0,13722.0,19762.0,26304.0,0.7552,0.5567,20500.0,48326.0,69651.0,65749.0,52756.0,63403.0,81072.0,0.7820579238208013,0.5906101440694691
196237,SUNY Old Westbury,Old Westbury,NY,Public,Bachelor,www.oldwestbury.edu/,https://www.oldwestbury.edu/financial-aid/net-price-calculator,4162,0.8363,21287.0,8422.0,18842.0,11282.0,6645.0,9114.0,13852.0,15712.0,20426.0,0.4552,0.2663,14997.0,40111.0,58756.0,57140.0,43671.0,58526.0,45128.0,1.2968888494947703,0.5903438042900194
155317,University of Kansas,Lawrence,KS,Public,Bachelor,https://ku.edu/,https://admissions.ku.edu/afford/,21217,0.9348,26751.0,12102.0,30432.0,18059.0,12544.0,12942.0,15154.0,19169.0,22544.0,0.688,0.5503,21000.0,48168.0,69680.0,65141.0,51217.0,61945.0,72236.0,0.8575364084390055,0.5899850490060358
218894,Trident Technical College,Charleston,SC,Public,Associate,https://www.tridenttech.edu/,https://www.tridenttech.edu/pay/apply/fa_Calc.htm,10512,,13408.0,4546.0,8620.0,1406.0,1057.0,516.0,1141.0,2174.0,6542.0,0.3083,0.1984,13029.0,43348.0,58783.0,39226.0,33306.0,38253.0,5624.0,1.91265,0.5896699950000001
184180,County College of Morris,Randolph,NJ,Public,Associate,www.ccm.edu/,www.ccm.edu/wp-content/uploads/2024/03/index.html,5360,,15033.0,6210.0,14310.0,8895.0,6573.0,6479.0,8571.0,11689.0,14481.0,0.4173,0.1899,9000.0,30577.0,52838.0,53595.0,40215.0,50243.0,35580.0,1.4121135469364812,0.5892749831365935
122436,University of San Diego,San Diego,CA,Private nonprofit,Bachelor,www.sandiego.edu/,www.sandiego.edu/admissions/undergraduate/tuition-financial-aid/net-price-calculator.php,5671,0.5238,78720.0,59486.0,59486.0,30365.0,15586.0,17441.0,19557.0,27012.0,46989.0,0.8266,0.6925,22940.0,55049.0,85309.0,82964.0,64995.0,86522.0,121460.0,0.7123497447719414,0.5888282990284868
182290,University of Nevada-Reno,Reno,NV,Public,Bachelor,www.unr.edu/,https://www.unr.edu/Prebuilt/financial-aid/net-price-calculator/index.html,15599,0.7371,25786.0,9578.0,27720.0,15927.0,12674.0,13125.0,14537.0,18317.0,21646.0,0.6184,0.4188,18922.0,44846.0,67498.0,63908.0,49182.0,60614.0,63708.0,0.9514346706850003,0.5883672003516042
193973,Niagara University,Niagara University,NY,Private nonprofit,Bachelor,www.niagara.edu/,niagara.aidcalculator.com/,2653,0.8737,51632.0,39345.0,39345.0,17248.0,9564.0,11510.0,17322.0,20355.0,22990.0,0.7222,0.6667,25475.0,45413.0,67652.0,56693.0,48289.0,56196.0,68992.0,0.8145292207792207,0.5882530032467532
209825,University of Portland,Portland,OR,Private nonprofit,Bachelor,https://www.up.edu/,https://www.up.edu/finaid/costs/net-price-calculator.html,2957,0.8917,73224.0,58100.0,58100.0,28210.0,20070.0,16577.0,23858.0,27021.0,37284.0,0.8013,0.6906,21370.0,59965.0,80459.0,79327.0,67913.0,82804.0,112840.0,0.7338177951081177,0.5880081992201347
163851,Salisbury University,Salisbury,MD,Public,Bachelor,https://www.salisbury.edu/,tcc.ruffalonl.com/Salisbury University/Freshman Students,6057,0.8747,28310.0,11084.0,22174.0,17743.0,6743.0,9915.0,12909.0,16669.0,22759.0,0.6779,0.5078,21000.0,45247.0,61985.0,60422.0,51926.0,61515.0,70972.0,0.8667502677112101,0.5875700064814293
194824,Rensselaer Polytechnic Institute,Troy,NY,Private nonprofit,Bachelor,www.rpi.edu/,npc.collegeboard.org/student/app/rpi,5714,0.6347,82404.0,64081.0,64081.0,36228.0,24078.0,26289.0,28212.0,36230.0,42541.0,0.834,0.7169,23750.0,75120.0,98311.0,102764.0,83054.0,102051.0,144912.0,0.7042273931765485,0.5873256459092414
111920,Chabot College,Hayward,CA,Public,Associate,www.chabotcollege.edu/,https://www.chabotcollege.edu/finaid/cost of attendance.php,11392,,17456.0,1150.0,8686.0,9053.0,9013.0,6888.0,10746.0,13457.0,6370.0,0.4414,0.1067,9500.0,46409.0,66589.0,60120.0,40674.0,48143.0,36212.0,1.3294764166574615,0.5868308903126035
217484,University of Rhode Island,Kingston,RI,Public,Bachelor,https://web.uri.edu/,https://web.uri.edu/ir/netprice-2/,13381,0.7216,34321.0,16942.0,37146.0,21440.0,14368.0,12923.0,17803.0,23394.0,28460.0,0.7216,0.5908,22250.0,49926.0,73243.0,67282.0,57446.0,69743.0,85760.0,0.8132346082089552,0.586830093283582
221759,The University of Tennessee-Knoxville,Knoxville,TN,Public,Bachelor,www.utk.edu/,utk.clearcostcalculator.com/student/default/netpricecalculator/survey,30418,0.416,33678.0,13812.0,33256.0,18976.0,10029.0,12162.0,18206.0,23627.0,25688.0,0.7372,0.5668,20500.0,44937.0,67631.0,61635.0,47782.0,60249.0,75904.0,0.7937526349072512,0.5851544424536256
224110,North Central Texas College,Gainesville,TX,Public,Associate,https://www.nctc.edu/,https://apps.highered.texas.gov/apps/NPC/?Fice=003558,5863,,10200.0,3600.0,5739.0,6587.0,5439.0,5505.0,7059.0,8250.0,10096.0,0.3361,0.1897,11250.0,40516.0,52437.0,50174.0,38779.0,45809.0,26348.0,1.738613936541673,0.5843481440716564
141574,University of Hawaii at Manoa,Honolulu,HI,Public,Bachelor,https://manoa.hawaii.edu/,https://manoa.hawaii.edu/fas/basics/npcalc.htm,15029,0.866,26433.0,12186.0,34218.0,15664.0,10675.0,12246.0,14469.0,18760.0,22562.0,0.6348,0.4406,18500.0,40620.0,61903.0,58896.0,45701.0,57624.0,62656.0,0.9196884576098059,0.5838182328907048
152600,Valparaiso University,Valparaiso,IN,Private nonprofit,Bachelor,https://www.valpo.edu/,https://www.valpo.edu/student-financial-services/planning/,2083,0.8943,58437.0,48450.0,48450.0,18578.0,11043.0,12055.0,15279.0,22311.0,24780.0,0.6865,0.6177,26942.0,53991.0,69228.0,65060.0,55216.0,63191.0,74312.0,0.8503471848422866,0.5837633423942297
170082,Grand Valley State University,Allendale,MI,Public,Bachelor,www.gvsu.edu/,https://www.gvsu.edu/financialaid/price_calculator.htm,18854,0.8302,28367.0,15140.0,21548.0,16317.0,12272.0,11902.0,12861.0,16609.0,22534.0,0.6781,0.4464,24500.0,43193.0,60491.0,56856.0,47840.0,56118.0,65268.0,0.8598087883802169,0.5830363394006252
213385,Lafayette College,Easton,PA,Private nonprofit,Bachelor,https://www.lafayette.edu/,https://npc.collegeboard.org/app/lafayette,2757,0.3145,83133.0,65398.0,65398.0,34433.0,12716.0,7445.0,10881.0,12581.0,52608.0,0.8781,0.8022,16000.0,56373.0,91758.0,86844.0,80614.0,91410.0,137732.0,0.663680190514913,0.5827775752911452
433387,Western Governors University,Salt Lake City,UT,Private nonprofit,Bachelor,www.wgu.edu/,www.wgu.edu/tuition_financial_aid/net_price_calculator,155088,,16728.0,8658.0,8658.0,12548.0,12064.0,12436.0,12578.0,14824.0,12734.0,0.4815,0.3307,11116.0,74978.0,87445.0,83319.0,69572.0,60615.0,50192.0,1.2076625757092765,0.5814895302040166
240268,University of Wisconsin-Eau Claire,Eau Claire,WI,Public,Bachelor,www.uwec.edu/,www.uwec.edu/tuition-financial-aid,8895,0.8234,21705.0,9642.0,19228.0,16550.0,10270.0,10968.0,12766.0,18278.0,20778.0,0.6564,0.4385,20909.0,46732.0,60838.0,57697.0,50011.0,58561.0,66200.0,0.884607250755287,0.5806561993957704
189705,Canisius University,Buffalo,NY,Private nonprofit,Bachelor,https://www.canisius.edu/,https://canisius.studentaidcalculator.com/welcome.aspx,1685,0.7236,44322.0,34500.0,34500.0,17940.0,12781.0,12404.0,16151.0,21341.0,24170.0,0.6866,0.5871,24250.0,37798.0,59476.0,58294.0,46089.0,60681.0,71760.0,0.8456103678929766,0.5805960785953177
215770,Saint Joseph's University - Philadelphia,Philadelphia,PA,Private nonprofit,Bachelor,https://www.sju.edu/,https://sju.studentaidcalculator.com/survey.aspx,4948,0.8883,67954.0,53260.0,53260.0,29689.0,22570.0,23022.0,24297.0,28772.0,33222.0,0.7933,0.745,25500.0,62886.0,84010.0,87323.0,66438.0,86881.0,118756.0,0.7315925090100711,0.5803723373976895
186867,Stevens Institute of Technology,Hoboken,NJ,Private nonprofit,Bachelor,www.stevens.edu/,https://npc.collegeboard.org/app/stevens,4222,0.4758,79790.0,63462.0,63462.0,41346.0,27221.0,27603.0,33102.0,38095.0,49538.0,0.8817,0.7097,27000.0,83442.0,112538.0,107922.0,90326.0,108772.0,165384.0,0.657693610022735,0.5798884559570454
178448,Moberly Area Community College,Moberly,MO,Public,Associate,www.macc.edu/,www.macc.edu/netpricecalculator/,3100,,14134.0,4110.0,8640.0,6810.0,5688.0,3274.0,8308.0,7439.0,,0.4203,0.4421,10658.0,36570.0,44572.0,42282.0,33563.0,37537.0,27240.0,1.3780102790014683,0.5791777202643171
207069,Redlands Community College,El Reno,OK,Public,Associate,www.redlandscc.edu/,https://redlandscc.edu/calculator/index.html,946,,15510.0,5385.0,7951.0,5964.0,4451.0,5454.0,10287.0,13634.0,,0.3709,0.3094,6750.0,43449.0,54174.0,45530.0,34168.0,37224.0,23856.0,1.5603621730382293,0.5787383299798793
179159,Saint Louis University,Saint Louis,MO,Private nonprofit,Bachelor,www.slu.edu/,www.slu.edu/financial-aid/tuition-and-costs/calculator.php,7267,0.7504,71932.0,55760.0,55760.0,24398.0,22501.0,21854.0,21880.0,21702.0,27466.0,0.7965,0.7243,25000.0,54826.0,77024.0,71900.0,60716.0,70783.0,97592.0,0.7252951061562423,0.577697552053447
200217,University of Mary,Bismarck,ND,Private nonprofit,Bachelor,https://www.umary.edu/,https://www.umary.edu/financial-aid/net-price-calculator.php,2416,0.753,33672.0,22356.0,22356.0,17770.0,11593.0,12282.0,13087.0,16001.0,20063.0,0.6732,0.5655,24000.0,56099.0,65398.0,61231.0,50191.0,60909.0,71080.0,0.85690770962296,0.5768702701181767
199102,North Carolina A & T State University,Greensboro,NC,Public,Bachelor,www.ncat.edu/,https://www.ncat.edu/admissions/financial-aid/netprice-calculator/index.php,12182,0.499,20427.0,6813.0,20673.0,10846.0,8223.0,9462.0,11973.0,16454.0,17311.0,0.562,0.3627,27000.0,39098.0,56996.0,49710.0,36638.0,44440.0,43384.0,1.024340770791075,0.5756795131845842
161299,Maine Maritime Academy,Castine,ME,Public,Bachelor,https://mainemaritime.edu/,https://npc.collegeboard.org/app/mainemaritime,942,0.5414,31046.0,15158.0,31102.0,23414.0,9511.0,21690.0,21162.0,24372.0,25021.0,0.5987,0.3889,27000.0,93824.0,113298.0,107211.0,93944.0,89964.0,93656.0,0.9605791406850602,0.5750987315281456
198455,Durham Technical Community College,Durham,NC,Public,Associate,www.durhamtech.edu/,www.durhamtech.edu/sites/default/files/npcalc/index.html,3890,,10430.0,1986.0,6594.0,1664.0,525.0,1495.0,2850.0,9407.0,9930.0,0.3182,0.2246,14750.0,49815.0,57868.0,49499.0,31129.0,36142.0,6656.0,1.8071,0.5750192199999999
174844,St Olaf College,Northfield,MN,Private nonprofit,Bachelor,wp.stolaf.edu/,https://wp.stolaf.edu/financialaid/net-price-calculator/,3093,0.4832,71843.0,59760.0,59760.0,23874.0,10404.0,11342.0,12584.0,20367.0,33166.0,0.8375,0.7742,26000.0,37341.0,56323.0,59029.0,48373.0,65543.0,95496.0,0.686342883471559,0.5748121649074307
209542,Oregon State University,Corvallis,OR,Public,Bachelor,https://oregonstate.edu/,https://financialaid.oregonstate.edu/net-price-calculator,30743,0.773,31653.0,14400.0,38190.0,19604.0,12107.0,13036.0,15729.0,20262.0,27459.0,0.7037,0.4717,21221.0,47459.0,71799.0,65204.0,50843.0,64010.0,78416.0,0.8162874923485003,0.5744215083656397
232946,Northern Virginia Community College,Annandale,VA,Public,Associate,https://www.nvcc.edu/,https://www.vawizard.org/wizard/npc,33048,,17153.0,5891.0,12409.0,9919.0,7463.0,8317.0,10762.0,13835.0,16630.0,0.4248,0.188,11000.0,37218.0,57487.0,55996.0,40698.0,53557.0,39676.0,1.3498588567395906,0.573420042342978
195030,University of Rochester,Rochester,NY,Private nonprofit,Bachelor,https://www.rochester.edu/,https://www.rochester.edu/financial-aid/cost-calculators/#college-board,6331,0.4008,85962.0,67080.0,67080.0,29278.0,9678.0,12185.0,21087.0,27883.0,46801.0,0.8495,0.7106,21000.0,64722.0,87197.0,84459.0,68333.0,79042.0,117112.0,0.6749265660222693,0.5733501178359178
430935,Colegio de Cinematografia Artes y Television,Bayamon,PR,Private for-profit,Associate,https://www.ccatpuertorico.com/,www.ccatpuertorico.com/docs/NetPriceTemplate/,556,,8846.0,7796.0,7796.0,1460.0,1221.0,1926.0,3451.0,6801.0,,0.4459,0.4745,,7756.0,18142.0,20930.0,18950.0,25707.0,5840.0,1.28535,0.573137565
175883,Jones County Junior College,Ellisville,MS,Public,Associate,www.jcjc.edu/,www.jcjc.edu/tuition/,3535,,13670.0,4806.0,6806.0,6048.0,5645.0,5537.0,6855.0,9991.0,10931.0,0.4152,0.2913,6291.0,29785.0,36340.0,37042.0,29640.0,33377.0,24192.0,1.3796709656084656,0.5728393849206349
240471,University of Wisconsin-River Falls,River Falls,WI,Public,Bachelor,https://www.uwrf.edu/,https://students.uwrf.edu/financial-aid/net-price-calculator,4205,0.8172,19781.0,9008.0,17470.0,14054.0,8472.0,9014.0,10796.0,16578.0,18234.0,0.5887,0.4161,20500.0,42343.0,54923.0,53390.0,46524.0,54458.0,56216.0,0.9687277643375551,0.5702900348655187
114813,Fresno Pacific University,Fresno,CA,Private nonprofit,Bachelor,www.fresno.edu/,https://tcc.noellevitz.com/(S(2udqcz4v5juwacioemspbydx))/Fresno Pacific University/Freshman Students,1544,0.6407,44249.0,36660.0,36660.0,13630.0,11133.0,11929.0,10799.0,15744.0,20353.0,0.5276,0.4397,23146.0,42313.0,63285.0,61378.0,51422.0,58896.0,54520.0,1.08026412325752,0.5699473514306675
211343,Butler County Community College,Butler,PA,Public,Associate,https://www.bc3.edu/,https://www.bc3.edu/paying/financial-aid/net-price-calculator/index.html,1789,,12340.0,5910.0,12000.0,6233.0,4083.0,3439.0,6865.0,9940.0,11826.0,0.365,0.2116,10020.0,33177.0,45728.0,40876.0,33920.0,38891.0,24932.0,1.55988288143751,0.5693572517246912
197869,Appalachian State University,Boone,NC,Public,Bachelor,https://www.appstate.edu/,https://appstate.edu/npc/,19444,0.9014,23169.0,7579.0,25212.0,16836.0,9325.0,11600.0,15204.0,20840.0,22382.0,0.7384,0.5872,20231.0,37893.0,54010.0,51728.0,43663.0,51836.0,67344.0,0.769719648372535,0.5683609883582799
187134,The College of New Jersey,Ewing,NJ,Public,Bachelor,https://www.tcnj.edu/,https://netpricecalc.tcnj.edu/netpricecalc/,7105,0.6229,38860.0,19632.0,25752.0,27646.0,7908.0,14028.0,22642.0,30942.0,35222.0,0.8554,0.7584,23250.0,53609.0,72068.0,70958.0,62649.0,73323.0,110584.0,0.6630525211603848,0.5671751266005932
180832,Clarkson College,Omaha,NE,Private nonprofit,Bachelor,www.clarksoncollege.edu/,www.clarksoncollege.edu/netpricecalculator/npcdefault.htm,622,0.7818,24670.0,16104.0,16104.0,19241.0,,19222.0,17312.0,20003.0,20262.0,0.6727,0.3636,23716.0,70580.0,80614.0,72890.0,62339.0,64876.0,76964.0,0.8429395561561249,0.5670454394262252
105330,Northern Arizona University,Flagstaff,AZ,Public,Bachelor,https://nau.edu/,https://app.meadowfi.com/nau,22903,0.8961,29933.0,13009.0,29881.0,14158.0,9709.0,10398.0,13330.0,18050.0,20686.0,0.5904,0.4812,19000.0,45100.0,60629.0,57682.0,47308.0,54384.0,56632.0,0.9603051278429157,0.5669641474784575
144218,City Colleges of Chicago-Wilbur Wright College,Chicago,IL,Public,Associate,www.ccc.edu/colleges/wright/pages/default.aspx,www.ccc.edu/colleges/wright/services/Pages/Find-Out-How-Much-College-Will-Cost.aspx,4372,,13762.0,4590.0,15150.0,6375.0,5645.0,5916.0,7930.0,9691.0,,0.3473,0.1332,6500.0,31483.0,48501.0,48058.0,33808.0,41625.0,25500.0,1.6323529411764706,0.5669161764705882
164924,Boston College,Chestnut Hill,MA,Private nonprofit,Bachelor,www.bc.edu/,https://npc.collegeboard.org/student/app/bc,10085,0.1643,89493.0,70702.0,70702.0,41704.0,4284.0,7304.0,13112.0,19999.0,60308.0,0.9091,0.8644,19000.0,61773.0,96145.0,90978.0,85717.0,103937.0,166816.0,0.6230637348935354,0.5664272413917131
176071,Mississippi Gulf Coast Community College,Perkinston,MS,Public,Associate,https://www.mgccc.edu/,https://mgccc.edu/enroll/financial-aid/net-price-calculator/,6353,,12978.0,4250.0,7850.0,6962.0,5778.0,6195.0,8771.0,11280.0,12657.0,0.4775,0.388,10000.0,34792.0,44103.0,38233.0,28421.0,33017.0,27848.0,1.1856147658718759,0.5661310507038207
193292,Molloy University,Rockville Centre,NY,Private nonprofit,Bachelor,www.molloy.edu/,www.molloy.edu/admissions-aid/financial-aid/net-price-calculator,3162,0.8174,50720.0,39790.0,39790.0,24347.0,17548.0,19241.0,22739.0,28254.0,30144.0,0.7078,0.4729,27000.0,90478.0,96058.0,89292.0,78372.0,77789.0,97388.0,0.798753439848852,0.5653576847250175
119216,Mt San Jacinto Community College District,San Jacinto,CA,Public,Associate,www.msjc.edu/,www.msjc.edu/financialaid/budgets.html,15259,,14257.0,1448.0,12728.0,6806.0,6012.0,5945.0,7839.0,10021.0,11595.0,0.4015,0.1231,,30066.0,43983.0,47953.0,31078.0,38319.0,27224.0,1.4075448133999413,0.5651292425800765
174792,Saint Johns University,Collegeville,MN,Private nonprofit,Bachelor,https://csbsju.edu/,https://csbsju.edu/admission/cost-aid-scholarships/net-price-calculators/sju-net-price-calculator,1395,0.9062,68521.0,55816.0,55816.0,25672.0,10354.0,9715.0,16196.0,22913.0,32822.0,0.7555,0.691,27000.0,48669.0,72829.0,71478.0,59843.0,76786.0,102688.0,0.7477602056715488,0.5649328353848551
187903,New Mexico Junior College,Hobbs,NM,Public,Associate,https://www.nmjc.edu/,https://www.nmjc.edu/about/consumer_information/NetPrice/index.html,2175,,9258.0,1440.0,2280.0,6524.0,6000.0,6697.0,7669.0,,,0.4304,0.1801,11313.0,47749.0,60987.0,48368.0,32145.0,34233.0,26096.0,1.311810239117106,0.5646031269160025
130697,Wesleyan University,Middletown,CT,Private nonprofit,Bachelor,https://www.wesleyan.edu/,https://www.wesleyan.edu/admission/afford-aid/tuition-fees.html#calculators,3067,0.1649,89020.0,70342.0,70342.0,30177.0,4871.0,3604.0,6175.0,17294.0,51140.0,0.9212,0.8092,17000.0,41304.0,72119.0,73142.0,60385.0,73897.0,120708.0,0.6121963747224708,0.56395530039434
218140,Horry-Georgetown Technical College,Conway,SC,Public,Associate,www.hgtc.edu/,www.hgtc.edu/admissions/financialaid/collegecalc.html,6274,,11909.0,4468.0,8836.0,4159.0,3673.0,4165.0,4457.0,5443.0,7666.0,0.3174,0.2665,14250.0,37706.0,46000.0,41732.0,31547.0,35507.0,16636.0,1.77535,0.56349609
216296,Thaddeus Stevens College of Technology,Lancaster,PA,Public,Associate,stevenscollege.edu/,https://stevenscollege.edu/financialaid/netpricecalculator/,1446,0.7122,18694.0,9050.0,9050.0,14104.0,10981.0,11230.0,13176.0,16504.0,18359.0,0.5813,0.6497,9990.0,41045.0,57788.0,56820.0,48985.0,54681.0,56416.0,0.969246313102666,0.5634228818065797
240462,University of Wisconsin-Platteville,Platteville,WI,Public,Bachelor,https://www.uwplatt.edu/,https://www.uwplatt.edu/net-price-calculator,5837,0.8938,21266.0,8644.0,17603.0,16032.0,9009.0,10459.0,12065.0,17984.0,20245.0,0.5846,0.3266,21977.0,56860.0,70899.0,63516.0,54825.0,61760.0,64128.0,0.9630738522954092,0.5630129740518962
163912,St. Mary's College of Maryland,St. Mary's City,MD,Public,Bachelor,https://www.smcm.edu/,https://www.collegenpc.com/SMCM,1603,0.6863,31865.0,15298.0,31374.0,18441.0,2889.0,12053.0,15033.0,19796.0,25173.0,0.6904,0.6037,21000.0,30856.0,60029.0,56385.0,52286.0,60110.0,73764.0,0.8148961553061114,0.5626043056233393
238032,West Virginia University,Morgantown,WV,Public,Bachelor,www.wvu.edu/,financialaid.wvu.edu/net-price-calculator,17385,0.89,26415.0,10104.0,28608.0,15634.0,9450.0,12501.0,14179.0,18710.0,20273.0,0.6284,0.484,22500.0,43805.0,64952.0,62396.0,45181.0,55939.0,62536.0,0.8945087629525393,0.5621093066393756
171304,Muskegon Community College,Muskegon,MI,Public,Associate,www.muskegoncc.edu/,www.muskegoncc.edu/wp-content/uploads/NetPriceCalculator/npcalc.htm,2760,,12178.0,7250.0,16010.0,4005.0,3708.0,1441.0,5178.0,7725.0,9933.0,0.3075,0.1756,9125.0,39934.0,47476.0,50371.0,31662.0,36549.0,16020.0,1.82745,0.561940875
200572,Valley City State University,Valley City,ND,Public,Bachelor,www.vcsu.edu/,www.vcsu.edu/admissions/tuition-fees/net-price-calculator/,958,0.9907,20468.0,8514.0,13544.0,11890.0,7879.0,7787.0,10841.0,12538.0,14570.0,0.5065,0.3733,20369.0,45069.0,52034.0,50949.0,45820.0,52725.0,47560.0,1.1085996635828428,0.5615057296047098
150668,Goshen College,Goshen,IN,Private nonprofit,Bachelor,www.goshen.edu/,https://www.goshen.edu/financial-aid/calculator/,773,0.8407,48449.0,38890.0,38890.0,14493.0,12761.0,6947.0,15163.0,17413.0,19447.0,0.6265,0.53,22974.0,43230.0,55539.0,49815.0,43218.0,51943.0,57972.0,0.8960015179741945,0.5613449510108328
106397,University of Arkansas,Fayetteville,AR,Public,Bachelor,https://www.uark.edu/,https://finaid.uark.edu/aid-calculator.php,28677,0.743,27767.0,10104.0,29966.0,18209.0,14319.0,14322.0,15934.0,20772.0,22470.0,0.7024,0.5579,21500.0,47767.0,68890.0,64153.0,49686.0,58191.0,72836.0,0.7989318468889011,0.5611697292547642
130989,Goldey-Beacom College,Wilmington,DE,Private nonprofit,Bachelor,www.gbc.edu/,https://www.gbc.edu/admissions-aid/financial-aid/undergraduate/cost-and-affordability/,691,0.8451,26502.0,14940.0,14940.0,15554.0,11367.0,14549.0,15777.0,19540.0,20121.0,0.5817,0.4884,18900.0,37675.0,52348.0,56729.0,45097.0,59892.0,62216.0,0.9626462646264626,0.5599713321332133
195544,St. Joseph's University-New York,Brooklyn,NY,Private nonprofit,Bachelor,www.sjny.edu/,https://tcc.ruffalonl.com/Saint Josephs University NY/Freshman Students,3144,0.7205,41897.0,36550.0,36550.0,19035.0,16876.0,15633.0,16663.0,18908.0,22947.0,0.6667,0.5781,22000.0,43554.0,64336.0,62397.0,50759.0,63905.0,76140.0,0.8393091673233517,0.5595674218544785
484932,BridgeValley Community & Technical College,South  Charleston,WV,Public,Associate,www.bridgevalley.edu/,https://bridgevalley.studentaidcalculator.com/survey.aspx,1854,,12299.0,5800.0,12428.0,4565.0,4321.0,4539.0,7211.0,6446.0,7509.0,0.3071,0.3421,9829.0,48340.0,57464.0,45668.0,34209.0,36432.0,18260.0,1.8216,0.55941336
122180,Sacramento City College,Sacramento,CA,Public,Associate,https://www.scc.losrios.edu/,https://www.scc.losrios.edu/admissions/cost-of-attendance/net-price-calculator,17657,,15767.0,1288.0,12616.0,6614.0,5739.0,5509.0,8567.0,11609.0,9906.0,0.3501,0.0505,10500.0,35869.0,52366.0,52442.0,32703.0,42214.0,26456.0,1.5956304807983066,0.5586302313274871
155450,Labette Community College,Parsons,KS,Public,Associate,www.labette.edu/,www.labette.edu/financialaid/netprice/index.html,801,,13364.0,4064.0,4864.0,5939.0,4578.0,3927.0,7168.0,8737.0,11507.0,0.3508,0.1509,10500.0,44109.0,53187.0,45880.0,35424.0,37818.0,23756.0,1.5919346691362182,0.5584506819329853
159391,Louisiana State University and Agricultural & Mechanical College,Baton Rouge,LA,Public,Bachelor,www.lsu.edu/,https://www.lsu.edu/financialaid/cost/net_price_calculator.php,30594,0.7333,34705.0,11954.0,28631.0,19151.0,13056.0,15696.0,20223.0,23878.0,26489.0,0.6979,0.4749,20500.0,42361.0,66893.0,63498.0,49218.0,61251.0,76604.0,0.7995796564148087,0.5580266422118949
183938,Camden County College,Blackwood,NJ,Public,Associate,https://www.camdencc.edu/,https://www.camdencc.edu/admissions-financial-aid/financial-aid/net-price-calculator/,6636,,12535.0,4320.0,4416.0,5996.0,4582.0,4713.0,6518.0,9373.0,12217.0,0.3246,0.1711,11851.0,41350.0,55466.0,51149.0,32960.0,41212.0,23984.0,1.7183122081387592,0.5577641427618413
229115,Texas Tech University,Lubbock,TX,Public,Bachelor,www.ttu.edu/,www.depts.ttu.edu/financialaid/netCostCalcHome.php,32394,0.7265,27443.0,11852.0,24451.0,19070.0,12457.0,13851.0,17058.0,22073.0,24622.0,0.6811,0.4743,21500.0,46893.0,66144.0,63247.0,52588.0,62454.0,76280.0,0.8187467226009439,0.557648392763503
230959,Middlebury College,Middlebury,VT,Private nonprofit,Bachelor,https://www.middlebury.edu/college/,https://npc.collegeboard.org/app/middlebury,2738,0.1075,85880.0,67600.0,67600.0,31483.0,12723.0,8229.0,17510.0,18526.0,49824.0,0.92,0.6561,13857.0,50392.0,71188.0,77212.0,57291.0,76310.0,125932.0,0.605961947717816,0.5574849919003907
227687,Ranger College,Ranger,TX,Public,Associate,https://www.rangercollege.edu/#gsc.tab=0,https://www.rangercollege.edu/admissions/financial-aid/index.php#gsc.tab=0,971,,15017.0,2766.0,9066.0,6182.0,5459.0,5645.0,7622.0,9535.0,,0.3865,0.1585,9500.0,34138.0,42565.0,42768.0,30914.0,35552.0,24728.0,1.4377224199288257,0.5556797153024912
200004,Western Carolina University,Cullowhee,NC,Public,Bachelor,www.wcu.edu/,www.wcu.edu/apply/financial-aid/facts-and-resources/npcalc.html,10024,0.8183,19992.0,4630.0,8630.0,13315.0,8816.0,10012.0,12605.0,17060.0,17992.0,0.597,0.4396,21868.0,40015.0,54667.0,51153.0,43085.0,49458.0,53260.0,0.9286143447239955,0.5543827638002253
221768,The University of Tennessee-Martin,Martin,TN,Public,Bachelor,https://www.utm.edu/,https://www.utm.edu/admissions-and-aid/financial-aid-and-scholarships/net-price-calculators.php,4866,0.882,23079.0,10560.0,16600.0,10701.0,7151.0,8961.0,11640.0,15343.0,15827.0,0.5364,0.3651,21024.0,38328.0,47898.0,46528.0,38863.0,44213.0,42804.0,1.0329174843472573,0.5540569386038688
152673,Wabash College,Crawfordsville,IN,Private nonprofit,Bachelor,www.wabash.edu/,https://www.wabash.edu/admissions/finances/npc,866,0.633,65144.0,50800.0,50800.0,24336.0,16586.0,13526.0,18175.0,18681.0,30511.0,0.7703,0.708,27000.0,42841.0,68626.0,64747.0,52667.0,69952.0,97344.0,0.7186061801446417,0.5535423405654175
172918,Alexandria Technical & Community College,Alexandria,MN,Public,Associate,www.alextech.edu/,www.minnstate.edu/admissions/calculator/alexandria.html,1533,,18698.0,6236.0,6236.0,13691.0,8358.0,10633.0,11673.0,15190.0,17526.0,0.6136,0.5763,12000.0,46721.0,59377.0,54494.0,46061.0,49393.0,54764.0,0.9019246220144621,0.553420948068074
157085,University of Kentucky,Lexington,KY,Public,Bachelor,www.uky.edu/,https://uky.studentaidcalculator.com/survey.aspx,24763,0.9294,34391.0,13502.0,34140.0,18851.0,12182.0,12119.0,16313.0,21192.0,26781.0,0.7069,0.5543,22500.0,45496.0,65922.0,60703.0,47266.0,59025.0,75404.0,0.7827834067158241,0.553349590207416
139463,Dalton State College,Dalton,GA,Public,Bachelor,https://www.daltonstate.edu/,https://www.daltonstate.edu/admissions/financial-aid/net-price-calculator/,4553,,12719.0,3336.0,10656.0,5012.0,3962.0,3788.0,6042.0,8114.0,10055.0,0.2755,0.0783,12937.0,41241.0,52160.0,46933.0,37491.0,40251.0,20048.0,2.0077314445331207,0.5531300129688748
139311,Clayton  State University,Morrow,GA,Public,Bachelor,www.clayton.edu/,www.clayton.edu/financial-aid/docs/net-price-calculator-2023.html,4348,0.6845,17415.0,5180.0,16532.0,8365.0,7405.0,7032.0,9755.0,12095.0,14161.0,0.3762,0.1802,25706.0,40178.0,54430.0,54640.0,41633.0,49179.0,33460.0,1.4697848176927675,0.5529330484160191
157386,Morehead State University,Morehead,KY,Public,Bachelor,https://www.moreheadstate.edu/,https://tcc.ruffalonl.com/Morehead State University/NPC,4578,0.7721,21961.0,10024.0,14980.0,9793.0,7150.0,7057.0,8874.0,13341.0,15164.0,0.5004,0.3983,22250.0,37904.0,50224.0,46860.0,37131.0,43197.0,39172.0,1.1027519656897784,0.5518170836311651
207388,Oklahoma State University-Main Campus,Stillwater,OK,Public,Bachelor,www.okstate.edu/,https://orange.okstate.edu/register/net-price-calculator,21773,0.7504,28290.0,10234.0,25754.0,17447.0,12243.0,12314.0,15893.0,21896.0,24711.0,0.6699,0.5247,20500.0,46062.0,65492.0,62338.0,46855.0,57413.0,69788.0,0.8226772511033416,0.5511114905141286
229179,Texas Woman's University,Denton,TX,Public,Bachelor,www.twu.edu/,www.collegeforalltexans.com/apps/CollegeMoney/,8767,0.9612,22234.0,8640.0,18480.0,11963.0,9948.0,9894.0,11087.0,14094.0,19093.0,0.4661,0.2298,19218.0,53225.0,64179.0,60022.0,48773.0,56544.0,47852.0,1.1816434004848282,0.5507639889659784
190044,Clarkson University,Potsdam,NY,Private nonprofit,Bachelor,https://www.clarkson.edu/,https://www.clarkson.edu/net-price-calculator,2196,0.7736,79022.0,59398.0,59398.0,30305.0,21335.0,19934.0,23321.0,30990.0,35757.0,0.7429,0.6236,26000.0,72875.0,91312.0,89882.0,76970.0,89696.0,121220.0,0.739943903646263,0.5497043260188087
151379,Indiana University-Southeast,New Albany,IN,Public,Bachelor,https://southeast.iu.edu/,https://iuia.iu.edu/compliance-reports/campus-net-price-calc/index.html,3170,0.8446,16411.0,8424.0,22811.0,7888.0,3782.0,4978.0,7046.0,11730.0,14276.0,0.3642,0.257,19684.0,43667.0,54129.0,51803.0,42290.0,47596.0,31552.0,1.5084939148073022,0.5493934837728195
196185,SUNY Oneonta,Oneonta,NY,Public,Bachelor,https://suny.oneonta.edu/,https://suny.oneonta.edu/index.php/cost-aid/suny-net-price-calculator,4643,0.696,28821.0,8831.0,19781.0,19158.0,11044.0,14427.0,19189.0,20552.0,25382.0,0.6954,0.6088,19812.0,33955.0,58809.0,58485.0,49723.0,60386.0,76632.0,0.7879997912099385,0.5479750548073912
227216,University of North Texas,Denton,TX,Public,Bachelor,www.unt.edu/,www.highered.texas.gov/apps/NPC/?Fice=003594,34341,0.7223,26243.0,11309.0,21149.0,15649.0,12311.0,12668.0,14473.0,19576.0,22943.0,0.6013,0.4336,19250.0,42036.0,58743.0,57374.0,46304.0,57010.0,62596.0,0.9107610709949517,0.5476406319892644
154396,Southwestern Community College,Creston,IA,Public,Associate,www.swcciowa.edu/,www.swcciowa.edu/net-price-calculator/,729,,16951.0,8064.0,8316.0,9871.0,7137.0,8440.0,10118.0,12444.0,14449.0,0.5383,0.5581,10975.0,39446.0,51650.0,45649.0,36878.0,40129.0,39484.0,1.016335730928984,0.5470935239590721
161484,Northern Maine Community College,Presque Isle,ME,Public,Associate,www.nmcc.edu/,www2.nmcc.edu/npc/,638,,15918.0,4156.0,7036.0,7181.0,6750.0,5629.0,8214.0,10220.0,13068.0,0.3624,0.3365,10825.0,41476.0,44985.0,49935.0,34802.0,43348.0,28724.0,1.5091212922991226,0.546905556329202
198464,East Carolina University,Greenville,NC,Public,Bachelor,https://www.ecu.edu/,https://shoppingsheet.com/Shopping/Landing/ecu,19896,0.8921,23867.0,7361.0,23638.0,15739.0,10046.0,11699.0,14904.0,20417.0,23028.0,0.6238,0.4333,22750.0,44602.0,60888.0,56743.0,46420.0,55146.0,62956.0,0.8759451045174408,0.5464145561979796
173647,Gustavus Adolphus College,Saint Peter,MN,Private nonprofit,Bachelor,gustavus.edu/,gustavus.edu/admission/financial-aid/calculator.php,1878,0.6099,67613.0,56076.0,56076.0,22900.0,12015.0,10783.0,13875.0,19015.0,29674.0,0.7627,0.639,26774.0,41780.0,61015.0,61911.0,51546.0,65607.0,91600.0,0.7162336244541485,0.5462713853711791
220057,Dyersburg State Community College,Dyersburg,TN,Public,Associate,www.dscc.edu/,https://www.dscc.edu/net-price-calculator/,2103,,14329.0,4758.0,17742.0,4612.0,4213.0,3603.0,6093.0,7322.0,5590.0,0.3023,0.214,6900.0,61845.0,59696.0,50018.0,32595.0,36132.0,18448.0,1.8066,0.54613518
237792,Shepherd University,Shepherdstown,WV,Public,Bachelor,www.shepherd.edu/,https://shepherd.clearcostcalculator.com/student/default/netpricecalculator/survey,2344,0.9678,19601.0,9056.0,19082.0,11363.0,7906.0,7753.0,10107.0,14000.0,15866.0,0.5025,0.3527,21600.0,43801.0,55251.0,54289.0,43726.0,49358.0,45452.0,1.0859368124614979,0.5456832482619026
240170,Western Technical College,La Crosse,WI,Public,Associate,https://www.westerntc.edu/,https://www.westerntc.edu/sites/default/files/paying-for-college/index.html,3183,,16078.0,4820.0,7078.0,11008.0,7483.0,8083.0,10581.0,13786.0,15430.0,0.5302,0.2825,11500.0,43102.0,53114.0,48996.0,41169.0,45303.0,44032.0,1.028865370639535,0.5455044195130815
142285,University of Idaho,Moscow,ID,Public,Bachelor,www.uidaho.edu/,www.uidaho.edu/financial-aid/cost-of-attendance,7747,0.7553,23738.0,9084.0,28320.0,14831.0,11270.0,11193.0,13374.0,17130.0,18791.0,0.5916,0.4323,21982.0,40058.0,60330.0,56204.0,42602.0,54670.0,59324.0,0.9215494572179893,0.5451886588901624
157951,Western Kentucky University,Bowling Green,KY,Public,Bachelor,https://www.wku.edu/,https://tcc.ruffalonl.com/Western Kentucky University/Freshman-Students,12155,0.9387,24188.0,11652.0,27000.0,10990.0,7087.0,6871.0,9765.0,14049.0,17653.0,0.5459,0.4423,22095.0,40545.0,53602.0,48952.0,38156.0,43889.0,43960.0,0.9983848953594177,0.5450183143767061
180373,Miles Community College,Miles City,MT,Public,Associate,www.milescc.edu/,https://content.milescc.edu/Downloadfiles/FinAID/NetPriceCalculator/npcalc.htm,332,,17452.0,5818.0,10626.0,10405.0,9462.0,9486.0,10693.0,10411.0,13000.0,0.5292,0.5565,11500.0,38800.0,43022.0,50924.0,35912.0,42862.0,41620.0,1.0298414223930803,0.544992080730418
150136,Ball State University,Muncie,IN,Public,Bachelor,https://www.bsu.edu/,https://bsu.studentaidcalculator.com/survey.aspx,13988,0.855,26146.0,11082.0,29630.0,14940.0,7834.0,9848.0,14333.0,19567.0,23479.0,0.6282,0.4948,23250.0,42646.0,57619.0,54001.0,44394.0,51833.0,59760.0,0.8673527443105756,0.5448709939759036
228802,The University of Texas at Tyler,Tyler,TX,Public,Bachelor,https://www.uttyler.edu/,https://www.uttyler.edu/admissions-aid/tuition-financial-aid-fees/tuition-fees/cost-calculator.php,7440,0.9402,24505.0,9736.0,25494.0,13323.0,10307.0,10456.0,12958.0,17475.0,22126.0,0.5088,0.4405,17137.0,57253.0,68633.0,61130.0,49355.0,57053.0,53292.0,1.070573444419425,0.5447077685206035
143358,Bradley University,Peoria,IL,Private nonprofit,Bachelor,www.bradley.edu/,https://admissions.bradley.edu/ssl/estimator,3574,0.7676,54730.0,42160.0,42160.0,22719.0,17269.0,16539.0,18609.0,22954.0,30008.0,0.7401,0.5756,27000.0,51073.0,74150.0,67615.0,59114.0,66852.0,90876.0,0.7356397728773274,0.54444699590651
200305,North Dakota State College of Science,Wahpeton,ND,Public,Associate,https://www.ndscs.edu/,https://www.ndscs.edu/paying-college/financial-aid/net-price-calculator,1909,,17265.0,5974.0,6973.0,11261.0,7803.0,7297.0,9678.0,12078.0,14772.0,0.4855,0.4886,12000.0,49092.0,60587.0,55699.0,48800.0,50513.0,45044.0,1.1214146168191101,0.544446796465678
197018,United Talmudical Seminary,Brooklyn,NY,Private nonprofit,Bachelor,utsny.edu/,utsny.edu/NetPriceCalculator/npcalc.htm,2241,,22754.0,15000.0,15000.0,6640.0,6446.0,6478.0,7771.0,9644.0,,0.5756,0.0067,,17814.0,18950.0,20674.0,20766.0,25113.0,26560.0,0.9455195783132531,0.5442410692771085
179955,William Jewell College,Liberty,MO,Private nonprofit,Bachelor,https://www.jewell.edu/,https://www.jewell.edu/net-price-calculator,924,0.3836,35785.0,20610.0,20610.0,17562.0,12909.0,4356.0,12869.0,16624.0,23901.0,0.6439,0.5629,24498.0,55771.0,66965.0,65301.0,54197.0,59268.0,70248.0,0.843696617697301,0.5432562521352922
130590,Trinity College,Hartford,CT,Private nonprofit,Bachelor,https://www.trincoll.edu/,https://npc.collegeboard.org/app/trinitycollege,2146,0.2925,87840.0,70770.0,70770.0,34832.0,11054.0,13599.0,18325.0,24369.0,48515.0,0.8326,0.7789,23000.0,51307.0,83645.0,79872.0,67628.0,90779.0,139328.0,0.6515488631143775,0.5424795834290308
196176,State University of New York at New Paltz,New Paltz,NY,Public,Bachelor,www.newpaltz.edu/,www.newpaltz.edu/financialaid/netpricecalc.html,6086,0.6161,28428.0,8572.0,18822.0,18809.0,10541.0,13969.0,20178.0,21937.0,26256.0,0.7027,0.581,18750.0,31471.0,56933.0,57166.0,45555.0,58073.0,75236.0,0.771877824445744,0.5423985472380244
142179,College of Eastern Idaho,Idaho Falls,ID,Public,Associate,www.cei.edu/,www.cei.edu/NPCalc/index.html,1478,,13947.0,3390.0,6750.0,8778.0,6387.0,8582.0,8249.0,10918.0,12269.0,0.4526,0.2775,12000.0,40552.0,55123.0,49133.0,37934.0,42057.0,35112.0,1.1977956254272044,0.5421223000683527
193946,Niagara County Community College,Sanborn,NY,Public,Associate,www.niagaracc.suny.edu/,www.niagaracc.suny.edu/tuition/rates/,3084,,13908.0,6894.0,12030.0,6876.0,3615.0,5286.0,8669.0,10808.0,12880.0,0.352,0.202,11039.0,32443.0,47142.0,42217.0,35101.0,42285.0,27504.0,1.537412739965096,0.5411692844677138
100858,Auburn University,Auburn,AL,Public,Bachelor,www.auburn.edu/,https://www.auburn.edu/admissions/costcalc/index.php,26816,0.4592,34919.0,12890.0,34922.0,24323.0,16681.0,17627.0,20558.0,25808.0,29547.0,0.8058,0.6074,21000.0,50578.0,73151.0,68172.0,54629.0,65337.0,97292.0,0.6715557291452534,0.5411396065452452
225201,Hallmark University,San Antonio,TX,Private nonprofit,Bachelor,https://www.hallmarkuniversity.edu/,https://hallmarkunistg.wpenginepowered.com/net-price-calculator/npcalc2.html,769,0.5134,,,,12513.0,10662.0,12406.0,14719.0,15330.0,15606.0,0.6725,0.5824,25438.0,45906.0,59410.0,58804.0,46666.0,40183.0,50052.0,0.802825061935587,0.5398998541516823
163046,Loyola University Maryland,Baltimore,MD,Private nonprofit,Bachelor,https://www.loyola.edu/,https://www.collegenpc.com/LoyolaUniversityMaryland,3869,0.7549,74055.0,57150.0,57150.0,30574.0,20549.0,23462.0,27419.0,27939.0,35338.0,0.7983,0.7329,27000.0,54123.0,81772.0,79484.0,64453.0,82652.0,122296.0,0.6758356773729313,0.5395196212468111
174233,University of Minnesota-Duluth,Duluth,MN,Public,Bachelor,https://d.umn.edu/,https://admissions.d.umn.edu/costs-aid/npc,7336,0.8875,27680.0,14610.0,20130.0,18743.0,7256.0,8145.0,11965.0,17056.0,24453.0,0.6458,0.4724,22024.0,46383.0,66056.0,64734.0,52840.0,62616.0,74972.0,0.8351918049405112,0.5393668676305822
184603,Fairleigh Dickinson University-Metropolitan Campus,Teaneck,NJ,Private nonprofit,Bachelor,https://www.fdu.edu/,https://1st-aid.org/schools/2040/surveys/new,2627,0.9071,50305.0,38004.0,38004.0,15404.0,10218.0,10475.0,15057.0,23123.0,28735.0,0.58,0.4136,25000.0,45202.0,68049.0,61013.0,45916.0,57273.0,61616.0,0.9295150610231109,0.5391187353934043
227225,Northeast Texas Community College,Mount Pleasant,TX,Public,Associate,www.ntcc.edu/,apps.highered.texas.gov/net-price-calculator/,1973,,13564.0,2980.0,5620.0,6706.0,5932.0,6123.0,7714.0,8888.0,11579.0,0.3816,0.3437,10946.0,37124.0,43940.0,40808.0,33862.0,37870.0,26824.0,1.4117954070981211,0.538741127348643
201821,The Christ College of Nursing and Health Sciences,Cincinnati,OH,Private nonprofit,Bachelor,https://www.thechristcollege.edu/,https://npc.collegeboard.org/app/thechristcollege,713,0.5894,28094.0,16836.0,16836.0,18378.0,17255.0,15801.0,12650.0,21245.0,22283.0,0.5793,0.3571,24250.0,67496.0,74804.0,71586.0,64942.0,68303.0,73512.0,0.9291408205463053,0.5382512773424747
128106,Colorado State University Pueblo,Pueblo,CO,Public,Bachelor,https://www.csupueblo.edu/,https://www.csupueblo.edu/student-financial-services/net-price-calculator.html,3042,0.949,23937.0,9720.0,17944.0,10051.0,9374.0,8948.0,10961.0,15701.0,12858.0,0.3883,0.2444,21500.0,43952.0,55898.0,54133.0,43053.0,55563.0,40204.0,1.382026664013531,0.536640953636454
170541,Kalamazoo Valley Community College,Kalamazoo,MI,Public,Associate,https://www.kvcc.edu/,https://www.kvcc.edu/NetPrice/npcalc.htm,4997,,11386.0,4144.0,9094.0,2979.0,1290.0,1859.0,4119.0,6989.0,8353.0,0.2777,0.142,9699.0,38888.0,48131.0,45613.0,33553.0,38618.0,11916.0,1.9309,0.53621093
168421,Worcester Polytechnic Institute,Worcester,MA,Private nonprofit,Bachelor,https://www.wpi.edu/,https://www.wpi.edu/admissions/tuition-aid/financial-need/net-price-calculator,5447,0.6016,78679.0,60965.0,60965.0,43071.0,24018.0,24452.0,32350.0,37753.0,49716.0,0.8911,0.8445,27000.0,85022.0,105724.0,104714.0,85038.0,103470.0,172284.0,0.6005781152051264,0.5351751584592881
196194,State University of New York at Oswego,Oswego,NY,Public,Bachelor,https://www.oswego.edu/,https://www.oswego.edu/financial-aid/net-price-calculator,5473,0.8055,27052.0,8825.0,18735.0,16236.0,8714.0,11681.0,17412.0,19053.0,23087.0,0.6037,0.5003,20880.0,37649.0,59955.0,54439.0,46358.0,57566.0,64944.0,0.8863944321261394,0.5351163186745503
198923,McDowell Technical Community College,Marion,NC,Public,Associate,https://www.mcdowelltech.edu/,https://www.mcdowelltech.edu/net-price-calculator-2022/,608,,18783.0,2032.0,6640.0,7784.0,7084.0,7478.0,9301.0,13766.0,,0.5043,0.1613,,44113.0,44664.0,40765.0,33755.0,33035.0,31136.0,1.06099049331963,0.5350575057810893
206349,Ursuline College,Pepper Pike,OH,Private nonprofit,Bachelor,www.ursuline.edu/,www.ursuline.edu/inc/net-price-calculator.html,670,0.7493,50523.0,38990.0,38990.0,16164.0,13134.0,13286.0,14768.0,19119.0,22048.0,0.607,0.4479,26250.0,66066.0,73605.0,63422.0,45646.0,56878.0,64656.0,0.8797018064835437,0.533978996535511
204802,Ohio University-Eastern Campus,Saint Clairsville,OH,Public,Bachelor,https://www.ohio.edu/eastern/,https://npc.collegeboard.org/app/ohio,298,,10777.0,6362.0,9444.0,3925.0,1691.0,2178.0,4438.0,5927.0,7490.0,0.203,0.1319,21056.0,53614.0,70528.0,65965.0,48991.0,52581.0,15700.0,2.62905,0.5336971500000001
160977,Bates College,Lewiston,ME,Private nonprofit,Bachelor,www.bates.edu/,https://npc.collegeboard.org/app/bates,1760,0.1332,83532.0,66590.0,66590.0,29351.0,2397.0,8958.0,11336.0,19468.0,45886.0,0.9012,0.8232,14275.0,42831.0,70028.0,73010.0,59202.0,69498.0,117404.0,0.5919559810568635,0.5334707301284454
218663,University of South Carolina-Columbia,Columbia,SC,Public,Bachelor,www.sc.edu/,sc.edu/about/offices_and_divisions/financial_aid/cost_and_aid/cost_to_attend/index.php,29820,0.6015,31638.0,12688.0,35972.0,22811.0,12634.0,14953.0,19859.0,24478.0,28125.0,0.7828,0.697,21500.0,44890.0,67741.0,62564.0,50621.0,62177.0,91244.0,0.6814365876112402,0.5334285607820788
190628,CUNY LaGuardia Community College,Long Island City,NY,Public,Associate,www.lagcc.cuny.edu/,https://npc.cuny.edu/npc/public/fin_aid/financial_aid_estimator/FinAidEstimator.jsp,11254,,13648.0,5218.0,8098.0,6120.0,5269.0,5767.0,8282.0,9478.0,12745.0,0.3131,0.1104,7407.0,26851.0,47724.0,43959.0,33219.0,41653.0,24480.0,1.7015114379084968,0.5327432312091503
183044,University of New Hampshire-Main Campus,Durham,NH,Public,Bachelor,https://www.unh.edu/,https://app.meadowfi.com/unh,11261,0.8816,35537.0,19202.0,39852.0,23805.0,16523.0,17476.0,19446.0,22815.0,28588.0,0.7626,0.6738,26814.0,48645.0,71253.0,66239.0,53671.0,66479.0,95220.0,0.6981621508086536,0.5324184562066793
181464,University of Nebraska-Lincoln,Lincoln,NE,Public,Bachelor,www.unl.edu/,https://financialaid.unl.edu/net-price-calculator,19178,0.8749,26697.0,10434.0,28584.0,17747.0,12751.0,13054.0,14699.0,18975.0,22346.0,0.6641,0.4967,21000.0,45149.0,62769.0,59589.0,47692.0,56887.0,70988.0,0.801360793373528,0.5321837028793599
163426,Montgomery College,Rockville,MD,Public,Associate,www.montgomerycollege.edu/,appserv.montgomerycollege.edu/netprice/NetPriceCalculator/npcalc.htm,13773,,15298.0,5394.0,14250.0,8027.0,6932.0,7163.0,8558.0,10862.0,14146.0,0.3404,0.1575,10415.0,29914.0,55199.0,57922.0,38251.0,50159.0,32108.0,1.5621963373614052,0.5317716332378223
225520,Howard College,Big Spring,TX,Public,Associate,https://www.howardcollege.edu/,www.collegeforalltexans.com/apps/CollegeMoney/,1611,,13858.0,2766.0,6716.0,6147.0,4301.0,6056.0,7068.0,9934.0,12329.0,0.3401,0.263,9500.0,40190.0,50818.0,44333.0,32428.0,38382.0,24588.0,1.5610053684724257,0.530897925817472
196866,Union College,Schenectady,NY,Private nonprofit,Bachelor,www.union.edu/,https://npc.collegeboard.org/student/app/union,2046,0.4392,84561.0,69039.0,69039.0,34561.0,11776.0,16415.0,23941.0,34100.0,45017.0,0.8282,0.7285,25337.0,51306.0,81583.0,80426.0,63219.0,88604.0,138244.0,0.6409247417609444,0.5308138711264142
153658,University of Iowa,Iowa City,IA,Public,Bachelor,https://uiowa.edu/,https://admissions.uiowa.edu/finances/net-price-calculator,22264,0.8362,28596.0,11283.0,33371.0,22531.0,15316.0,15489.0,19930.0,23811.0,26266.0,0.7385,0.5821,22500.0,47110.0,69866.0,66310.0,52696.0,64762.0,90124.0,0.7185877235808442,0.5306770338644535
200280,University of North Dakota,Grand Forks,ND,Public,Bachelor,https://und.edu/,https://und.edu/admissions/cost-and-aid/calculator.html,9981,0.769,25605.0,10951.0,15570.0,18551.0,13126.0,12251.0,15206.0,18981.0,20730.0,0.6195,0.3913,22057.0,53393.0,69563.0,65538.0,54588.0,63552.0,74204.0,0.8564497870734731,0.5305706430920166
147703,Northern Illinois University,Dekalb,IL,Public,Bachelor,www.niu.edu/,www.niu.edu/bursar/tuition/estimator.shtml,11301,0.6979,28851.0,13248.0,13248.0,13391.0,10126.0,9854.0,12797.0,17612.0,21834.0,0.4916,0.2938,22162.0,45902.0,64583.0,61432.0,46113.0,57808.0,53564.0,1.0792323202150698,0.5305506086177283
141680,Honolulu Community College,Honolulu,HI,Public,Associate,https://www.honolulu.hawaii.edu/,https://www.honolulu.hawaii.edu/downloads/web/paying-for-college/npcalc.htm,1897,,13151.0,3174.0,8310.0,7458.0,6672.0,5990.0,8768.0,9031.0,12959.0,0.3509,0.1074,7534.0,67264.0,71254.0,50379.0,36127.0,45105.0,29832.0,1.5119670152855993,0.5305492256637168
149231,Southern Illinois University Edwardsville,Edwardsville,IL,Public,Bachelor,www.siue.edu/,siue.studentaidcalculator.com/welcome.aspx,8750,0.975,28919.0,12922.0,12922.0,14889.0,8483.0,8587.0,11116.0,19351.0,24684.0,0.5595,0.3733,20500.0,48249.0,65199.0,61499.0,46384.0,56346.0,59556.0,0.9461011484988918,0.52934359258513
216597,Villanova University,Villanova,PA,Private nonprofit,Bachelor,www.villanova.edu/,https://npc.collegeboard.org/student/app/villanova,6938,0.2698,84793.0,67776.0,67776.0,43756.0,17823.0,16496.0,20923.0,33389.0,58741.0,0.9214,0.8937,25874.0,76711.0,104228.0,98831.0,84905.0,100423.0,175024.0,0.5737670262364019,0.5286689379742207
143084,Augustana College,Rock Island,IL,Private nonprofit,Bachelor,www.augustana.edu/,https://tcc.noellevitz.com/(S(2tzw1svr3ikxoegcvlbpwpef))/Augustana College/Freshman Students,2490,0.6268,63553.0,51598.0,51598.0,22736.0,15787.0,16525.0,16865.0,22405.0,28086.0,0.7626,0.6683,27000.0,38767.0,60377.0,58348.0,49849.0,62971.0,90944.0,0.6924151125967628,0.5280357648662912
213011,Immaculata University,Immaculata,PA,Private nonprofit,Bachelor,www.immaculata.edu/,www.immaculata.edu/admissions/tuition-fees/undergraduate-tuition/net-price-calculator/,1320,0.8576,43979.0,29330.0,29330.0,24258.0,20539.0,19694.0,19150.0,24204.0,28997.0,0.6763,0.5495,27000.0,56884.0,72836.0,79232.0,56416.0,75701.0,97032.0,0.7801653062907082,0.527625796644406
120883,University of the Pacific,Stockton,CA,Private nonprofit,Bachelor,https://www.pacific.edu/,https://pacific.clearcostcalculator.com/student/default/netpricecalculator/survey,3204,0.7132,71515.0,57080.0,57080.0,25447.0,17004.0,18152.0,19209.0,24323.0,38662.0,0.6845,0.4365,19500.0,51476.0,81820.0,76827.0,62672.0,78445.0,101788.0,0.7706704130152867,0.5275238977089638
125170,Berkeley City College,Berkeley,CA,Public,Associate,www.berkeleycitycollege.edu/,misweb.cccco.edu/npc/345/npcalc.htm,4456,,18845.0,1258.0,9898.0,9096.0,7979.0,7182.0,12123.0,13213.0,,0.4652,0.0909,,,53830.0,51428.0,35404.0,41217.0,36384.0,1.1328331134564644,0.5269939643799473
233374,University of Richmond,University of Richmond,VA,Private nonprofit,Bachelor,https://www.richmond.edu/,https://npc.collegeboard.org/app/richmond,2980,0.222,80961.0,65230.0,65230.0,31309.0,12808.0,6507.0,15553.0,22021.0,49892.0,0.8649,0.7786,21000.0,52666.0,84260.0,79784.0,67927.0,76178.0,125236.0,0.6082755757130538,0.5260975454342203
227863,University of St Thomas,Houston,TX,Private nonprofit,Bachelor,https://www.stthom.edu/,https://tcc.ruffalonl.com/UniversityofStThomas/freshmanstudents?Aquifer_Source_URL=/FreshmanCalculator&PNF_Check=1,3220,0.8992,45672.0,34634.0,34634.0,19359.0,18441.0,17453.0,17972.0,21543.0,26086.0,0.687,0.4355,19928.0,46940.0,66137.0,60835.0,49971.0,59224.0,77436.0,0.7648122320367787,0.525426003409267
131469,George Washington University,Washington,DC,Private nonprofit,Bachelor,https://www.gwu.edu/,https://financialaid.gwu.edu/net-price-calculator,11182,0.4709,83856.0,67710.0,67710.0,36586.0,17440.0,17292.0,22080.0,28100.0,55337.0,0.8455,0.7576,20449.0,66952.0,95967.0,91442.0,71607.0,90873.0,146344.0,0.6209547367845624,0.5250172299513475
176239,Pearl River Community College,Poplarville,MS,Public,Associate,https://www.prcc.edu/,https://prcc.edu/net-price-calculator/,4903,,14832.0,3700.0,6100.0,6532.0,5647.0,5978.0,5363.0,6217.0,8460.0,0.4147,0.2749,9750.0,33824.0,43603.0,39430.0,28592.0,33019.0,26128.0,1.2637400489895898,0.5240729983159829
145813,Illinois State University,Normal,IL,Public,Bachelor,illinoisstate.edu/,financialaid.illinoisstate.edu/paying,19057,0.8815,34309.0,16144.0,28210.0,19398.0,11568.0,12301.0,16348.0,23865.0,28224.0,0.6539,0.4873,20482.0,46159.0,62507.0,61006.0,50599.0,62117.0,77592.0,0.8005593360140221,0.5234857498195691
175935,Meridian Community College,Meridian,MS,Public,Associate,www.meridiancc.edu/,meridiancc.edu/become_an_eagle/financial_aid/net_price_calculator/index.html,2156,,14334.0,4078.0,6478.0,6351.0,6351.0,,,,,0.4279,0.2706,5521.0,38486.0,50810.0,42319.0,28752.0,31002.0,25404.0,1.2203589985829004,0.5221916154936231
155399,Kansas State University,Manhattan,KS,Public,Bachelor,www.k-state.edu/,www.k-state.edu/sfa/cost/net-price-calculator/,15142,0.8169,27402.0,11221.0,28568.0,19406.0,13178.0,14143.0,15369.0,20110.0,23665.0,0.7078,0.4949,21250.0,47890.0,64711.0,59867.0,49330.0,57262.0,77624.0,0.7376842213748325,0.5221328918891064
190442,SUNY Corning Community College,Corning,NY,Public,Associate,https://www.corning-cc.edu/,https://www.suny.edu/howmuch/netpricecalculator.xhtml,1138,,14197.0,6534.0,10326.0,7373.0,3331.0,4869.0,8799.0,11178.0,13524.0,0.3967,0.2425,12000.0,32717.0,45809.0,44250.0,34727.0,38817.0,29492.0,1.3161874406618743,0.5221315577105655
117140,University of La Verne,La Verne,CA,Private nonprofit,Bachelor,https://www.laverne.edu/,https://laverne.edu/financial-aid/npc/,3050,0.7117,62278.0,49470.0,49470.0,20161.0,20151.0,27212.0,,,,0.6422,0.6051,23500.0,39922.0,64109.0,64663.0,53806.0,65464.0,80644.0,0.8117652894201677,0.5213156688656316
159382,Louisiana State University-Alexandria,Alexandria,LA,Public,Bachelor,www.lsua.edu/,https://apps.lsua.edu/calculators/netcost,5632,0.9208,15550.0,7050.0,14650.0,7065.0,5008.0,5075.0,7524.0,10794.0,11941.0,0.3486,0.2395,19000.0,42113.0,51983.0,46752.0,37284.0,42205.0,28260.0,1.4934536447275302,0.520617940552017
199795,Tri-County Community College,Murphy,NC,Public,Associate,https://www.tricountycc.edu/,https://www.tricountycc.edu/wp-content/themes/tricountycc/npcalc.htm,472,,18830.0,2636.0,8780.0,7799.0,7220.0,7224.0,8984.0,10013.0,,0.5035,0.4429,,34483.0,41132.0,34631.0,27374.0,32232.0,31196.0,1.0332093858186948,0.5202209257597128
161077,Central Maine Community College,Auburn,ME,Public,Associate,https://www.cmcc.edu/,https://www.cmcc.edu/npc/npcalc.htm,2952,,15063.0,4140.0,7020.0,6975.0,5470.0,5970.0,8105.0,9482.0,11672.0,0.3418,0.179,12000.0,39555.0,51345.0,46200.0,31977.0,42448.0,27900.0,1.5214336917562723,0.5200260358422939
201283,Belmont College,St Clairsville,OH,Public,Associate,www.belmontcollege.edu/,www.belmontcollege.edu/admissions-and-aid/paying-for-college/net-price-calculator/,600,,12680.0,4698.0,7200.0,6995.0,5903.0,5905.0,7617.0,9213.0,8831.0,0.4115,0.4261,8747.0,44610.0,49749.0,41531.0,34145.0,35329.0,27980.0,1.2626518942101501,0.5195812544674767
100706,University of Alabama in Huntsville,Huntsville,AL,Public,Bachelor,www.uah.edu/,uah.clearcostcalculator.com/student/default/netpricecalculator/survey,6591,0.6857,27392.0,12132.0,26408.0,18796.0,16192.0,16532.0,18210.0,20777.0,21501.0,0.6314,0.4244,20705.0,59815.0,81045.0,78740.0,55610.0,61767.0,75184.0,0.8215444775484145,0.518723183124069
167835,Smith College,Northampton,MA,Private nonprofit,Bachelor,www.smith.edu/,https://npc.collegeboard.org/student/app/smith,2544,0.21,86030.0,65178.0,65178.0,27579.0,1363.0,3737.0,6559.0,11750.0,40477.0,0.8936,0.6977,17550.0,32340.0,57618.0,54422.0,45731.0,64027.0,110316.0,0.5803963160375648,0.5186421480111679
198084,Brunswick Community College,Bolivia,NC,Public,Associate,www.brunswickcc.edu/,brunswickcc.edu/net-price-calculator,1211,,12836.0,2553.0,8697.0,9009.0,8748.0,9083.0,9985.0,7481.0,9138.0,0.5096,0.2865,,35997.0,47006.0,38714.0,31394.0,36668.0,36036.0,1.0175380175380175,0.5185373737373737
181446,Nebraska Wesleyan University,Lincoln,NE,Private nonprofit,Bachelor,https://www.nebrwesleyan.edu/,https://www.nebrwesleyan.edu/net_price_calculator/index.html,1453,0.7982,53569.0,43572.0,43572.0,18327.0,14925.0,16974.0,14594.0,18244.0,23652.0,0.6738,0.5832,26970.0,43118.0,61753.0,56972.0,47667.0,56405.0,73308.0,0.7694248922354996,0.5184384923882795
191302,Fulton-Montgomery Community College,Johnstown,NY,Public,Associate,www.fmcc.edu/,www.fmcc.edu/admissions-aid/affordability,1001,,14226.0,6198.0,6798.0,6696.0,4242.0,6390.0,9323.0,10771.0,13601.0,0.3507,0.2675,12125.0,31786.0,45309.0,44675.0,34803.0,39535.0,26784.0,1.4760678016726403,0.5176569780465949
156620,Eastern Kentucky University,Richmond,KY,Public,Bachelor,https://www.eku.edu/,https://application.eku.edu/register/?id=0b702633-7e33-a464-d593-ceb4e75a8097,12318,0.7761,23735.0,10320.0,21230.0,11040.0,8591.0,8005.0,10382.0,14384.0,17009.0,0.4989,0.4094,22500.0,39393.0,54691.0,49636.0,38611.0,45795.0,44160.0,1.037024456521739,0.5173715013586956
185262,Kean University,Union,NJ,Public,Bachelor,https://www.kean.edu/,https://www.kean.edu/offices/financial-aid/financial-aid-estimators,11433,0.759,26949.0,14299.0,22446.0,12447.0,7374.0,7859.0,12136.0,20146.0,20110.0,0.4499,0.2472,23250.0,39976.0,59472.0,57968.0,46603.0,57237.0,49788.0,1.1496143649072066,0.5172115027717523
202480,University of Dayton,Dayton,OH,Private nonprofit,Bachelor,https://udayton.edu/,https://udayton.edu/netprice/,7682,0.6545,65881.0,49140.0,49140.0,29533.0,21736.0,21595.0,24155.0,26871.0,33731.0,0.8086,0.6533,23250.0,53482.0,78870.0,73473.0,62477.0,75537.0,118132.0,0.6394287745911353,0.517042107134392
198668,Haywood Community College,Clyde,NC,Public,Associate,https://www.haywood.edu/,https://www.haywood.edu/net-price-calculator/index.htm,849,,17011.0,2580.0,8724.0,6723.0,5638.0,5914.0,8964.0,10483.0,,0.3995,0.2031,,38092.0,41095.0,36246.0,30792.0,34770.0,26892.0,1.2929495760821061,0.5165333556448014
237950,West Virginia University Institute of Technology,Beckley,WV,Public,Bachelor,www.wvutech.edu/,https://financialaid.wvutech.edu/get-aid/net-price-calculator,981,0.3668,18907.0,8424.0,21072.0,9337.0,6998.0,6752.0,9137.0,11861.0,14797.0,0.3448,0.2548,22500.0,43805.0,64952.0,62396.0,45181.0,55939.0,37348.0,1.4977776587769092,0.5164337367462782
166124,College of the Holy Cross,Worcester,MA,Private nonprofit,Bachelor,www.holycross.edu/,www.holycross.edu/financial-aid/financial-aid-calculator,3106,0.1761,80334.0,64500.0,64500.0,38782.0,14343.0,16179.0,12682.0,27711.0,56284.0,0.8843,0.8525,27000.0,48020.0,84553.0,82319.0,69984.0,90543.0,155128.0,0.5836663916249807,0.5161361901139704
156471,Galen College of Nursing-Louisville,Louisville,KY,Private for-profit,Bachelor,www.galencollege.edu/louisville,https://galencollege.studentaidcalculator.com/welcome.aspx,4801,,,,,18540.0,18116.0,19186.0,18381.0,21056.0,23490.0,0.6223,0.2258,24166.0,67307.0,79047.0,71805.0,58951.0,61480.0,74160.0,0.8290183387270766,0.5158981121898598
101648,Marion Military Institute,Marion,AL,Public,Associate,www.marionmilitary.edu/,marionmilitary.edu/core/uploads/2024/12/index.html,329,0.9703,18743.0,9538.0,15538.0,8627.0,7471.0,8562.0,8584.0,10914.0,12230.0,0.2975,0.2921,9250.0,27114.0,40145.0,45508.0,45043.0,59644.0,34508.0,1.7284108032919903,0.514202213979367
170639,Lake Superior State University,Sault Ste Marie,MI,Public,Bachelor,www.lssu.edu/,lssu.clearcostcalculator.com/student/default/netpricecalculator/survey,1325,,27154.0,14890.0,14890.0,12822.0,3516.0,9226.0,10422.0,14541.0,20321.0,0.5376,0.3145,23250.0,42685.0,56687.0,57223.0,42767.0,49045.0,51288.0,0.956266573077523,0.5140889096864764
233037,Paul D Camp Community College,Franklin,VA,Public,Associate,www.pdc.edu/,https://www.pdc.edu/attend/paying-for-college/net-price-calculator/,613,,10577.0,5012.0,11450.0,4126.0,2709.0,3072.0,5513.0,5336.0,8881.0,0.285,0.1964,6880.0,33316.0,48904.0,44572.0,30338.0,36031.0,16504.0,1.80155,0.5134417499999999
126614,University of Colorado Boulder,Boulder,CO,Public,Bachelor,https://www.colorado.edu/,https://ofa.colorado.edu/NetPriceCalculator/,31939,0.7808,37684.0,15666.0,44918.0,25346.0,14231.0,14381.0,18828.0,26915.0,34818.0,0.7461,0.5744,19500.0,48932.0,76850.0,72742.0,54939.0,69738.0,101384.0,0.6878600173597412,0.5132123589521029
192703,Manhattan University,Riverdale,NY,Private nonprofit,Bachelor,www.manhattan.edu/,https://manhattan.edu/admissions/undergraduate/pay-for-college/cost-calculator,2744,0.7894,64348.0,53400.0,53400.0,27256.0,27281.0,23097.0,28454.0,26808.0,28188.0,0.6481,0.5141,26000.0,61353.0,88328.0,86042.0,64472.0,86316.0,109024.0,0.7917155855591429,0.5131108710008805
363633,Luna Community College,Las Vegas,NM,Public,Associate,www.luna.edu/,luna.edu/media/NetPriceCalculator/npcalc.htm,423,,10405.0,1474.0,3418.0,4595.0,3393.0,2962.0,6329.0,7240.0,8602.0,0.315,0.2083,,28368.0,38111.0,36748.0,29547.0,32461.0,18380.0,1.62305,0.51126075
194666,Rabbinical College Bobover Yeshiva Bnei Zion,Brooklyn,NY,Private nonprofit,Bachelor,rabbinicalcollegeboboveryeshiva.edu/,rabbinicalcollegeboboveryeshiva.edu/netpricecalculator/npcalc.htm,473,,20075.0,10000.0,10000.0,9136.0,8131.0,7755.0,10941.0,13909.0,,0.9,0.0,,10771.0,26701.0,38589.0,,20707.0,36544.0,0.5666320052539404,0.5099688047285464
177676,Jefferson College,Hillsboro,MO,Public,Associate,https://www.jeffco.edu/,https://www.jeffco.edu/calculator/,2552,,13572.0,5250.0,8850.0,7378.0,6048.0,5745.0,8614.0,9711.0,10568.0,0.3683,0.2668,9285.0,36769.0,50937.0,49826.0,34913.0,40782.0,29512.0,1.3818785578747628,0.5089458728652752
165820,Fitchburg State University,Fitchburg,MA,Public,Bachelor,www.fitchburgstate.edu/,www.fitchburgstate.edu/admissions-aid/financial-aid/net-price-calculator,2752,0.8693,25555.0,11346.0,17426.0,14262.0,10204.0,11199.0,11540.0,15571.0,21123.0,0.5389,0.3759,24239.0,50473.0,63994.0,63963.0,41999.0,53874.0,57048.0,0.9443626419856963,0.5089170277660918
197850,South Piedmont Community College,Polkton,NC,Public,Associate,https://www.spcc.edu/,https://www.spcc.edu/pay-for-college/net-price-calculator,1833,,16111.0,2022.0,6630.0,6675.0,4948.0,5576.0,7866.0,11281.0,16111.0,0.3642,0.2741,,41980.0,46657.0,42438.0,31212.0,37308.0,26700.0,1.3973033707865168,0.5088978876404494
217059,York College of Pennsylvania,York,PA,Private nonprofit,Bachelor,https://www.ycp.edu/,https://www.collegenpc.com/ycp,3265,0.7374,37319.0,25588.0,25588.0,18556.0,12927.0,14581.0,17024.0,17799.0,22196.0,0.619,0.4697,26000.0,50261.0,65789.0,61800.0,50940.0,61012.0,74224.0,0.8219982754904074,0.5088169325285622
175236,Ridgewater College,Willmar,MN,Public,Associate,www.ridgewater.edu/,www.minnstate.edu/admissions/calculator/ridgewater.html,2162,,15694.0,6121.0,6121.0,10046.0,7963.0,6891.0,9176.0,13111.0,15103.0,0.4662,0.4531,12000.0,41202.0,49859.0,46511.0,40862.0,43827.0,40184.0,1.0906579733227155,0.50846474716305
216825,Westmoreland County Community College,Youngwood,PA,Public,Associate,https://westmoreland.edu/,https://westmoreland.edu/admissions_aid/tuition-and-fees/netpricecalculator.html,2441,,10573.0,6018.0,14424.0,5167.0,2972.0,3007.0,4615.0,8025.0,9798.0,0.2806,0.2039,11000.0,,49187.0,58486.0,35899.0,37439.0,20668.0,1.811447648538804,0.5082922101799885
192323,Le Moyne College,Syracuse,NY,Private nonprofit,Bachelor,www.lemoyne.edu/,www.lemoyne.edu/admission-financial-aid/cost-financial-aid/cost-calculator/,2439,0.8298,53183.0,40330.0,40330.0,22277.0,14535.0,18468.0,21107.0,23600.0,27034.0,0.7216,0.6473,23000.0,47409.0,66403.0,62776.0,53493.0,62731.0,89108.0,0.7039884185482785,0.5079980428244378
101879,University of North Alabama,Florence,AL,Public,Bachelor,https://www.una.edu/,https://www.una.edu/financial-aid/calculator/,5811,0.8731,23786.0,12120.0,22320.0,12170.0,9741.0,10127.0,11665.0,13903.0,14866.0,0.5445,0.3546,22077.0,40636.0,50818.0,51301.0,38295.0,45415.0,48680.0,0.9329293344289236,0.5079800225965488
447582,New River Community and Technical College,Beaver,WV,Public,Associate,https://www.newriver.edu/,https://www.newriver.edu/net-price-calculator/,770,,12132.0,5156.0,9646.0,3599.0,2657.0,3804.0,5989.0,4891.0,2187.0,0.3493,0.2116,7250.0,32457.0,39109.0,33143.0,28278.0,29073.0,14396.0,1.45365,0.507759945
239105,Marquette University,Milwaukee,WI,Private nonprofit,Bachelor,www.marquette.edu/,https://marquette.clearcostcalculator.com/student/default/netpricecalculator/survey,7660,0.8134,66768.0,51170.0,51170.0,31487.0,22269.0,18916.0,27378.0,32374.0,36813.0,0.8169,0.6855,23940.0,55192.0,80228.0,76036.0,65241.0,78257.0,125948.0,0.6213437291580652,0.5075756923492235
203544,Kettering College,Kettering,OH,Private nonprofit,Bachelor,kc.edu/,https://kc.edu/admissions/student-financial-services/net-price-calculator/,549,0.7654,32839.0,16320.0,16320.0,21650.0,16000.0,15162.0,22231.0,26714.0,26172.0,0.6506,0.55,23500.0,69705.0,80027.0,68846.0,60692.0,67492.0,86600.0,0.7793533487297921,0.5070472886836027
185509,Mercer County Community College,West Windsor,NJ,Public,Associate,www.mccc.edu/,www.mccc.edu/admissions_financial_calculator.shtml,5404,,12545.0,5310.0,9174.0,5279.0,4017.0,4152.0,6674.0,9607.0,12545.0,0.2474,0.117,10500.0,36650.0,,54390.0,35267.0,43264.0,21116.0,2.048872892593294,0.506891153627581
149781,Wheaton College,Wheaton,IL,Private nonprofit,Bachelor,www.wheaton.edu/,www.wheaton.edu/admissions-and-aid/cost-and-financial-aid/student-financial-services/cost/net-price-calculator/,2121,0.874,59263.0,45546.0,45546.0,26975.0,20001.0,18587.0,20553.0,24176.0,33435.0,0.8563,0.7574,23250.0,39703.0,57675.0,58828.0,50270.0,63756.0,107900.0,0.5908804448563485,0.5059709249304912
172699,Western Michigan University,Kalamazoo,MI,Public,Bachelor,https://wmich.edu/,https://wmich.edu/registrar/calculator,12568,0.846,29237.0,15252.0,19034.0,15273.0,5263.0,5734.0,13833.0,18307.0,23625.0,0.5767,0.3175,26188.0,43987.0,62885.0,59173.0,45356.0,53562.0,61092.0,0.8767432724415636,0.5056178452170497
190716,D'Youville  University,Buffalo,NY,Private nonprofit,Bachelor,www.dyu.edu/,https://www.tcc.ruffalonl.com/DYouville,1258,0.8137,48539.0,34940.0,34940.0,20433.0,16259.0,15826.0,19722.0,24476.0,27794.0,0.6173,0.3621,25000.0,72949.0,84182.0,74733.0,63804.0,66942.0,81732.0,0.8190427250036705,0.5055950741447658
189811,St Paul's School of Nursing-Queens,Rego Park,NY,Private for-profit,Associate,https://www.stpaulsschoolofnursing.edu/,https://www.stpaulsschoolofnursing.edu/content/dam/st-pauls/compliance/netprice-calc/npcalc-stpaul_queens.htm,1056,,34498.0,17433.0,17433.0,26315.0,24806.0,26555.0,29153.0,34498.0,34498.0,0.5096,0.2051,25730.0,41811.0,94468.0,96734.0,81254.0,104403.0,105260.0,0.9918582557476724,0.5054509671290139
199184,University of North Carolina School of the Arts,Winston Salem,NC,Public,Bachelor,www.uncsa.edu/,www.uncsa.edu/financialaid/netpricecalculator/npcalc.html,945,0.2997,26470.0,9477.0,27211.0,14906.0,3165.0,7828.0,11491.0,20173.0,25172.0,0.7837,0.7449,23870.0,20265.0,42023.0,35213.0,24537.0,38357.0,59624.0,0.6433147725748021,0.5041657872668723
217615,Aiken Technical College,Graniteville,SC,Public,Associate,https://www.atc.edu/,https://www.atc.edu/netpricecalculator/npcalc.htm,1925,,13171.0,5174.0,7924.0,4807.0,4566.0,2659.0,6048.0,9207.0,10230.0,0.257,0.1777,12250.0,40941.0,54588.0,44708.0,32231.0,39225.0,19228.0,1.96125,0.50404125
216694,Waynesburg University,Waynesburg,PA,Private nonprofit,Bachelor,www.waynesburg.edu/,https://www.waynesburg.edu/admissions/financial-aid/net-price-calculator,1009,0.8982,44397.0,30480.0,30480.0,18235.0,12916.0,11974.0,14786.0,19300.0,27921.0,0.6276,0.5354,27000.0,46593.0,59019.0,56098.0,48994.0,58537.0,72940.0,0.8025363312311489,0.503671801480669
487092,Emory University-Oxford College,Oxford,GA,Private nonprofit,Associate,www.oxford.emory.edu/,https://npc.collegeboard.org/app/emory,967,0.1311,83622.0,64280.0,64280.0,37920.0,24758.0,16938.0,17889.0,25372.0,59541.0,0.9519,0.9292,18250.0,61856.0,90139.0,83826.0,74980.0,80137.0,151680.0,0.5283293776371308,0.5029167345727849
226833,Midwestern State University,Wichita Falls,TX,Public,Bachelor,www.msutexas.edu/,www.msutexas.edu/finaid/net-price,4087,0.9352,22652.0,10580.0,12530.0,11656.0,8856.0,9886.0,11445.0,15365.0,18988.0,0.4204,0.2508,21030.0,50745.0,62250.0,58560.0,46637.0,55747.0,46624.0,1.1956717570350035,0.5026604066575154
172307,Southwestern Michigan College,Dowagiac,MI,Public,Associate,www.swmich.edu/,www.swmich.edu/cost-aid/cost/,1431,,15589.0,6417.0,8394.0,5978.0,5134.0,4151.0,7414.0,10514.0,11413.0,0.3215,0.2627,10959.0,36470.0,46001.0,42521.0,33204.0,37303.0,23912.0,1.5600117096018735,0.5015437646370023
162168,Chesapeake College,Wye Mills,MD,Public,Associate,https://www.chesapeake.edu/,https://www.chesapeake.edu/sites/default/files/net-calc2024.html,1320,,10751.0,4274.0,8768.0,5106.0,4668.0,4152.0,6884.0,8052.0,,0.2821,0.2589,,41300.0,52363.0,48608.0,35022.0,36301.0,20424.0,1.7773697610654133,0.5013960095965532
209065,Linfield University,McMinnville,OR,Private nonprofit,Bachelor,https://www.linfield.edu/,https://www.linfield.edu/financial-aid/net-price-calculator.html,1621,0.8517,65935.0,50850.0,50850.0,26536.0,20059.0,18664.0,22806.0,26070.0,32519.0,0.6754,0.5508,25000.0,69076.0,81180.0,83072.0,70643.0,78638.0,106144.0,0.7408614712089238,0.5003778376545072
156125,Wichita State University,Wichita,KS,Public,Bachelor,www.wichita.edu/,webapps.wichita.edu/netprice/,10780,0.9395,21780.0,9684.0,19869.0,13194.0,9734.0,9696.0,13564.0,16893.0,19184.0,0.5122,0.3321,20500.0,45870.0,59707.0,54872.0,44043.0,51532.0,52776.0,0.9764286797028953,0.500126769743823
196103,SUNY College of Environmental Science and Forestry,Syracuse,NY,Public,Bachelor,www.esf.edu/,www.esf.edu/tuition-aid/financialaid/netprice.php,1839,0.6328,28133.0,9303.0,22263.0,18952.0,9473.0,11635.0,18870.0,20953.0,24014.0,0.6798,0.5561,11000.0,,57774.0,57174.0,48327.0,55763.0,75808.0,0.7355819966230477,0.5000486413043478
243221,University of Puerto Rico-Rio Piedras,San Juan,PR,Public,Bachelor,https://www.uprrp.edu/,https://www.uprrp.edu/netpricecalc/npcalc.htm,8572,0.5459,15118.0,5354.0,5354.0,9175.0,8018.0,8553.0,11002.0,11925.0,13018.0,0.5136,0.1114,5500.0,15537.0,36313.0,33369.0,22417.0,35723.0,36700.0,0.9733787465940055,0.49992732425068115
147679,North Park University,Chicago,IL,Private nonprofit,Bachelor,www.northpark.edu/,www.northpark.edu/Financial-Aid/Undergraduate/Cost/Net-Price-Calculator,1818,0.6851,44172.0,36710.0,36710.0,16948.0,14845.0,14843.0,16067.0,19208.0,22964.0,0.5688,0.4418,25500.0,45365.0,65399.0,59703.0,49326.0,59572.0,67792.0,0.878746754779325,0.49983115411848
213367,La Salle University,Philadelphia,PA,Private nonprofit,Bachelor,www.lasalle.edu/,https://www.collegenpc.com/LaSalle,1953,0.9659,48337.0,37800.0,37800.0,19409.0,16545.0,17393.0,20557.0,21263.0,27190.0,0.5751,0.5047,25000.0,53670.0,70254.0,71334.0,53701.0,67416.0,77636.0,0.868360039157092,0.49939385851924356
178420,University of Missouri-St Louis,Saint Louis,MO,Public,Bachelor,https://www.umsl.edu/,https://www.umsl.edu/sfs/calculator/index.html,5024,0.6267,31199.0,14112.0,35112.0,15071.0,13031.0,12979.0,15222.0,17598.0,21608.0,0.5676,0.3813,20000.0,45770.0,62350.0,57438.0,47564.0,53037.0,60284.0,0.8797856811094155,0.49936635259770423
162706,Harford Community College,Bel Air,MD,Public,Associate,https://www.harford.edu/,https://hccweb1.harford.edu/Finance/Net_Price_Calc/,3696,,13821.0,4032.0,8832.0,9234.0,7272.0,7528.0,9632.0,11592.0,13240.0,0.4127,0.2332,9812.0,41402.0,52443.0,53261.0,36741.0,44608.0,36936.0,1.2077106346112194,0.4984221789040503
131283,The Catholic University of America,Washington,DC,Private nonprofit,Bachelor,https://www.catholic.edu/,https://financial-aid.catholic.edu/costs/net-price-calculator.html,3154,0.8278,75481.0,58378.0,58378.0,29561.0,17358.0,17895.0,24723.0,28295.0,37651.0,0.804,0.7251,26000.0,58049.0,79320.0,73531.0,63217.0,73250.0,118244.0,0.6194817496025168,0.4980633266804235
176178,Northwest Mississippi Community College,Senatobia,MS,Public,Associate,www.northwestms.edu/,northwestmsedu.finalsite.com/uploaded/Financial_Aid/npc/pzai5hcpj8dep58r9x4v.html,5452,,13857.0,3740.0,3740.0,7911.0,6370.0,6913.0,9381.0,12105.0,13820.0,0.4328,0.3183,6500.0,32587.0,42368.0,38990.0,31370.0,36396.0,31644.0,1.1501706484641638,0.49779385665529013
166656,MCPHS University,Boston,MA,Private nonprofit,Bachelor,www.mcphs.edu/,www.mcphs.edu/admission-and-aid/financial-services/net-price-calculator,3451,0.8521,65022.0,40530.0,40530.0,39545.0,35206.0,36228.0,38376.0,42536.0,43470.0,0.6271,0.5332,25000.0,74892.0,93192.0,84862.0,77171.0,125557.0,158180.0,0.7937602731065875,0.49776706726514097
114266,Evergreen Valley College,San Jose,CA,Public,Associate,https://www.evc.edu/,https://misweb.cccco.edu/npc/471/npcalc.htm,7688,,22105.0,1366.0,8718.0,12414.0,11410.0,10576.0,14670.0,17607.0,19104.0,0.4656,0.0758,13219.0,37579.0,74506.0,60314.0,39807.0,53077.0,49656.0,1.0688939906557113,0.4976770420492992
219347,South Dakota School of Mines and Technology,Rapid City,SD,Public,Bachelor,https://www.sdsmt.edu/,https://www.sdsmt.edu/Admissions/Financial-Aid-and-Scholarships/Financial-Aid/Net-Price-Calculator/,2071,0.7987,25385.0,10500.0,14900.0,20183.0,15348.0,17909.0,18366.0,21176.0,21993.0,0.5557,0.2407,27000.0,71587.0,87878.0,86809.0,62863.0,72257.0,80732.0,0.8950230391913987,0.49736430287866024
211291,Bucknell University,Lewisburg,PA,Private nonprofit,Bachelor,www.bucknell.edu/,npc.collegeboard.org/student/app/bucknell,3876,0.2893,83756.0,67812.0,67812.0,40766.0,20980.0,12276.0,23679.0,28165.0,55724.0,0.8627,0.82,27000.0,59472.0,96035.0,90297.0,78852.0,93807.0,163064.0,0.5752771917774616,0.49629163334641613
455512,Woodland Community College,Woodland,CA,Public,Associate,https://wcc.yccd.edu/,https://wcc.yccd.edu/student/financialaid/calculator/,3154,,13975.0,1124.0,7656.0,8356.0,8343.0,8127.0,8890.0,9593.0,,0.4142,0.0924,,,,,34980.0,40042.0,33424.0,1.1980014360938247,0.4962121948300622
155201,Independence Community College,Independence,KS,Public,Associate,www.indycc.edu/,www.indycc.edu/financial-aid/files/net price calculator/npc21-22.html,486,,8824.0,4560.0,4950.0,3265.0,2934.0,3435.0,1685.0,6220.0,,0.2838,0.2346,6115.0,19513.0,34293.0,33599.0,29674.0,34941.0,13060.0,1.74705,0.49581279
187198,UCNJ Union College of Union County New Jersey,Cranford,NJ,Public,Associate,https://www.ucc.edu/,https://www.ucc.edu/npc/,7939,,13569.0,5280.0,9500.0,8257.0,6880.0,7213.0,9362.0,11407.0,11965.0,0.3936,0.2011,15091.0,37476.0,48553.0,53618.0,33731.0,41595.0,33028.0,1.259385975535909,0.49569431997093377
215284,University of Pittsburgh-Johnstown,Johnstown,PA,Public,Bachelor,www.upj.pitt.edu/,pitt.studentaidcalculator.com/survey.aspx,1808,0.9484,30349.0,14906.0,26780.0,18202.0,10106.0,10488.0,15248.0,19887.0,24980.0,0.5455,0.4028,24250.0,49721.0,73701.0,69754.0,54240.0,66125.0,72808.0,0.9082106361938248,0.4954289020437314
211273,Bryn Mawr College,Bryn Mawr,PA,Private nonprofit,Bachelor,www.brynmawr.edu/,npc.collegeboard.org/student/app/brynmawr,1359,0.2943,83250.0,65920.0,65920.0,31759.0,11017.0,18457.0,17262.0,19330.0,40085.0,0.836,0.7051,25000.0,29212.0,57476.0,57709.0,53102.0,75217.0,127036.0,0.5920920054157877,0.49498891652759847
209551,University of Oregon,Eugene,OR,Public,Bachelor,https://www.uoregon.edu/,https://financialaid.uoregon.edu/net_price_calculator,20497,0.883,34793.0,16137.0,44598.0,22182.0,15909.0,15760.0,18364.0,24704.0,31021.0,0.7159,0.5821,20139.0,36302.0,62174.0,60069.0,46084.0,61324.0,88728.0,0.6911459742133261,0.49479140293932017
240277,University of Wisconsin-Green Bay,Green Bay,WI,Public,Bachelor,www.uwgb.edu/,www.uwgb.edu/vsa/calculator/,6341,0.8859,19366.0,8700.0,17288.0,13369.0,9144.0,9166.0,11169.0,16105.0,18975.0,0.5035,0.3617,18500.0,43103.0,54344.0,49816.0,46546.0,52528.0,53476.0,0.9822724212730944,0.494574164111003
222983,Austin College,Sherman,TX,Private nonprofit,Bachelor,www.austincollege.edu/,https://www.austincollege.edu/net-price-calculator,1165,0.4765,61607.0,48680.0,48680.0,21107.0,16528.0,15687.0,18823.0,21608.0,28470.0,0.6811,0.6313,24500.0,28501.0,57361.0,56983.0,45242.0,61296.0,84428.0,0.7260150660918179,0.49448886151513716
226091,Lamar University,Beaumont,TX,Public,Bachelor,www.lamar.edu/,www.lamar.edu/financial-aid/cost-calculator.html,8150,0.8641,22254.0,8905.0,18745.0,9366.0,7568.0,8261.0,8545.0,13689.0,16292.0,0.3725,0.1908,21250.0,56267.0,66816.0,59428.0,47077.0,49652.0,37464.0,1.3253256459534486,0.4936838031176596
113218,Cuyamaca College,El Cajon,CA,Public,Associate,https://www.cuyamaca.edu/,https://misweb.cccco.edu/npc/021/npcalc.htm,7177,,16690.0,1346.0,11314.0,6618.0,6183.0,5219.0,9270.0,12665.0,11961.0,0.4028,0.1054,,23906.0,42745.0,41432.0,29836.0,32435.0,26472.0,1.2252568751888788,0.4935334693260804
240365,University of Wisconsin-Oshkosh,Oshkosh,WI,Public,Bachelor,https://www.uwosh.edu/,https://www.uwosh.edu/financialaid/net-price-calculator/,6877,0.865,19652.0,8532.0,16446.0,14305.0,9236.0,9654.0,11601.0,16853.0,19223.0,0.5077,0.2723,21500.0,49295.0,59730.0,56423.0,50140.0,55548.0,57220.0,0.9707794477455435,0.49286472562041245
175272,Winona State University,Winona,MN,Public,Bachelor,www.winona.edu/,https://www.minnstate.edu/admissions/calculator/winona.html,5144,0.7549,23683.0,10576.0,17308.0,17503.0,10224.0,11792.0,13814.0,17871.0,21307.0,0.5895,0.3842,21500.0,47975.0,60533.0,61916.0,51288.0,58532.0,70012.0,0.8360281094669485,0.4928385705307662
190655,CUNY New York City College of Technology,Brooklyn,NY,Public,Bachelor,www.citytech.cuny.edu/,https://npc.cuny.edu/npc/public/fin_aid/financial_aid_estimator/FinAidEstimator.jsp,13580,0.8029,14110.0,7332.0,15282.0,5127.0,3810.0,4606.0,7886.0,9809.0,13043.0,0.2046,0.0747,10533.0,41888.0,64145.0,57792.0,39982.0,49365.0,20508.0,2.407109420713868,0.4924945874780574
164632,Bay Path University,Longmeadow,MA,Private nonprofit,Bachelor,www.baypath.edu/,www.baypath.edu/undergraduate-experience/financial-aid/net-price-calculator,1108,0.852,47308.0,38302.0,38302.0,14271.0,11948.0,12251.0,12698.0,17528.0,25475.0,0.5072,0.3561,24901.0,46059.0,62912.0,53900.0,51548.0,55383.0,57084.0,0.970201807862098,0.49208635694765607
150534,University of Evansville,Evansville,IN,Private nonprofit,Bachelor,https://www.evansville.edu/,https://www.evansville.edu/student-financial-services/net-price-calculator.cfm,1539,0.776,57451.0,44172.0,44172.0,18499.0,14451.0,12347.0,13711.0,20735.0,24936.0,0.6766,0.5726,24606.0,40876.0,59762.0,53612.0,46734.0,53770.0,73996.0,0.7266609005892211,0.491658765338667
151342,Indiana University-South Bend,South Bend,IN,Public,Bachelor,https://southbend.iu.edu/,https://iuia.iu.edu/compliance-reports/campus-net-price-calc/index.html,3933,0.8384,17364.0,8424.0,22811.0,8653.0,4637.0,4926.0,8195.0,13968.0,15825.0,0.3786,0.2395,21355.0,43533.0,55103.0,51395.0,41388.0,44947.0,34612.0,1.2985958627065757,0.49164839362070956
219143,Lake Area Technical College,Watertown,SD,Public,Associate,www.lakeareatech.edu/,www.lakeareatech.edu/getting-started/financial-aid/net-price-calculator/,1812,,19637.0,6718.0,6718.0,15979.0,11193.0,12971.0,14129.0,18118.0,18230.0,0.691,0.6601,12000.0,42193.0,49488.0,45330.0,43659.0,45473.0,63916.0,0.711449402340572,0.4916115370173352
199111,University of North Carolina Asheville,Asheville,NC,Public,Bachelor,https://new.unca.edu/,https://npc.collegeboard.org/app/uncashville,2910,0.9192,21685.0,7501.0,24849.0,12250.0,8219.0,8735.0,11570.0,15854.0,18786.0,0.5469,0.4322,20500.0,28475.0,45777.0,42931.0,36947.0,44030.0,49000.0,0.8985714285714286,0.49142871428571433
181604,College of Saint Mary,Omaha,NE,Private nonprofit,Bachelor,https://www.csm.edu/,https://www.csm.edu/NetPrice2024/index.html,445,0.4465,35971.0,24510.0,24510.0,16590.0,14090.0,12713.0,9320.0,15242.0,23898.0,0.6,0.5126,24250.0,55378.0,64669.0,62966.0,59339.0,54338.0,66360.0,0.818836648583484,0.4913019891500904
145646,Illinois Wesleyan University,Bloomington,IL,Private nonprofit,Bachelor,www.iwu.edu/,https://www.iwu.edu/financial-aid/calculators.html,1582,0.3931,70700.0,57704.0,57704.0,28199.0,17732.0,19057.0,23152.0,27396.0,37104.0,0.781,0.6579,27000.0,50219.0,69265.0,66515.0,56082.0,70871.0,112796.0,0.6283112876343133,0.4907111156423987
215266,University of Pittsburgh-Bradford,Bradford,PA,Public,Bachelor,https://www.upb.pitt.edu/,https://pitt.studentaidcalculator.com/survey.aspx,995,0.8854,30478.0,14770.0,26644.0,15350.0,9138.0,8265.0,17407.0,18875.0,23352.0,0.4556,0.3956,24250.0,49721.0,73701.0,69754.0,54240.0,66125.0,61400.0,1.076954397394137,0.4906604234527688
232681,University of Mary Washington,Fredericksburg,VA,Public,Bachelor,https://www.umw.edu/,https://adminfinance.umw.edu/umwstatic/financialaid/NetPriceCalculator/npcalc.htm,3566,0.7978,31137.0,14640.0,27560.0,20667.0,10304.0,11061.0,15477.0,26212.0,30986.0,0.669,0.5739,20500.0,40985.0,59661.0,58080.0,49411.0,60613.0,82668.0,0.7332099482266415,0.49051745536362323
170806,Madonna University,Livonia,MI,Private nonprofit,Bachelor,https://www.madonna.edu/,https://ww4.madonna.edu/NetPriceCalc_20/index.html,1632,0.6339,41038.0,28440.0,28440.0,17755.0,14759.0,15277.0,16912.0,16593.0,22005.0,0.5897,0.4057,23000.0,55673.0,61516.0,59769.0,49871.0,59058.0,71020.0,0.8315685722331737,0.4903759870459025
193900,New York University,New York,NY,Private nonprofit,Bachelor,https://www.nyu.edu/,https://www.nyu.edu/admissions/financial-aid-and-scholarships/applying-and-planning-for-undergraduate-aid/estimate-your-cost.html,28663,0.0923,84374.0,62796.0,62796.0,37050.0,16977.0,14017.0,16862.0,32766.0,66876.0,0.8801,0.7371,20500.0,59956.0,89427.0,83544.0,64543.0,82509.0,148200.0,0.5567408906882592,0.48998765789473686
174756,St Cloud Technical and Community College,Saint Cloud,MN,Public,Associate,www.sctcc.edu/,www.sctcc.edu/calculator,3113,,14325.0,6124.0,6124.0,9635.0,6889.0,6654.0,8908.0,11666.0,13804.0,0.4028,0.3638,12000.0,45196.0,58691.0,52595.0,42307.0,46874.0,38540.0,1.216242864556305,0.48990262584327965
220862,University of Memphis,Memphis,TN,Public,Bachelor,https://www.memphis.edu/,https://www.memphis.edu/financialaid/net_price_calculator,12701,0.7203,25169.0,10728.0,15384.0,12397.0,10607.0,10968.0,13923.0,17384.0,18691.0,0.5013,0.3344,23300.0,42466.0,57507.0,52242.0,40921.0,48458.0,49588.0,0.9772122287650238,0.4898764902799064
190530,CUNY Bronx Community College,Bronx,NY,Public,Associate,www.bcc.cuny.edu/,https://npc.cuny.edu/npc/public/fin_aid/financial_aid_estimator/FinAidEstimator.jsp,5964,,12677.0,5206.0,8086.0,4462.0,3667.0,4507.0,7190.0,8545.0,10195.0,0.2371,0.0452,8384.0,29416.0,44993.0,44617.0,33072.0,41307.0,17848.0,2.06535,0.489694485
167905,Springfield Technical Community College,Springfield,MA,Public,Associate,www.stcc.edu/,https://stcc.aidcalc.cloud/,4759,,14971.0,5904.0,11112.0,5662.0,4250.0,3833.0,6675.0,8925.0,13867.0,0.2999,0.1286,6570.0,39700.0,51917.0,47604.0,35824.0,36966.0,22648.0,1.6321971034969975,0.48949591133874953
186876,Stockton University,Galloway,NJ,Public,Bachelor,https://www.stockton.edu/,https://stockton.clearcostcalculator.com/student/default/netpricecalculator/survey,7537,0.8894,35139.0,16266.0,24524.0,20670.0,15135.0,14264.0,18964.0,26140.0,28601.0,0.7024,0.5145,20500.0,37285.0,58872.0,58188.0,48223.0,57602.0,82680.0,0.6966860183841316,0.489352259313014
220978,Middle Tennessee State University,Murfreesboro,TN,Public,Bachelor,www.mtsu.edu/,www.mtsu.edu/financialaid/npcalc/npcalc.htm,16301,0.6909,24289.0,10266.0,31574.0,13359.0,9289.0,10273.0,13007.0,16935.0,19046.0,0.5385,0.3588,20000.0,38819.0,54525.0,50530.0,39941.0,48541.0,53436.0,0.9083950894528033,0.4891707556703346
476717,Be'er Yaakov Talmudic Seminary,Spring Valley,NY,Private nonprofit,Bachelor,www.byts.edu/,www.byts.edu/price-calculator,765,,19858.0,12300.0,12300.0,4543.0,4122.0,4292.0,5610.0,7171.0,,0.5627,0.0,,11073.0,19100.0,20735.0,26758.0,17360.0,18172.0,0.868,0.48842359999999996
217819,College of Charleston,Charleston,SC,Public,Bachelor,https://www.charleston.edu/,https://charleston.edu/cost-aid/tuition-fees/net-price-calculator.php,10558,0.6003,32362.0,12978.0,38296.0,18960.0,12133.0,13406.0,16797.0,20089.0,24996.0,0.6544,0.5663,23250.0,36253.0,58354.0,54011.0,43821.0,56416.0,75840.0,0.7438818565400844,0.48679628691983123
179043,Rockhurst University,Kansas City,MO,Private nonprofit,Bachelor,https://www.rockhurst.edu/,https://www.rockhurst.edu/admissions/freshman/net-price-calculator,1580,0.6959,59898.0,44966.0,44966.0,25884.0,22797.0,19895.0,21997.0,26522.0,30348.0,0.7509,0.6733,18250.0,63703.0,76125.0,69000.0,61371.0,67102.0,103536.0,0.6481030752588471,0.4866605992118683
233754,Virginia Peninsula Community College,Hampton,VA,Public,Associate,https://vpcc.edu/,https://vawizard.org/wizard/npc,3941,,13576.0,5088.0,11526.0,7012.0,5074.0,6028.0,8021.0,9841.0,13394.0,0.3591,0.2249,9500.0,34405.0,47856.0,45239.0,31354.0,37996.0,28048.0,1.3546776953793498,0.48646476041072445
167394,College of Our Lady of the Elms,Chicopee,MA,Private nonprofit,Bachelor,https://www.elms.edu/,https://www.elms.edu/net-price-calculator/,949,0.8526,54027.0,43325.0,43325.0,17545.0,8099.0,22645.0,17539.0,21243.0,25491.0,0.6624,0.6028,25000.0,54579.0,64421.0,67610.0,54087.0,51540.0,70180.0,0.7343972641778285,0.4864647477913936
235316,Gonzaga University,Spokane,WA,Private nonprofit,Bachelor,https://www.gonzaga.edu/,https://www.gonzaga.edu/admission/tuition-scholarships-aid/financial-aid/cost-of-attendance,5198,0.8169,73178.0,55480.0,55480.0,35119.0,20833.0,23112.0,25106.0,33949.0,42668.0,0.8659,0.7408,24454.0,53993.0,80896.0,78362.0,66525.0,78892.0,140476.0,0.5616048292946838,0.4862936216862667
173416,Dakota County Technical College,Rosemount,MN,Public,Associate,www.dctc.edu/,www.minnstate.edu/admissions/calculator/dakotacounty.html,2168,,18552.0,6679.0,6679.0,13548.0,9549.0,9835.0,12371.0,14517.0,18089.0,0.5073,0.5223,11000.0,45905.0,59518.0,53667.0,46398.0,51938.0,54192.0,0.9584071449660466,0.4861999446412754
154110,Northeast Iowa Community College,Calmar,IA,Public,Associate,https://www.nicc.edu/,https://www.nicc.edu/admissions/tuition-and-fees/,1697,,17838.0,6780.0,7770.0,11272.0,9137.0,8176.0,12225.0,15390.0,16353.0,0.5307,0.4282,12000.0,41897.0,50002.0,47208.0,38805.0,41306.0,45088.0,0.9161195883605394,0.4861846655429382
440794,Pillar College,Newark,NJ,Private nonprofit,Bachelor,www.pillar.edu/,pillar.edu/net-price-calculator/,498,,38047.0,25900.0,25900.0,8470.0,15139.0,7114.0,3181.0,4411.0,,0.3614,0.0,21483.0,35178.0,44376.0,42951.0,37885.0,45577.0,33880.0,1.3452479338842975,0.4861726033057851
168148,Tufts University,Medford,MA,Private nonprofit,Bachelor,https://www.tufts.edu/,https://npc.collegeboard.org/app/tufts,7061,0.1149,88300.0,70704.0,70704.0,39998.0,11284.0,9811.0,14923.0,23311.0,58570.0,0.9342,0.8259,16250.0,63641.0,97474.0,86650.0,68337.0,83214.0,159992.0,0.5201135056752838,0.48589003700185013
225414,University of Houston-Clear Lake,Houston,TX,Public,Bachelor,www.uhcl.edu/,uhcl.studentaidcalculator.com/survey.aspx,6078,0.9052,24622.0,7770.0,21114.0,15563.0,7330.0,12470.0,19458.0,21296.0,21898.0,0.5125,0.3374,17831.0,50121.0,59865.0,59421.0,52098.0,59004.0,62252.0,0.9478249694788923,0.48576029685793226
100751,The University of Alabama,Tuscaloosa,AL,Public,Bachelor,www.ua.edu/,ua.aidcalc.cloud/netprice.htm,33227,0.7665,33382.0,12180.0,34172.0,22420.0,19169.0,19884.0,22258.0,25658.0,26729.0,0.7354,0.5658,22750.0,47722.0,70439.0,62983.0,52233.0,59221.0,89680.0,0.6603590544157003,0.485628048617306
214175,Muhlenberg College,Allentown,PA,Private nonprofit,Bachelor,www.muhlenberg.edu/,www.muhlenberg.edu/financialaid/prospectivestudents/netpricecalculator/,1727,0.7199,77270.0,62805.0,62805.0,28905.0,12302.0,16629.0,19717.0,25452.0,37603.0,0.8123,0.6667,25455.0,33389.0,65650.0,67290.0,53265.0,69107.0,115620.0,0.5977080089949836,0.4855182157066252
215743,Saint Francis University,Loretto,PA,Private nonprofit,Bachelor,www.francis.edu/,www.francis.edu/financial-aid,1557,0.7682,59815.0,44000.0,44000.0,23526.0,21906.0,19995.0,22677.0,28717.0,22945.0,0.7352,0.6951,27000.0,48790.0,73068.0,62248.0,56920.0,62101.0,94104.0,0.659918813227918,0.4851723114851653
221351,Rhodes College,Memphis,TN,Private nonprofit,Bachelor,www.rhodes.edu/,https://www.rhodes.edu/admission-aid/cost-affordability/net-price-calculator,1836,0.5035,71136.0,57110.0,57110.0,28585.0,15770.0,19960.0,15910.0,37103.0,31878.0,0.8313,0.7882,21761.0,35257.0,65427.0,66608.0,48898.0,66651.0,114340.0,0.5829193633024313,0.4845808667133112
190725,Daemen University,Amherst,NY,Private nonprofit,Bachelor,www.daemen.edu/,www.daemen.edu/admissions/tuition-fees-2024-2025,1643,0.6826,45192.0,35218.0,35218.0,18693.0,10773.0,13276.0,17289.0,18863.0,25356.0,0.5862,0.4734,22091.0,64708.0,70310.0,69195.0,59912.0,61808.0,74772.0,0.8266195902209383,0.4845644037875141
147660,North Central College,Naperville,IL,Private nonprofit,Bachelor,northcentralcollege.edu/,northcentralcollege.edu/financial-aid/estimate,2428,0.7733,57219.0,45726.0,45726.0,21044.0,12507.0,13486.0,16362.0,20590.0,26961.0,0.6773,0.5491,24500.0,39312.0,61656.0,58756.0,51762.0,60123.0,84176.0,0.7142534689222582,0.48376387450104547
178059,Maryville University of Saint Louis,Saint Louis,MO,Private nonprofit,Bachelor,https://www.maryville.edu/,https://maryville.studentaidcalculator.com/survey.aspx,5658,0.9508,41959.0,27166.0,27166.0,22066.0,16528.0,17751.0,17364.0,26062.0,26741.0,0.6874,0.548,22000.0,63561.0,84871.0,68337.0,55047.0,62105.0,88264.0,0.7036277531043234,0.48367371748391186
169983,Kettering University,Flint,MI,Private nonprofit,Bachelor,https://www.kettering.edu/,https://kettering.studentaidcalculator.com/survey.aspx,1205,0.7867,61250.0,48470.0,48470.0,34660.0,24910.0,23273.0,31544.0,33401.0,39399.0,0.7067,0.1818,27000.0,80708.0,99943.0,102107.0,80275.0,94823.0,138640.0,0.6839512406231968,0.4833483417484132
153825,Loras College,Dubuque,IA,Private nonprofit,Bachelor,www.loras.edu/,www.loras.edu/financial-aid/netpricecalculator/,1083,0.9986,50537.0,39824.0,39824.0,20716.0,20479.0,17033.0,15624.0,20233.0,23039.0,0.6869,0.4385,26000.0,40870.0,55860.0,55200.0,46069.0,58289.0,82864.0,0.7034297161614211,0.48318587203128016
199218,University of North Carolina Wilmington,Wilmington,NC,Public,Bachelor,www.uncw.edu/,https://www.uncw.edu/seahawk-life/money-matters/financial-aid/affording-your-education/net-price-calculator,14922,0.6424,26547.0,7277.0,24152.0,20109.0,10778.0,12572.0,17378.0,24046.0,25573.0,0.7066,0.564,19500.0,44355.0,61925.0,54234.0,46972.0,54967.0,80436.0,0.6833631707195783,0.482864416430454
231712,Christopher Newport University,Newport News,VA,Public,Bachelor,https://cnu.edu/,https://cnu.edu/financialaid/calculator/npcalc.htm,4365,0.8604,33766.0,16828.0,31178.0,23015.0,12461.0,12752.0,14163.0,22776.0,30584.0,0.734,0.6357,25000.0,40648.0,62140.0,58935.0,51931.0,60509.0,92060.0,0.6572778622637411,0.4824419509015859
196246,State University of New York at Plattsburgh,Plattsburgh,NY,Public,Bachelor,https://www.plattsburgh.edu/,https://www.plattsburgh.edu/cost-aid/net-price-calculator.html,3769,0.7841,28244.0,9035.0,18945.0,17156.0,9400.0,12121.0,17076.0,17655.0,24611.0,0.5867,0.4368,21196.0,37823.0,58319.0,55178.0,48089.0,56403.0,68624.0,0.8219136162275589,0.4822167186407088
219602,Austin Peay State University,Clarksville,TN,Public,Bachelor,www.apsu.edu/,app.meadowfi.com/apsu,7560,0.9641,22233.0,9006.0,14766.0,9735.0,7588.0,8768.0,10077.0,13537.0,15078.0,0.4233,0.2729,20547.0,40205.0,52456.0,48012.0,38779.0,44301.0,38940.0,1.137673343605547,0.4815771263482281
169080,Calvin University,Grand Rapids,MI,Private nonprofit,Bachelor,www.calvin.edu/,https://www.calvin.edu/admissions/financial-aid/calculator,3193,0.7091,54222.0,39350.0,39350.0,22992.0,19281.0,18330.0,19447.0,21128.0,26713.0,0.7576,0.6382,23250.0,43110.0,60889.0,56704.0,48039.0,58375.0,91968.0,0.63473164578984,0.4808726948503828
152099,Oakland City University,Oakland City,IN,Private nonprofit,Bachelor,www.oak.edu/,www.oak.edu/admissions/tuition-and-aid/net-price-calculator/,499,0.8251,42441.0,27900.0,27900.0,15210.0,13980.0,15781.0,13637.0,16005.0,18550.0,0.6759,0.4783,16758.0,44176.0,57090.0,48485.0,43190.0,43283.0,60840.0,0.7114234056541748,0.4808510798816567
122931,Santa Clara University,Santa Clara,CA,Private nonprofit,Bachelor,www.scu.edu/,https://www.scu.edu/financialaid/Net-Price-Calculator.cfm,6552,0.48,82026.0,61293.0,61293.0,50062.0,22985.0,19154.0,26531.0,37219.0,60678.0,0.8819,0.8124,19162.0,72660.0,108517.0,104986.0,91198.0,109183.0,200248.0,0.5452389037593384,0.4808461892253605
232256,Hampden-Sydney College,Hampden-Sydney,VA,Private nonprofit,Bachelor,www.hsc.edu/,https://www.hsc.edu/admission-and-financial-aid/financial-aid/consumer-information/net-price-calculator,946,0.4092,70325.0,54550.0,54550.0,22400.0,13422.0,12458.0,17547.0,22600.0,32133.0,0.6365,0.5484,26000.0,44465.0,71699.0,69617.0,55846.0,67640.0,89600.0,0.7549107142857143,0.48050066964285715
237011,Western Washington University,Bellingham,WA,Public,Bachelor,wwu.edu/,tcc.ruffalonl.com/Western Washington University/Freshman-Students,13544,0.9325,30359.0,9582.0,28707.0,21193.0,12915.0,14147.0,17539.0,24301.0,27984.0,0.6509,0.4049,18500.0,35723.0,58560.0,58459.0,45272.0,62569.0,84772.0,0.7380856886707875,0.4804199747558156
215682,Rosedale Technical College,Pittsburgh,PA,Private nonprofit,Associate,www.rosedaletech.edu/,www.rosedaletech.edu/wp-content/uploads/2024/02/index.html,475,0.75,29468.0,17402.0,17402.0,19760.0,16171.0,19277.0,19935.0,22286.0,27428.0,0.7929,0.7876,12000.0,41291.0,55157.0,50528.0,45219.0,47880.0,79040.0,0.6057692307692307,0.48031442307692307
108667,College of Alameda,Alameda,CA,Public,Associate,https://alameda.edu/,https://misweb.cccco.edu/npc/341/npcalc.htm,4487,,18185.0,1258.0,9898.0,8496.0,7947.0,6829.0,11225.0,15603.0,,0.3833,0.0635,,31561.0,43771.0,60475.0,34535.0,42563.0,33984.0,1.2524423258003767,0.48006114347928436
153524,Iowa Central Community College,Fort Dodge,IA,Public,Associate,www.iowacentral.edu/,www.iowacentral.edu/results.asp?q=Net+price+calculator,3103,,15222.0,5496.0,7788.0,9328.0,7837.0,7865.0,8948.0,12252.0,12424.0,0.426,0.3501,11000.0,36243.0,46682.0,45939.0,35830.0,42046.0,37312.0,1.1268760720411664,0.4800492066895369
181002,Creighton University,Omaha,NE,Private nonprofit,Bachelor,https://www.creighton.edu/,www.creighton.edu/cost-aid/tuition-costs/net-price-calculator,4348,0.7975,63423.0,48856.0,48856.0,31568.0,20472.0,22095.0,23405.0,28113.0,35090.0,0.8196,0.7386,25000.0,61547.0,81178.0,73708.0,63090.0,73911.0,126272.0,0.5853316649771921,0.47973783261530667
174914,University of St Thomas,Saint Paul,MN,Private nonprofit,Bachelor,www.stthomas.edu/,www.stthomas.edu/financialaid/undergraduate/resources/netpricecalculator/,6245,0.8536,66116.0,54398.0,54398.0,29155.0,28131.0,26820.0,24357.0,25363.0,33232.0,0.7582,0.6746,23250.0,56242.0,82136.0,77287.0,62412.0,73739.0,116620.0,0.6323014920253816,0.4794109912536443
170587,Kirtland Community College,Grayling,MI,Public,Associate,https://www.kirtland.edu/,https://www.kirtland.edu/static/net-price-calculator/,1023,,15990.0,5190.0,9870.0,7456.0,7396.0,2981.0,4605.0,14448.0,14073.0,0.3989,0.2857,13067.0,50769.0,58673.0,49325.0,31761.0,35831.0,29824.0,1.2014149678111588,0.4792444306598712
180416,Montana Technological University,Butte,MT,Public,Bachelor,https://www.mtech.edu/,https://www.mtech.edu/financial-aid/cost/,1480,0.9105,22786.0,8340.0,26150.0,16481.0,11914.0,13733.0,15187.0,18843.0,19595.0,0.5815,0.3443,18750.0,63761.0,79369.0,73365.0,48356.0,54329.0,65924.0,0.8241156483223105,0.4792232494994236
169248,Central Michigan University,Mount Pleasant,MI,Public,Bachelor,https://www.cmich.edu/,https://cmich.studentaidcalculator.com/survey.aspx,10035,0.8982,30681.0,14760.0,14760.0,17597.0,12185.0,12139.0,13601.0,16269.0,21403.0,0.6037,0.3951,27000.0,43750.0,61298.0,57741.0,46567.0,55874.0,70388.0,0.7938000795590158,0.47921710802977785
207935,Tulsa Community College,Tulsa,OK,Public,Associate,www.tulsacc.edu/,www.tulsacc.edu/paying-college/cost-attendance/net-price-calculator,12228,,12900.0,3792.0,9720.0,6288.0,5082.0,5346.0,7112.0,9490.0,10548.0,0.3032,0.1546,12223.0,42250.0,50755.0,47408.0,34866.0,39746.0,25152.0,1.5802321882951653,0.47912639949109415
458210,West Coast University-Orange County,Anaheim,CA,Private for-profit,Bachelor,westcoastuniversity.edu/,https://wcu.aidcalc.cloud/,3192,,34887.0,22506.0,22506.0,32879.0,29867.0,,34887.0,,34887.0,0.6129,0.6,32946.0,95294.0,110100.0,108697.0,96114.0,102672.0,131516.0,0.7806806776361811,0.47847918732321537
486840,Kennesaw State University,Kennesaw,GA,Public,Bachelor,www.kennesaw.edu/,financialaid.kennesaw.edu/npcalc/npcalc.htm,41254,0.6919,24008.0,5808.0,17736.0,15048.0,12235.0,12661.0,15185.0,18263.0,19309.0,0.5004,0.2424,23833.0,48335.0,68306.0,62098.0,47863.0,57552.0,60192.0,0.956140350877193,0.4784526315789473
170657,Lansing Community College,Lansing,MI,Public,Associate,https://www.lcc.edu/,https://www.lcc.edu/admissions-financial-aid/tuition-and-costs/net-price-calculator.html,8207,,13013.0,4100.0,11300.0,5437.0,4961.0,4202.0,6652.0,6583.0,11709.0,0.2654,0.1398,12700.0,47741.0,56314.0,48390.0,35174.0,39206.0,21748.0,1.8027404818833916,0.4784473238918522
216667,Washington & Jefferson College,Washington,PA,Private nonprofit,Bachelor,www.washjeff.edu/,www.washjeff.edu/future-students/tuition-fees/net-price-calculator/,1295,0.8064,42972.0,29392.0,29392.0,25002.0,15265.0,13958.0,18975.0,32322.0,29655.0,0.7044,0.6524,27000.0,43047.0,66045.0,65052.0,52082.0,67918.0,100008.0,0.6791256699464043,0.47837612191024725
115001,Glendale Community College,Glendale,CA,Public,Associate,https://www.glendale.edu/,https://misweb.cccco.edu/npc/731/npcalc.htm,10509,,17501.0,1191.0,10935.0,8365.0,7902.0,7944.0,9747.0,13944.0,11964.0,0.3853,0.0911,8972.0,20887.0,49295.0,,32387.0,41540.0,33460.0,1.2414823670053796,0.47834315600717275
180878,Bryan College of Health Sciences,Lincoln,NE,Private nonprofit,Bachelor,https://www.bryanhealthcollege.edu/bcohs/,https://www.bryanhealthcollege.edu/bcohs/admission/tuition-financial-aid-scholarships/NetPriceCalculators/npcalc.htm,553,0.6737,32845.0,20640.0,20640.0,26919.0,23196.0,25806.0,24353.0,31262.0,29816.0,0.7257,0.4333,24985.0,71035.0,77318.0,71823.0,66305.0,70845.0,107676.0,0.6579460604034325,0.477471456034771
161873,University of Baltimore,Baltimore,MD,Public,Bachelor,www.ubalt.edu/,www.ubalt.edu/admission/financial-aid/aid-basics/policies/net-price.cfm,1133,0.7874,26406.0,9992.0,23984.0,13868.0,11680.0,14337.0,17472.0,,19406.0,0.4317,0.25,23250.0,50372.0,67949.0,64727.0,48197.0,61335.0,55472.0,1.1056929622151717,0.47732765178828956
168786,Aquinas College,Grand Rapids,MI,Private nonprofit,Bachelor,https://www.aquinas.edu/,https://app.meadowfi.com/aquinas,1083,0.8988,51652.0,40218.0,40218.0,16626.0,10725.0,11222.0,13594.0,15468.0,21093.0,0.6398,0.4699,23000.0,37757.0,51578.0,52194.0,40161.0,49584.0,66504.0,0.7455792132804042,0.47702158065680267
156286,Bellarmine University,Louisville,KY,Private nonprofit,Bachelor,https://www.bellarmine.edu/,https://www.shoppingsheet.com/Shopping/Landing/bellarmine,2161,0.8611,61691.0,48770.0,48770.0,21499.0,18430.0,19358.0,17391.0,21987.0,29194.0,0.6609,0.5668,25000.0,48319.0,64564.0,61131.0,49819.0,62069.0,85996.0,0.7217661286571468,0.4770152344295084
174747,College of Saint Benedict,Saint Joseph,MN,Private nonprofit,Bachelor,https://csbsju.edu/,https://csbsju.edu/admission/cost-aid-scholarships/net-price-calculators/csb-net-price-calculator,1370,0.9152,68453.0,55756.0,55756.0,26640.0,12981.0,14791.0,20378.0,24039.0,33660.0,0.8033,0.73,26944.0,45402.0,63895.0,60000.0,54567.0,63260.0,106560.0,0.5936561561561562,0.47688399024024025
440828,Oregon State University-Cascades Campus,Bend,OR,Public,Bachelor,https://osucascades.edu/,https://financialaid.oregonstate.edu/net-price-calculator,1044,0.6311,29798.0,13566.0,37356.0,18048.0,11497.0,11716.0,16694.0,20055.0,24478.0,0.5377,0.3333,21221.0,47459.0,71799.0,65204.0,50843.0,64010.0,72192.0,0.8866633421985816,0.4767588791001773
221847,Tennessee Technological University,Cookeville,TN,Public,Bachelor,www.tntech.edu/,https://www.tntech.edu/financialaid/cost/calculator.php,8698,0.7613,25663.0,11376.0,15576.0,14246.0,9815.0,10445.0,13861.0,17245.0,18936.0,0.5601,0.411,15650.0,43112.0,57413.0,51599.0,43759.0,48501.0,56984.0,0.8511336515513126,0.47671995823389024
152318,Rose-Hulman Institute of Technology,Terre Haute,IN,Private nonprofit,Bachelor,https://www.rose-hulman.edu/,https://bannerssb.rose-hulman.edu/BanSS/RHIT_NPCALC.P_StudentInfo,2309,0.7686,77890.0,58649.0,58649.0,42513.0,36843.0,33742.0,37396.0,38843.0,45994.0,0.8002,0.6393,25000.0,80344.0,97780.0,98978.0,85935.0,101253.0,170052.0,0.5954237527344577,0.47645808693811303
208035,Western Oklahoma State College,Altus,OK,Public,Associate,www.wosc.edu/,www.wosc.edu/index.php?page=netpricecalc,815,,15372.0,5586.0,9954.0,7267.0,5781.0,5875.0,5440.0,11646.0,13233.0,0.3621,0.2456,9500.0,53346.0,48797.0,46219.0,33374.0,38248.0,29068.0,1.3158112013210403,0.47645523599834866
127389,Lamar Community College,Lamar,CO,Public,Associate,https://www.lamarcc.edu/,https://www.lamarcc.edu/admission/paying-for-college/net-price-calculator/,400,,20044.0,4550.0,7260.0,9161.0,7513.0,8163.0,10137.0,12389.0,17711.0,0.4506,0.4906,8750.0,27176.0,39711.0,37777.0,31813.0,38719.0,36644.0,1.0566259142015064,0.4761156369391988
106458,Arkansas State University,Jonesboro,AR,Public,Bachelor,www.astate.edu/,www.astate.edu/a/finaid/tuition-fees/net-price-calculator/index.dot,9110,0.8226,25082.0,8090.0,14522.0,12366.0,10098.0,9255.0,12205.0,15839.0,16444.0,0.5526,0.4145,20500.0,45510.0,56631.0,49159.0,38944.0,42617.0,49464.0,0.8615760957464014,0.4761069505094614
164562,Assumption University,Worcester,MA,Private nonprofit,Bachelor,https://www.assumption.edu/,https://www.assumption.edu/admissions-financial-aid/undergraduate-admissions-and-financial-aid/undergraduate-tuition-and-fees,1669,0.8298,65551.0,51356.0,51356.0,29498.0,19885.0,23632.0,25471.0,25961.0,33463.0,0.7493,0.6998,27000.0,47681.0,67745.0,65990.0,46029.0,74895.0,117992.0,0.634746423486338,0.4756154951183131
153144,Coe College,Cedar Rapids,IA,Private nonprofit,Bachelor,www.coe.edu/,https://www.coe.edu/admission/financial-aid-scholarships/resources/net-price-calculator,1164,0.6404,67372.0,54666.0,54666.0,18745.0,11479.0,11523.0,14475.0,20223.0,27167.0,0.6242,0.5929,27000.0,42166.0,57133.0,54517.0,47136.0,57125.0,74980.0,0.7618698319551881,0.4755591491064284
240480,University of Wisconsin-Stevens Point,Stevens Point,WI,Public,Bachelor,https://www.uwsp.edu/,https://app.meadowfi.com/uwsp,7306,0.918,20079.0,9488.0,18508.0,14559.0,8833.0,9609.0,11428.0,17042.0,18737.0,0.5321,0.3727,21503.0,40073.0,51548.0,49807.0,43371.0,52021.0,58236.0,0.8932790713647916,0.4753137938732056
198321,Cleveland Community College,Shelby,NC,Public,Associate,www.clevelandcc.edu/,clevelandcc.edu/consumer-information/,1097,,5565.0,2602.0,8746.0,995.0,498.0,1600.0,1676.0,3987.0,,0.2814,0.1196,,32277.0,41985.0,37871.0,30126.0,33755.0,3980.0,1.68775,0.47493285
126818,Colorado State University-Fort Collins,Fort Collins,CO,Public,Bachelor,colostate.edu/,admissions.colostate.edu/cost-financial-aid/net-price-calculator/,25538,0.8854,31642.0,13373.0,34783.0,21279.0,13259.0,14460.0,15905.0,21927.0,29763.0,0.667,0.4681,20000.0,43283.0,67911.0,62288.0,49748.0,60543.0,85116.0,0.7112998731143381,0.4744370153672635
176080,Mississippi State University,Mississippi State,MS,Public,Bachelor,https://www.msstate.edu/,https://npc.collegeboard.org/app/msu/start,18397,0.7764,29267.0,10202.0,27637.0,17595.0,14332.0,14372.0,18671.0,20704.0,22987.0,0.6482,0.4594,22142.0,41867.0,59311.0,56331.0,43487.0,51513.0,70380.0,0.731926683716965,0.4744348763853367
159966,Nicholls State University,Thibodaux,LA,Public,Bachelor,www.nicholls.edu/,https://www.nicholls.edu/net-price-calculator/,4737,0.908,23481.0,8149.0,9242.0,12947.0,10714.0,10527.0,12139.0,16784.0,17954.0,0.5403,0.2976,22675.0,41613.0,51767.0,49367.0,38829.0,45454.0,51788.0,0.8776936742102418,0.47421789217579363
204936,Otterbein University,Westerville,OH,Private nonprofit,Bachelor,https://www.otterbein.edu/,https://www.otterbein.edu/estimator/npcalc.htm,2157,0.8453,48321.0,35548.0,35548.0,19237.0,12458.0,12659.0,16478.0,23061.0,24620.0,0.6843,0.5694,26000.0,40710.0,58068.0,55677.0,44539.0,53313.0,76948.0,0.6928445183760462,0.47411350392472845
141264,Valdosta State University,Valdosta,GA,Public,Bachelor,www.valdosta.edu/,www.valdosta.edu/administration/finance-admin/financial-services/students/net-price-calculator.php,6622,0.7229,20801.0,6124.0,17836.0,10945.0,9378.0,9541.0,11877.0,14906.0,15905.0,0.4205,0.2537,24779.0,38761.0,56067.0,49333.0,39416.0,49361.0,43780.0,1.1274783005938784,0.47410462539972587
181394,University of Nebraska at Omaha,Omaha,NE,Public,Bachelor,https://www.unomaha.edu/,https://webapp.unomaha.edu/net-price-calculator/,11488,0.8698,21120.0,8718.0,23206.0,13441.0,10534.0,10614.0,12324.0,15540.0,19466.0,0.4728,0.2719,19000.0,44873.0,60448.0,57182.0,45494.0,53909.0,53764.0,1.0026969719514918,0.47407512833866533
175005,St Catherine University,Saint Paul,MN,Private nonprofit,Bachelor,https://www.stkate.edu/,https://www.stkate.edu/admission-and-aid/net-price-calculator,2473,0.9185,60476.0,51454.0,51454.0,19764.0,17890.0,15190.0,15451.0,19376.0,27021.0,0.6317,0.5,24181.0,50409.0,65829.0,66637.0,52795.0,59282.0,79056.0,0.7498735073871686,0.47369509461647447
165024,Bridgewater State University,Bridgewater,MA,Public,Bachelor,www.bridgew.edu/,www.bridgew.edu/office/financial-aid/net-price-calulator,7829,0.8781,26160.0,11808.0,17948.0,16383.0,10007.0,11579.0,13559.0,16904.0,21176.0,0.5401,0.3167,24286.0,42562.0,59669.0,56900.0,46673.0,57466.0,65532.0,0.8769150949154612,0.4736218427638406
109785,Azusa Pacific University,Azusa,CA,Private nonprofit,Bachelor,www.apu.edu/,https://www.apu.edu/undergraduate-admissions/financialaid/calculator/,2759,0.8843,56313.0,44458.0,44458.0,22212.0,15781.0,20495.0,22998.0,,27193.0,0.631,0.4905,23219.0,50824.0,71925.0,65063.0,56794.0,66677.0,88848.0,0.7504614622726454,0.4735411826940393
482680,University of North Georgia,Dahlonega,GA,Public,Bachelor,www.ung.edu/,ung.edu/financial-aid/net-calculator.php,16146,0.6794,18177.0,5285.0,16503.0,9823.0,6981.0,7261.0,10118.0,12059.0,13481.0,0.3709,0.3245,17750.0,43016.0,55974.0,52177.0,43085.0,50135.0,39292.0,1.275959482846381,0.4732533721877227
153834,Luther College,Decorah,IA,Private nonprofit,Bachelor,https://www.luther.edu/,https://luther.edu/admission-aid/cost-financial-aid/net-price-calculator,1379,0.7154,65461.0,52120.0,52120.0,23097.0,12517.0,12835.0,19351.0,22204.0,29376.0,0.7299,0.6083,27000.0,42759.0,55033.0,54417.0,49541.0,59850.0,92388.0,0.6478114040784517,0.4728375438368619
211468,Cedar Crest College,Allentown,PA,Private nonprofit,Bachelor,www.cedarcrest.edu/,https://collegepricecalculator.com/CedarCrestCollegehttps://collegepricecalculator.com/CedarCrestCollege,834,0.8407,57206.0,46314.0,46314.0,18659.0,21044.0,24250.0,21490.0,19909.0,11008.0,0.5929,0.5121,27000.0,50645.0,67546.0,62081.0,48295.0,59460.0,74636.0,0.7966664880218661,0.4723435607481644
161688,Allegany College of Maryland,Cumberland,MD,Public,Associate,www.allegany.edu/,services.allegany.edu/netprice/,1831,,16170.0,4938.0,12618.0,8819.0,7807.0,8826.0,9654.0,11982.0,11948.0,0.4329,0.272,13702.0,42411.0,47031.0,41643.0,33534.0,38476.0,35276.0,1.0907132327928337,0.4721697584760177
235097,Eastern Washington University,Cheney,WA,Public,Bachelor,www.ewu.edu/,https://tcc.ruffalonl.com/Eastern Washington University/Freshmen,6222,0.9075,24478.0,8586.0,25959.0,13886.0,9547.0,10204.0,12292.0,17596.0,22279.0,0.4529,0.2762,19500.0,40918.0,60781.0,59344.0,46469.0,57897.0,55544.0,1.0423628114647847,0.472086117312401
221519,The University of the South,Sewanee,TN,Private nonprofit,Bachelor,www.sewanee.edu/,https://www.collegenpc.com/sewanee,1607,0.569,71986.0,56120.0,56120.0,27872.0,10485.0,10704.0,17746.0,22563.0,38762.0,0.8104,0.7326,22855.0,34203.0,63966.0,57680.0,53456.0,64911.0,111488.0,0.5822240958668198,0.47183440729047077
200253,Minot State University,Minot,ND,Public,Bachelor,www.minotstateu.edu/,https://www.minotstateu.edu/finaid/npcalc.htm,2062,0.6462,19339.0,8702.0,8702.0,12703.0,9492.0,10388.0,11359.0,13674.0,15632.0,0.4631,0.2891,19609.0,48295.0,56408.0,56840.0,46214.0,51759.0,50812.0,1.0186373297646225,0.4717309474139967
228459,Texas State University,San Marcos,TX,Public,Bachelor,https://www.txst.edu/,https://apps.highered.texas.gov/net-price-calculator/,36177,0.8932,28073.0,11450.0,22930.0,16805.0,12715.0,13557.0,13804.0,20028.0,24713.0,0.5572,0.3359,21000.0,42210.0,58786.0,57874.0,46716.0,56906.0,67220.0,0.846563522761083,0.4717051948824755
144892,Eastern Illinois University,Charleston,IL,Public,Bachelor,https://www.eiu.edu/,www.eiu.edu/finaid/calculator.php,4188,0.6535,26996.0,13679.0,16217.0,12786.0,9828.0,8619.0,11412.0,15665.0,21027.0,0.4639,0.2651,21500.0,40194.0,53620.0,52419.0,42694.0,51989.0,51144.0,1.0165219771625216,0.47156454520569374
193478,Nassau Community College,Garden City,NY,Public,Associate,www.ncc.edu/,https://www.ncc.edu/payingforcollege/net_price_tuition_calculator.shtml,10630,,14983.0,6330.0,12130.0,7095.0,4029.0,5507.0,9154.0,11799.0,14164.0,0.2772,0.1006,10500.0,32220.0,51431.0,50850.0,37124.0,48248.0,28380.0,1.7000704721634954,0.4712595348837209
224554,East Texas A&M University,Commerce,TX,Public,Bachelor,www.tamuc.edu/,www.collegeforalltexans.com/apps/CollegeMoney/,9912,0.9224,23438.0,10026.0,22326.0,11841.0,9709.0,10346.0,12067.0,17230.0,20005.0,0.4435,0.2854,20500.0,47428.0,57494.0,53998.0,43157.0,50296.0,47364.0,1.0619035554429526,0.47095422683894944
149772,Western Illinois University,Macomb,IL,Public,Bachelor,www.wiu.edu/,www.wiu.edu/student_success/financial_aid/netPriceCalculator.php,4410,0.7118,28254.0,15264.0,15264.0,12937.0,6941.0,8787.0,12062.0,16294.0,19701.0,0.4497,0.3054,25251.0,41243.0,57453.0,55192.0,43057.0,54163.0,51748.0,1.0466684702790445,0.4706868110844863
240505,Casper College,Casper,WY,Public,Associate,https://www.caspercollege.edu/,https://www.caspercollege.edu/wp-content/uploads/net-price-calculator/index.html,2204,,15256.0,4470.0,10770.0,9593.0,8216.0,8427.0,9771.0,12470.0,13426.0,0.4408,0.3031,9534.0,39811.0,46963.0,48631.0,35716.0,40935.0,38372.0,1.0667934952569582,0.4702425727092672
210669,Allegheny College,Meadville,PA,Private nonprofit,Bachelor,https://allegheny.edu/,https://allegheny.edu/npc,1156,0.5457,71348.0,56550.0,56550.0,22940.0,18495.0,27718.0,13059.0,21357.0,30046.0,0.6951,0.6681,27000.0,34572.0,56294.0,58614.0,45603.0,62069.0,91760.0,0.6764276373147341,0.4701848506974717
121901,Riverside City College,Riverside,CA,Public,Associate,www.rcc.edu/,misweb.cccco.edu/npc/961/npcalc.htm,18346,,16911.0,1428.0,12498.0,8377.0,6931.0,7371.0,10221.0,12755.0,13880.0,0.3834,0.1192,8000.0,29382.0,49751.0,45124.0,32779.0,41091.0,33508.0,1.226304166169273,0.4701650173092993
206589,The College of Wooster,Wooster,OH,Private nonprofit,Bachelor,https://wooster.edu/,https://wooster.edu/admissions/afford/net-price-calculator/,1730,0.5953,75656.0,61640.0,61640.0,23458.0,12512.0,14032.0,17941.0,26165.0,32223.0,0.7394,0.6338,26500.0,31623.0,57840.0,50255.0,43895.0,59629.0,93832.0,0.6354868275215279,0.46987896026941767
224642,El Paso Community College,El Paso,TX,Public,Associate,www.epcc.edu/,www.epcc.edu/Admissions/FinancialAid/how-awards-are-determined,24214,,13337.0,4080.0,6630.0,3206.0,2509.0,2792.0,5298.0,7892.0,9353.0,0.2667,0.107,6566.0,24582.0,39712.0,39531.0,28765.0,35212.0,12824.0,1.7606,0.46955201999999996
212674,Gettysburg College,Gettysburg,PA,Private nonprofit,Bachelor,https://www.gettysburg.edu/,https://www.gettysburg.edu/admissions-aid/tuition-fees/net-price-calculator,2099,0.389,81960.0,66640.0,66640.0,31490.0,13625.0,13184.0,21261.0,28822.0,44863.0,0.8263,0.7513,26999.0,43186.0,72658.0,71373.0,57274.0,71517.0,125960.0,0.567775484280724,0.4691528826611623
168263,Westfield State University,Westfield,MA,Public,Bachelor,www.westfield.ma.edu/,www.westfield.ma.edu/netprice/,3615,0.8141,27649.0,12179.0,18259.0,16721.0,10751.0,11517.0,14199.0,18201.0,23286.0,0.5464,0.4289,22457.0,40719.0,59434.0,57717.0,46861.0,57346.0,66884.0,0.8573948926499612,0.4684805693439388
181297,Nebraska Methodist College of Nursing & Allied Health,Omaha,NE,Private nonprofit,Bachelor,www.methodistcollege.edu/,www.methodistcollege.edu/admissions/tuition-and-fees/net-price-calculator,781,0.7341,32835.0,17885.0,17885.0,21863.0,17272.0,25440.0,14892.0,20420.0,26303.0,0.6296,0.2973,23417.0,68985.0,74574.0,68740.0,61249.0,65071.0,87452.0,0.7440767506746558,0.4684707222247634
159197,ITI Technical College,Baton Rouge,LA,Private for-profit,Associate,www.iticollege.edu/,www.iticollege.edu/netpricecalculator,555,,25749.0,11711.0,11711.0,20850.0,19238.0,18667.0,21107.0,24241.0,25229.0,0.5714,0.4926,15006.0,46998.0,67004.0,67705.0,56551.0,68342.0,83400.0,0.8194484412470024,0.4682328393285372
217475,Community College of Rhode Island,Warwick,RI,Public,Associate,www.ccri.edu/,www.ccri.edu/onestop/fa/NetPriceCalculator.html,11171,,12725.0,5550.0,14834.0,6513.0,6213.0,6299.0,6825.0,6965.0,8152.0,0.2858,0.1785,10920.0,36367.0,51971.0,51547.0,33476.0,42659.0,26052.0,1.6374558575157379,0.4679848840779979
184348,Drew University,Madison,NJ,Private nonprofit,Bachelor,www.drew.edu/,www.drew.edu/financial-aid/cost-calculator/,1533,0.6783,65301.0,47100.0,47100.0,24280.0,15224.0,15697.0,20916.0,24947.0,35512.0,0.7139,0.6262,25288.0,30745.0,59259.0,57555.0,47562.0,63646.0,97120.0,0.655333607907743,0.4678426626853377
166939,Mount Holyoke College,South Hadley,MA,Private nonprofit,Bachelor,https://www.mtholyoke.edu/,https://npc.collegeboard.org/app/mtholyoke,2169,0.3603,84926.0,67018.0,67018.0,26441.0,10882.0,9526.0,17394.0,24247.0,38561.0,0.8469,0.707,22902.0,32877.0,54450.0,54985.0,48590.0,58418.0,105764.0,0.5523429522332741,0.46777924624635986
198543,Fayetteville State University,Fayetteville,NC,Public,Bachelor,https://www.uncfsu.edu/,https://www.uncfsu.edu/paying-for-college/cost-calculator,5762,0.8215,16652.0,4353.0,8353.0,7892.0,6233.0,6908.0,8983.0,13354.0,14112.0,0.3677,0.2373,22987.0,39333.0,51687.0,47162.0,37831.0,40144.0,31568.0,1.2716675114039533,0.4675921439432337
153269,Drake University,Des Moines,IA,Private nonprofit,Bachelor,www.drake.edu/,https://www.drake.edu/admission/first-yearstudents/costsfinancialaid/netpricecalculator/,2543,0.6385,64835.0,52130.0,52130.0,29127.0,25824.0,23275.0,25171.0,27408.0,33126.0,0.7568,0.6564,23000.0,51837.0,65232.0,67733.0,58233.0,71901.0,116508.0,0.6171335873931404,0.46704669893912865
166638,University of Massachusetts-Boston,Boston,MA,Public,Bachelor,www.umb.edu/,https://umb.studentaidcalculator.com/survey.aspx,11512,0.8378,30544.0,15908.0,38125.0,17707.0,14070.0,13558.0,15663.0,20885.0,25571.0,0.5017,0.3254,21974.0,49875.0,69532.0,69745.0,53521.0,65865.0,70828.0,0.9299288417010222,0.46654529988140286
151324,Indiana State University,Terre Haute,IN,Public,Bachelor,https://indianastate.edu/,https://indianastate.edu/costs-aid/net-price-calculator,6188,0.8077,24535.0,10258.0,22322.0,10873.0,6455.0,6571.0,9317.0,15450.0,19345.0,0.4192,0.3289,24000.0,44287.0,57688.0,53967.0,41047.0,48387.0,43492.0,1.1125494343787363,0.4663807228915663
206613,Wright State University-Lake Campus,Celina,OH,Public,Bachelor,https://lake.wright.edu/,https://www.wright.edu/enrollment-services/forms-and-resources/cost-estimator,892,,16340.0,7728.0,17428.0,11081.0,7349.0,7436.0,10188.0,12536.0,15152.0,0.4174,0.2851,22750.0,45640.0,62601.0,57485.0,42229.0,49500.0,44324.0,1.116776464218031,0.46614249616460607
139931,Georgia Southern University,Statesboro,GA,Public,Bachelor,www.georgiasouthern.edu/,georgiasouthern.clearcostcalculator.com/student/default/netpricecalculator/survey,21790,0.8789,24430.0,6022.0,17734.0,15267.0,12162.0,12564.0,14965.0,18408.0,19789.0,0.5345,0.3561,23250.0,43987.0,62342.0,57677.0,44423.0,53236.0,61068.0,0.8717495251195388,0.4659501211763935
195216,St Lawrence University,Canton,NY,Private nonprofit,Bachelor,https://www.stlawu.edu/,https://www.stlawu.edu/admissions/financial-aid-scholarships/financial-aid/net-price-calculator,1918,0.5434,82000.0,65900.0,65900.0,28651.0,13420.0,14008.0,19401.0,24263.0,37450.0,0.7937,0.6828,27000.0,36119.0,66273.0,61947.0,55037.0,67258.0,114604.0,0.5868730585319885,0.46580114655683924
200192,Lake Region State College,Devils Lake,ND,Public,Associate,www.lrsc.edu/,www.lrsc.edu/net-price-calculator,611,,18731.0,5520.0,5520.0,13577.0,9238.0,12396.0,12807.0,15312.0,16525.0,0.5109,0.5,10293.0,50317.0,60667.0,53723.0,40388.0,49502.0,54308.0,0.9115047506812992,0.4656877771230758
196121,SUNY Brockport,Brockport,NY,Public,Bachelor,https://www.brockport.edu/,https://www.brockport.edu/admissions_aid/financial_aid/calculator.html,5784,0.7068,26046.0,8752.0,15822.0,16353.0,10911.0,12699.0,16609.0,17818.0,20625.0,0.5588,0.4117,20000.0,41653.0,57799.0,54638.0,47164.0,54496.0,65412.0,0.8331193053262398,0.4655470678163028
199281,University of North Carolina at Pembroke,Pembroke,NC,Public,Bachelor,https://www.uncp.edu/,https://uncp.clearcostcalculator.com/student/default/netpricecalculator/survey,5330,0.9326,17261.0,3648.0,7648.0,10260.0,7919.0,8892.0,10932.0,14564.0,15999.0,0.4399,0.2657,25000.0,35639.0,49668.0,46705.0,37126.0,43407.0,41040.0,1.0576754385964913,0.4652714254385965
173735,Minnesota North College,Hibbing,MN,Public,Associate,https://minnesotanorth.edu/,https://minnesotanorth.edu/student-services/businessoffice/tuition-and-fees/,2013,,16346.0,6022.0,6022.0,10432.0,6879.0,7579.0,9765.0,13086.0,16065.0,0.4259,0.3773,12000.0,39622.0,54100.0,47781.0,38107.0,45570.0,41728.0,1.0920724693251533,0.4651136646855828
165015,Brandeis University,Waltham,MA,Private nonprofit,Bachelor,https://www.brandeis.edu/,https://www.brandeis.edu/student-financial-services/affordability.html,3618,0.405,86448.0,68080.0,68080.0,35736.0,13363.0,15135.0,20536.0,26784.0,54885.0,0.8607,0.7709,25648.0,44493.0,76742.0,76579.0,52967.0,77231.0,142944.0,0.5402885045892097,0.4650263158999328
155061,Fort Hays State University,Hays,KS,Public,Bachelor,www.fhsu.edu/,https://www.fhsu.edu/admissions/tuition/calculateexpenses,9733,0.9026,19909.0,5923.0,17741.0,12569.0,7661.0,9776.0,11941.0,14266.0,16641.0,0.4778,0.299,21000.0,46394.0,56419.0,53065.0,44428.0,48928.0,50276.0,0.9731880022277031,0.4649892274643965
201645,Case Western Reserve University,Cleveland,OH,Private nonprofit,Bachelor,www.case.edu/,case.edu/financialaid/resources/net-price-calculator/,6437,0.3654,85851.0,66608.0,66608.0,41190.0,19025.0,18506.0,20849.0,26159.0,53061.0,0.8706,0.7282,24000.0,67614.0,94237.0,83598.0,75613.0,87989.0,164760.0,0.5340434571497936,0.46493823379461036
228705,Texas A&M University-Kingsville,Kingsville,TX,Public,Bachelor,https://www.tamuk.edu/,https://apps.highered.texas.gov/net-price-calculator/,4748,0.9092,24060.0,9892.0,25746.0,12090.0,10207.0,10960.0,12700.0,15325.0,19553.0,0.4362,0.2519,22934.0,40866.0,56982.0,54726.0,44882.0,51450.0,48360.0,1.063895781637717,0.46407133995037214
147341,Monmouth College,Monmouth,IL,Private nonprofit,Bachelor,https://www.monmouthcollege.edu/,https://www.monmouthcollege.edu/offices/student-financial-planning/cost-calculator/,702,0.9093,57157.0,44922.0,44922.0,17133.0,12483.0,12400.0,14782.0,18057.0,21678.0,0.6221,0.5514,27000.0,33299.0,51368.0,49373.0,43158.0,51110.0,68532.0,0.7457829918870017,0.46395159925290375
167729,Salem State University,Salem,MA,Public,Bachelor,www.salemstate.edu/,https://www.salemstate.edu/campus-life/student-navigation-center/financial-aid/net-price-calculator,4291,0.9588,28291.0,12338.0,19531.0,15996.0,10516.0,13870.0,13821.0,17590.0,23223.0,0.5236,0.3601,25000.0,46092.0,62605.0,60219.0,48209.0,56662.0,63984.0,0.8855651412853214,0.4636819079769942
207449,Oklahoma City Community College,Oklahoma City,OK,Public,Associate,www.occc.edu/,www.occc.edu/financialaid/net-price-calculator.html,9758,,11439.0,4059.0,9810.0,4739.0,3899.0,4276.0,5480.0,9351.0,10633.0,0.2431,0.1323,10388.0,44389.0,51737.0,50014.0,33947.0,38146.0,18956.0,1.9073,0.46366463
113698,Dominican University of California,San Rafael,CA,Private nonprofit,Bachelor,https://www.dominican.edu/,https://www.shoppingsheet.com/Shopping/Landing/dominican,1114,0.835,71751.0,52161.0,52161.0,35333.0,24572.0,29275.0,30313.0,35343.0,43317.0,0.7725,0.6481,27000.0,66880.0,95437.0,92526.0,71477.0,84713.0,141332.0,0.5993900885857414,0.4630288434324852
221740,The University of Tennessee-Chattanooga,Chattanooga,TN,Public,Bachelor,utc.edu/,utc.studentaidcalculator.com/survey.aspx,10074,0.8109,25489.0,10448.0,18512.0,14265.0,9876.0,10919.0,13594.0,17374.0,19137.0,0.5163,0.3492,19500.0,40626.0,57377.0,53104.0,42209.0,51151.0,57060.0,0.8964423413950228,0.4628331808622502
197045,Utica University,Utica,NY,Private nonprofit,Bachelor,https://www.utica.edu/,https://www.utica.edu/tuition-and-financial-aid/net-price-calculator,2278,0.9195,37205.0,26930.0,26930.0,19108.0,13290.0,14518.0,16439.0,20217.0,26685.0,0.5587,0.4564,22500.0,63514.0,77491.0,71267.0,57422.0,63277.0,76432.0,0.8278862256646431,0.46254003427883605
143118,Aurora University,Aurora,IL,Private nonprofit,Bachelor,https://aurora.edu/,https://aurora.edu/admission/financialaid/calculator,3974,0.8085,40625.0,29170.0,29170.0,18838.0,14525.0,14089.0,15431.0,19300.0,24595.0,0.5929,0.4954,20318.0,48840.0,64521.0,61808.0,51237.0,58709.0,75352.0,0.77912995010086,0.46194614741479983
162557,Frederick Community College,Frederick,MD,Public,Associate,https://www.frederick.edu/,https://apps.frederick.edu/pages/NetPriceCalculator/npcalc.htm,4203,,14798.0,3849.0,10042.0,9465.0,6640.0,7893.0,9519.0,12341.0,13919.0,0.3765,0.2201,8150.0,42473.0,54058.0,52565.0,38093.0,46449.0,37860.0,1.2268621236133121,0.461913589540412
199485,Rockingham Community College,Wentworth,NC,Public,Associate,https://www.rockinghamcc.edu/,https://www.rockinghamcc.edu/NetCal/npcalc.html,1065,,10933.0,1966.0,6574.0,2060.0,1161.0,1586.0,3023.0,6782.0,1774.0,0.2844,0.1659,,38815.0,44278.0,40462.0,31431.0,32480.0,8240.0,1.624,0.4618656
238014,West Virginia Northern Community College,Wheeling,WV,Public,Associate,www.wvncc.edu/,https://wvncc.studentaidcalculator.com/survey.aspx,1014,,13512.0,4706.0,12698.0,5329.0,3911.0,3946.0,6627.0,9201.0,12332.0,0.3264,0.0805,10245.0,34276.0,39901.0,37826.0,31298.0,30162.0,21316.0,1.414993432163633,0.46185385625820985
167996,Stonehill College,Easton,MA,Private nonprofit,Bachelor,https://www.stonehill.edu/,https://www.stonehill.edu/offices-and-services/financial-aid/undergraduate-students/cost-of-attendance/net-price-calculator/,2528,0.6628,72714.0,57490.0,57490.0,33016.0,23605.0,25053.0,26357.0,31059.0,37147.0,0.7844,0.7046,25000.0,45932.0,73137.0,69740.0,63285.0,77745.0,132064.0,0.5886918463775139,0.4617698842985219
191719,Hudson Valley Community College,Troy,NY,Public,Associate,www.hvcc.edu/,https://www.hvcc.edu/npc/index.html,6499,,15757.0,6796.0,11852.0,8501.0,5048.0,6490.0,10442.0,12829.0,15230.0,0.3454,0.2357,10625.0,42310.0,54719.0,53403.0,39595.0,45460.0,34004.0,1.336901540995177,0.46176579225973413
262031,St Charles Community College,Cottleville,MO,Public,Associate,www.stchas.edu/,www.stchas.edu/admissions/financial-aid/net-price-calculator,5017,,13629.0,3048.0,6096.0,5837.0,3436.0,4407.0,7698.0,8856.0,9348.0,0.2541,0.1272,6187.0,31653.0,48369.0,48743.0,37087.0,42422.0,23348.0,1.8169436354291588,0.46168537776254925
165033,Bristol Community College,Fall River,MA,Public,Associate,www.bristolcc.edu/,www.bristolcc.edu/getstartedatbristol/financialaid/npc/,6083,,12168.0,5832.0,10776.0,5547.0,4550.0,4278.0,4749.0,7329.0,11257.0,0.2649,0.1096,8243.0,36168.0,48840.0,43979.0,35555.0,38663.0,22188.0,1.7425184784568235,0.4615931449432126
215293,University of Pittsburgh-Pittsburgh Campus,Pittsburgh,PA,Public,Bachelor,www.pitt.edu/,pitt.studentaidcalculator.com/survey.aspx,20370,0.5808,38105.0,21926.0,41430.0,30434.0,14709.0,18371.0,23192.0,31567.0,36008.0,0.8493,0.717,24250.0,49721.0,73701.0,69754.0,54240.0,66125.0,121736.0,0.543183610435697,0.4613258403430375
100663,University of Alabama at Birmingham,Birmingham,AL,Public,Bachelor,https://www.uab.edu/,https://tcc.ruffalonl.com/University of Alabama at Birmingham/Freshman-Students,11635,0.8818,28145.0,9098.0,22562.0,18749.0,16172.0,15500.0,19161.0,21805.0,22597.0,0.6342,0.4355,22300.0,48854.0,64969.0,60738.0,46572.0,54501.0,74996.0,0.7267187583337777,0.46088503653528184
219000,Augustana University,Sioux Falls,SD,Private nonprofit,Bachelor,www.augie.edu/,www.augie.edu/npc,1965,0.6775,55159.0,40160.0,40160.0,23894.0,18746.0,18895.0,17937.0,24787.0,27327.0,0.7433,0.5626,25000.0,51241.0,65005.0,55473.0,49826.0,59217.0,95576.0,0.6195802293462794,0.46053398447308946
216764,West Chester University of Pennsylvania,West Chester,PA,Public,Bachelor,https://www.wcupa.edu/,www.passhe.edu/answers/Calculator/WE/npcalc-216764.htm,14164,0.784,28394.0,10775.0,22599.0,23331.0,17018.0,17414.0,20417.0,24715.0,27160.0,0.7016,0.5274,23500.0,50561.0,64804.0,61373.0,51013.0,61258.0,93324.0,0.6564013544211564,0.4605311902618834
215929,University of Scranton,Scranton,PA,Private nonprofit,Bachelor,www.scranton.edu/,https://scranton.aidcalc.cloud/,3554,0.8123,69552.0,53983.0,53983.0,32568.0,23896.0,23407.0,23912.0,29482.0,39348.0,0.8028,0.767,27000.0,54132.0,79409.0,75323.0,62921.0,74652.0,130272.0,0.5730471628592484,0.46004226234340456
159717,McNeese State University,Lake Charles,LA,Public,Bachelor,www.mcneese.edu/,https://www.mcneese.edu/ire/net_price_calculator,5005,0.7827,22810.0,8489.0,9989.0,12493.0,10482.0,11067.0,11640.0,16190.0,18250.0,0.4947,0.2539,23000.0,43129.0,53563.0,51379.0,38713.0,46453.0,49972.0,0.9295805651164653,0.45986350556311534
173452,Martin Luther College,New Ulm,MN,Private nonprofit,Bachelor,www.mlc-wels.edu/,https://www.mlc-wels.edu/static/netpricecalc/npcalc.htm,725,0.8717,29250.0,18120.0,18120.0,18463.0,11233.0,11749.0,12811.0,18241.0,22952.0,0.7147,0.5026,20177.0,40540.0,49182.0,46129.0,40760.0,47491.0,73852.0,0.6430563830363429,0.4595923969560743
240453,University of Wisconsin-Milwaukee,Milwaukee,WI,Public,Bachelor,uwm.edu/,uwm.edu/onestop/finances/net-price-calculator/,16758,0.9068,22756.0,10398.0,22398.0,15014.0,10329.0,10709.0,12344.0,19315.0,21477.0,0.5017,0.3066,23000.0,45856.0,62480.0,58910.0,45851.0,54990.0,60056.0,0.9156453976288798,0.459379295990409
196149,State University of New York at Cortland,Cortland,NY,Public,Bachelor,www2.cortland.edu/,www2.cortland.edu/cost-aid/financial-aid/net-price-calculator.dot,5901,0.5979,28108.0,8874.0,18784.0,22345.0,12550.0,16453.0,20102.0,21636.0,25853.0,0.6814,0.5607,21500.0,34559.0,58555.0,60759.0,46535.0,60236.0,89380.0,0.6739315283061087,0.45921694338778246
451404,Talmudical Seminary of Bobov,Brooklyn,NY,Private nonprofit,Bachelor,www.independentrabbinicalcolleges.org/,https://sites.google.com/site/talmudicalseminaryofbobov/,602,0.9787,19000.0,13200.0,13200.0,2840.0,1852.0,1965.0,6547.0,1900.0,9344.0,0.4088,0.0,,17091.0,20372.0,18302.0,24642.0,22432.0,11360.0,1.1216,0.45851008
190585,CUNY Hostos Community College,Bronx,NY,Public,Associate,www.hostos.cuny.edu/,https://npc.cuny.edu/npc/public/fin_aid/financial_aid_estimator/FinAidEstimator.jsp,4900,,13069.0,5254.0,8134.0,5297.0,4541.0,5401.0,7615.0,9074.0,12248.0,0.2399,0.0505,8442.0,30041.0,45126.0,42687.0,34095.0,40485.0,21188.0,1.9107513686992637,0.4583892533509534
176169,Northeast Mississippi Community College,Booneville,MS,Public,Associate,https://www.nemcc.edu/,www.nemcc.edu/about/student-consumer-info/netprice/index.html,2698,,15873.0,4470.0,7710.0,8343.0,6771.0,6265.0,8913.0,11490.0,11542.0,0.4486,0.2165,9722.0,38017.0,43163.0,37868.0,31687.0,34081.0,33372.0,1.0212453553877503,0.4581306664269448
216366,Thomas Jefferson University,Philadelphia,PA,Private nonprofit,Bachelor,www.jefferson.edu/,jefferson.wbnpc.com/,3755,0.8097,64197.0,47505.0,47505.0,28928.0,22537.0,24407.0,24680.0,29734.0,34889.0,0.684,0.5804,14744.0,68709.0,87195.0,73911.0,64335.0,77449.0,115712.0,0.6693255669247787,0.4578186877765487
107141,John Brown University,Siloam Springs,AR,Private nonprofit,Bachelor,https://www.jbu.edu/,https://admissions.jbu.edu/register/net-price-calculator,1471,0.7614,44710.0,31756.0,31756.0,20397.0,17484.0,17210.0,16655.0,21433.0,24627.0,0.6926,0.6677,21250.0,41767.0,55210.0,54645.0,46114.0,53907.0,81588.0,0.6607221650242683,0.4576161714958082
229018,The University of Texas Permian Basin,Odessa,TX,Public,Bachelor,https://www.utpb.edu/,https://www.utpb.edu/admissions-aid/cost-calculators,3911,0.9489,23886.0,9236.0,21504.0,12723.0,11930.0,10491.0,12823.0,13294.0,17810.0,0.415,0.2479,17750.0,53042.0,63864.0,57411.0,50020.0,56073.0,50892.0,1.101803819853808,0.4572485852393303
241225,Universidad Central de Bayamon,Bayamón,PR,Private nonprofit,Bachelor,ucb.edu.pr/,website-b80f807f.eir.sco.mybluehost.me/wp-content/uploads/2023/12/index1.html,539,0.6594,12976.0,5986.0,5986.0,4827.0,3827.0,4662.0,8323.0,7729.0,,0.3654,0.1338,9393.0,20435.0,31246.0,26231.0,19745.0,25021.0,19308.0,1.25105,0.45713367
195243,St. Thomas Aquinas College,Sparkill,NY,Private nonprofit,Bachelor,www.stac.edu/,https://stac.edu/admissions-aid/financial-aid/net-price-calculator/,972,0.9305,53370.0,39450.0,39450.0,19994.0,11746.0,13700.0,24110.0,23907.0,27333.0,0.5811,0.4301,23198.0,30940.0,60309.0,62545.0,44908.0,62909.0,79976.0,0.7865984795438632,0.4570923764629389
228431,Stephen F Austin State University,Nacogdoches,TX,Public,Bachelor,https://www.sfasu.edu/,https://apps.highered.texas.gov/apps/NPC/?Fice=003624,8728,0.9399,25791.0,11128.0,23426.0,14260.0,10318.0,11023.0,13100.0,17609.0,22959.0,0.5252,0.3894,23409.0,42236.0,55013.0,53535.0,43144.0,49634.0,57040.0,0.8701612903225806,0.45700870967741936
157289,University of Louisville,Louisville,KY,Public,Bachelor,www.louisville.edu/,https://louisville.edu/financialaid/net-price-calculator-1,14727,0.7941,32941.0,13136.0,29482.0,17988.0,15138.0,14601.0,16419.0,20995.0,25186.0,0.6096,0.4371,20500.0,48648.0,67853.0,58801.0,46571.0,53899.0,71952.0,0.7490966199688681,0.456649299533022
239017,Lawrence University,Appleton,WI,Private nonprofit,Bachelor,https://www.lawrence.edu/,https://www.collegenpc.com/LawrenceUniversity,1396,0.6394,69849.0,56982.0,56982.0,23401.0,10419.0,13332.0,15020.0,20256.0,32758.0,0.766,0.5682,26000.0,26884.0,51503.0,47380.0,40653.0,55789.0,93604.0,0.5960108542369984,0.45654431434554077
187958,University of New Mexico-Gallup Campus,Gallup,NM,Public,Associate,www.gallup.unm.edu/,https://npc.collegeboard.org/student/app/unm,808,,11620.0,2906.0,5682.0,4868.0,4197.0,5151.0,6935.0,9383.0,,0.2038,0.1154,18450.0,42863.0,59818.0,53654.0,37150.0,44792.0,19472.0,2.2396,0.45643047999999997
199467,Roanoke-Chowan Community College,Ahoskie,NC,Public,Associate,www.roanokechowan.edu/,https://www.collegeraptor.com/Shopping/School/Roanoke-Chowan-Community-College-NC--199467,309,,9415.0,2642.0,8786.0,5570.0,5690.0,4479.0,6792.0,,,0.3462,0.1053,,29733.0,,36050.0,26139.0,29324.0,22280.0,1.316157989228007,0.45565389587073607
449524,Taylor College,Ocala,FL,Private for-profit,Associate,taylorcollege.edu/,https://taylorcollege.edu/net-price-calculator/,308,,27241.0,14580.0,14580.0,20300.0,18873.0,19821.0,23348.0,,,0.6129,0.2727,26250.0,55051.0,67357.0,66385.0,56897.0,60311.0,81200.0,0.7427463054187192,0.455229210591133
160658,University of Louisiana at Lafayette,Lafayette,LA,Public,Bachelor,www.louisiana.edu/,louisiana.edu/admissions-aid/costs-financial-aid,12428,0.8701,24884.0,10418.0,24146.0,13530.0,11157.0,11283.0,13692.0,17079.0,18562.0,0.523,0.2685,22902.0,43179.0,58638.0,54844.0,42668.0,47089.0,54120.0,0.8700849963045085,0.455054453067258
218964,Winthrop University,Rock Hill,SC,Public,Bachelor,www.winthrop.edu/,www.winthrop.edu/finaid/net-price-calculator.aspx,3523,0.7925,30710.0,14678.0,28676.0,15343.0,12608.0,12983.0,13966.0,18518.0,21359.0,0.5916,0.4565,26975.0,36844.0,48693.0,46666.0,39048.0,47185.0,61372.0,0.7688359512481262,0.4548433487583915
159993,University of Louisiana at Monroe,Monroe,LA,Public,Bachelor,www.ulm.edu/,https://webservices.ulm.edu/price_calculator/npcalc.htm,5022,0.8475,24932.0,9190.0,21290.0,13466.0,11490.0,11553.0,12647.0,17003.0,18642.0,0.5236,0.3253,21500.0,43406.0,53715.0,50508.0,40430.0,46769.0,53864.0,0.8682793702658548,0.4546310782712015
123165,Scripps College,Claremont,CA,Private nonprofit,Bachelor,www.scrippscollege.edu/,https://npc.collegeboard.org/student/app/scrippscollege,1113,0.3829,87564.0,65950.0,65950.0,36294.0,6948.0,4522.0,15831.0,36472.0,54572.0,0.8512,0.6071,13500.0,37612.0,75301.0,68594.0,68027.0,77539.0,145176.0,0.5341034330743374,0.454628842232876
207847,Southeastern Oklahoma State University,Durant,OK,Public,Bachelor,www.se.edu/,https://www.se.edu/admission/net-price-calculator/,3018,0.7643,18594.0,7530.0,16740.0,8039.0,5193.0,6333.0,8247.0,13275.0,13570.0,0.3238,0.2357,17000.0,46686.0,56329.0,51576.0,40734.0,45079.0,32156.0,1.4018845627565617,0.45393022142057465
141565,University of Hawaii at Hilo,Hilo,HI,Public,Bachelor,https://hilo.hawaii.edu/,https://hilo.hawaii.edu/financialaid/netprice/,2160,0.6063,21173.0,7838.0,20798.0,11856.0,8983.0,9243.0,11535.0,14734.0,17403.0,0.4497,0.3008,20500.0,35755.0,49763.0,48548.0,37204.0,47856.0,47424.0,1.0091093117408907,0.4537964574898785
184782,Rowan University,Glassboro,NJ,Public,Bachelor,https://www.rowan.edu/,https://rowan.studentaidcalculator.com/survey.aspx,15841,0.7766,35842.0,16574.0,26932.0,22408.0,15305.0,15264.0,19245.0,27580.0,30378.0,0.678,0.5009,20500.0,42275.0,62686.0,61303.0,50705.0,59988.0,89632.0,0.669269903605855,0.45376499464476977
224323,University of Dallas,Irving,TX,Private nonprofit,Bachelor,https://udallas.edu/,https://udallas.edu/admissions/calculator/,1403,0.5344,68583.0,53930.0,53930.0,22610.0,12711.0,15431.0,17075.0,20384.0,32608.0,0.704,0.6693,23117.0,42141.0,61870.0,60044.0,45950.0,58285.0,90440.0,0.6444604157452455,0.4537001326846528
216852,Widener University,Chester,PA,Private nonprofit,Bachelor,https://www.widener.edu/,https://tcc.ruffalonl.com/Widener University/Net Price Calculator,2951,0.7093,70621.0,55730.0,55730.0,25759.0,21200.0,22275.0,22514.0,25900.0,32296.0,0.6591,0.6076,27000.0,65589.0,80946.0,79120.0,63375.0,70920.0,103036.0,0.6883031173570403,0.4536605846500253
227881,Sam Houston State University,Huntsville,TX,Public,Bachelor,www.shsu.edu/,www.shsu.edu/dept/cashiers/cost/,17743,0.9026,25505.0,9228.0,19068.0,16404.0,12474.0,13389.0,15540.0,21366.0,24101.0,0.5491,0.3605,21983.0,41979.0,57044.0,55590.0,45337.0,54211.0,65616.0,0.8261856864179469,0.4536585604120947
109208,American River College,Sacramento,CA,Public,Associate,https://www.arc.losrios.edu/,https://www.arc.losrios.edu/admissions/cost-of-attendance/net-price-calculator,25621,,16384.0,1288.0,12616.0,7999.0,7599.0,6219.0,9538.0,11652.0,13845.0,0.3614,0.0709,9625.0,56258.0,74069.0,56189.0,34072.0,40162.0,31996.0,1.2552194024253032,0.4536362920365046
218070,Furman University,Greenville,SC,Private nonprofit,Bachelor,www.furman.edu/,https://www.collegenpc.com/FurmanUniversity,2379,0.4295,76798.0,59770.0,59770.0,30308.0,16401.0,17290.0,21041.0,27736.0,39310.0,0.8011,0.73,23250.0,35856.0,64492.0,62799.0,50796.0,68635.0,121232.0,0.5661459020720602,0.4535394821499274
184481,Essex County College,Newark,NJ,Public,Associate,www.essex.edu/,https://www.essex.edu/wp-content/uploads/2022/04/Net-Price-Calculator.html,5855,,12506.0,5415.0,9523.0,4436.0,3792.0,4562.0,6135.0,7345.0,9647.0,0.2434,0.0863,,30419.0,48042.0,44636.0,30298.0,37230.0,17744.0,1.8615,0.45308909999999997
219824,Chattanooga State Community College,Chattanooga,TN,Public,Associate,https://www.chattanoogastate.edu/,https://www.chattanoogastate.edu/financial/financial-aid/net-price-calculator,5284,,13348.0,4772.0,17756.0,5283.0,4369.0,4920.0,6708.0,8002.0,7201.0,0.2546,0.1483,10419.0,38260.0,48364.0,45322.0,33711.0,37598.0,21132.0,1.7791974257050918,0.45298366458451633
233277,Radford University,Radford,VA,Public,Bachelor,https://www.radford.edu/,https://www.radford.edu/net-price-calculator,6038,0.8953,28405.0,12548.0,25633.0,14578.0,8965.0,8724.0,12069.0,17092.0,23533.0,0.4915,0.3377,24000.0,42002.0,57832.0,55291.0,44830.0,53739.0,58312.0,0.9215770338866786,0.4529551121553025
181215,University of Nebraska at Kearney,Kearney,NE,Public,Bachelor,www.unk.edu/,www.unk.edu/NetPriceCalculator/npcalc.htm,4088,0.8949,25808.0,8676.0,15284.0,16242.0,13066.0,13350.0,14547.0,16703.0,20664.0,0.5872,0.3574,19500.0,43093.0,56647.0,54319.0,43241.0,50105.0,64968.0,0.771225834256865,0.45286380987563113
216524,Ursinus College,Collegeville,PA,Private nonprofit,Bachelor,www.ursinus.edu/,ursinus.wbnpc.com/,1491,0.9177,76815.0,61210.0,61210.0,30536.0,20622.0,24154.0,28815.0,31326.0,33625.0,0.75,0.6323,27000.0,36962.0,65033.0,61871.0,54542.0,73721.0,122144.0,0.6035580953628504,0.4526685715221378
174783,Saint Cloud State University,Saint Cloud,MN,Public,Bachelor,https://www.stcloudstate.edu/,https://www.stcloudstate.edu/scsu4u/financing/netpricecalculator.aspx,5088,0.948,21116.0,10245.0,10245.0,13529.0,8909.0,9871.0,12034.0,14781.0,18989.0,0.4389,0.247,21058.0,46696.0,59194.0,58575.0,47215.0,55813.0,54116.0,1.0313585630867026,0.4526632733387538
179539,State Fair Community College,Sedalia,MO,Public,Associate,https://www.sfccmo.edu/,https://www.sfccmo.edu/files/financial-aid/net-price-calculator/index.html,2694,,14719.0,4176.0,7416.0,7985.0,7288.0,7309.0,8272.0,9589.0,10858.0,0.406,0.3299,10500.0,29981.0,40789.0,41663.0,32659.0,35562.0,31940.0,1.1134001252348154,0.45204045084533506
123554,Saint Mary's College of California,Moraga,CA,Private nonprofit,Bachelor,https://www.stmarys-ca.edu/,https://www.stmarys-ca.edu/financial-aid/net-price-calculator,1947,0.8653,77659.0,57803.0,57803.0,30378.0,19462.0,20127.0,23303.0,29049.0,40581.0,0.6964,0.6244,23691.0,46323.0,74325.0,74189.0,60388.0,78812.0,121512.0,0.6485943775100401,0.45168112449799197
167783,Simmons University,Boston,MA,Private nonprofit,Bachelor,www.simmons.edu/,https://www.simmons.edu/undergraduate/admission-and-financial-aid/tuition-financial-aid,1670,0.6998,63460.0,46874.0,46874.0,25265.0,18027.0,15810.0,22139.0,24714.0,32777.0,0.7179,0.6497,24840.0,56491.0,73823.0,72384.0,61420.0,63494.0,101060.0,0.6282802295665941,0.4510423768058579
119173,Mount Saint Mary's University,Los Angeles,CA,Private nonprofit,Bachelor,https://www.msmu.edu/,https://www.msmu.edu/admission--aid/financial-aid/undergraduate-students/net-price-calculator/,1719,0.7313,66726.0,49564.0,49564.0,21413.0,23849.0,13718.0,17876.0,30247.0,18762.0,0.5334,0.3295,25949.0,62833.0,79546.0,74255.0,61335.0,72379.0,85652.0,0.8450357259608648,0.4507420562275253
219480,Western Dakota Technical College,Rapid City,SD,Public,Associate,https://www.wdt.edu/,www.wdt.edu/NetPriceCalculator/npcalc.htm,753,,18845.0,8294.0,8294.0,12670.0,10071.0,10543.0,14003.0,18657.0,18845.0,0.5673,0.529,15000.0,37127.0,49930.0,43662.0,36971.0,40240.0,50680.0,0.7940015785319653,0.45043709550118394
183062,Keene State College,Keene,NH,Public,Bachelor,www.keene.edu/,https://www.keene.edu/npc/,2699,0.9033,29993.0,14784.0,26840.0,17887.0,12192.0,12536.0,16045.0,18004.0,22928.0,0.5926,0.5085,25749.0,39208.0,58191.0,55325.0,46649.0,54368.0,71548.0,0.7598814781685023,0.4503057639626545
154697,Barton County Community College,Great Bend,KS,Public,Associate,https://www.bartonccc.edu/,https://bartonccc.edu/financialaid/studentconsumerinfo/netpricecalc,2455,,15356.0,3680.0,4960.0,9905.0,10020.0,8027.0,10270.0,11117.0,11147.0,0.4412,0.298,9501.0,33868.0,48242.0,48573.0,36095.0,40428.0,39620.0,1.0203937405350834,0.45019771832407873
204866,Ohio University-Zanesville Campus,Zanesville,OH,Public,Bachelor,https://www.ohio.edu/zanesville/,https://npc.collegeboard.org/app/ohio,560,,11041.0,6362.0,9444.0,5746.0,3280.0,3163.0,5459.0,7853.0,8773.0,0.1967,0.1703,21056.0,53614.0,70528.0,65965.0,48991.0,52581.0,22984.0,2.287721893491124,0.44999489644970414
363907,Caribbean University-Ponce,Ponce,PR,Private nonprofit,Bachelor,www.caribbean.edu/,www.caribbean.edu/netprice/index.html,414,,10000.0,8844.0,8844.0,4964.0,,4964.0,,,,0.394,0.2381,10500.0,15325.0,26954.0,24089.0,18349.0,22842.0,19856.0,1.1421,0.4499874
203960,Mercy College of Ohio,Toledo,OH,Private nonprofit,Bachelor,www.mercycollege.edu/,https://mercycollege.studentaidcalculator.com/survey.aspx,939,0.9322,30260.0,19470.0,19470.0,17989.0,19867.0,13037.0,11567.0,21291.0,19735.0,0.4949,0.16,20834.0,66002.0,71303.0,66401.0,61877.0,65409.0,71956.0,0.9090138417922063,0.4498709503029629
212197,Elizabethtown College,Elizabethtown,PA,Private nonprofit,Bachelor,www.etown.edu/,https://npc.collegeboard.org/app/etown/start,1868,0.7787,50865.0,37950.0,37950.0,26598.0,17776.0,17113.0,20967.0,25064.0,31198.0,0.7663,0.6917,27000.0,47777.0,66236.0,63515.0,54833.0,62399.0,106392.0,0.5865008647266712,0.4494356126400481
215798,Saint Vincent College,Latrobe,PA,Private nonprofit,Bachelor,https://www.stvincent.edu/,https://www.shoppingsheet.com/Shopping/Landing/stvincent,1259,0.6173,56752.0,42396.0,42396.0,23510.0,17249.0,18117.0,19637.0,23382.0,26448.0,0.7045,0.6211,27000.0,41712.0,56796.0,56756.0,47267.0,59982.0,94040.0,0.6378349638451722,0.44935473202892384
145691,Illinois College,Jacksonville,IL,Private nonprofit,Bachelor,www.ic.edu/,www.ic.edu/npc,930,0.7819,48955.0,38676.0,38676.0,18298.0,12487.0,10910.0,12569.0,16826.0,25788.0,0.6255,0.5666,25565.0,37109.0,50691.0,50547.0,40110.0,52575.0,73192.0,0.7183162094217947,0.4493067889933326
448594,Lemoore College,Lemoore,CA,Public,Associate,https://www.westhillscollege.com/lemoore/,https://www.westhillscollege.com/lemoore/admissions/cost-of-attendance/net-price-calculator.php,3373,,21457.0,1384.0,10954.0,10832.0,9598.0,9982.0,11382.0,17781.0,17100.0,0.4831,0.2114,9500.0,29240.0,43402.0,44859.0,36417.0,40292.0,43328.0,0.9299298375184638,0.44924910450516986
194091,New York Institute of Technology,Old Westbury,NY,Private nonprofit,Bachelor,www.nyit.edu/,www.nyit.edu/admissions/net_price_calculator,3440,0.8102,56976.0,46560.0,46560.0,22443.0,17084.0,18312.0,22592.0,27226.0,30396.0,0.5751,0.4076,23334.0,52731.0,81370.0,76175.0,52559.0,70080.0,89772.0,0.7806442988905227,0.44894853629193954
498562,Commonwealth University of Pennsylvania,Bloomsburg,PA,Public,Bachelor,https://www.commonwealthu.edu/,https://app.calconic.com/public/calculator/662535cd2c7e2e0025ae9344?layouts=true,9210,0.9309,25161.0,11046.0,22870.0,15699.0,11374.0,11370.0,13877.0,17989.0,20099.0,0.5373,0.4202,26000.0,43429.0,58676.0,55757.0,44053.0,52416.0,62796.0,0.8347028473151156,0.4484858398624116
217749,Bob Jones University,Greenville,SC,Private nonprofit,Bachelor,www.bju.edu/,https://www.bju.edu/admission/tuition-aid/net-price-calculator.php,2005,,36580.0,24470.0,24470.0,16641.0,14287.0,13936.0,15414.0,17997.0,23972.0,0.6718,0.575,16585.0,34704.0,46177.0,43001.0,40892.0,44354.0,66564.0,0.6663361576828316,0.44764463073132627
240666,Northern Wyoming Community College District,Sheridan,WY,Public,Associate,https://www.sheridan.edu/,https://www.sheridan.edu/app/uploads/nwccdnpc.html,1610,,17001.0,4830.0,11130.0,9346.0,8069.0,8047.0,9232.0,11919.0,14209.0,0.4131,0.2927,8622.0,42193.0,51958.0,52337.0,36014.0,40477.0,37384.0,1.0827359298095443,0.44727821260432277
122889,Santa Barbara City College,Santa Barbara,CA,Public,Associate,www.sbcc.edu/,https://misweb.cccco.edu/npc/651/npcalc.htm,9889,,20394.0,1240.0,10432.0,11315.0,9333.0,10868.0,11536.0,15381.0,19544.0,0.4243,0.1706,11000.0,55357.0,63514.0,54220.0,35744.0,47647.0,45260.0,1.0527397260273972,0.44667746575342465
117195,Lake Tahoe Community College,South Lake Tahoe,CA,Public,Associate,www.ltcc.edu/,https://misweb.cccco.edu/npc/221/npcalc.htm,3660,,17666.0,1131.0,11103.0,8516.0,8025.0,8109.0,9140.0,12861.0,,0.415,0.125,,,45548.0,37604.0,30695.0,36657.0,34064.0,1.076121418506341,0.4465903886801315
230995,Norwich University,Northfield,VT,Private nonprofit,Bachelor,www.norwich.edu/,www.norwich.edu/financial-aid/net-price-calculator,2428,0.7444,67357.0,49740.0,49740.0,22257.0,15610.0,16164.0,17332.0,22046.0,27854.0,0.6062,0.5251,25000.0,48642.0,75909.0,73483.0,59743.0,65575.0,89028.0,0.7365660241721705,0.44650632385316974
173124,Bemidji State University,Bemidji,MN,Public,Bachelor,https://www.bemidjistate.edu/,https://www.bemidjistate.edu/mybsu/finances/net-price-calculator/,3139,0.5598,22744.0,10237.0,10237.0,15261.0,10073.0,10207.0,12201.0,15857.0,19940.0,0.5065,0.3292,19750.0,48587.0,60307.0,55807.0,47469.0,53755.0,61044.0,0.8805943254046261,0.4460210258174431
240417,University of Wisconsin-Stout,Menomonie,WI,Public,Bachelor,www.uwstout.edu/,www2.uwstout.edu/StoutForms/FinancialAid/NetPriceCalc.aspx,5842,0.8767,22797.0,10701.0,19265.0,17490.0,10966.0,12229.0,13164.0,19528.0,22028.0,0.5365,0.275,23000.0,49326.0,64234.0,60587.0,50251.0,58084.0,69960.0,0.8302458547741567,0.44542690108633504
367459,NorthWest Arkansas Community College,Bentonville,AR,Public,Associate,www.nwacc.edu/,https://www.nwacc.edu/_documents/finaid/index.html,4953,,12157.0,3342.0,5238.0,7196.0,5722.0,5751.0,8300.0,10231.0,11719.0,0.2947,0.1257,9506.0,35353.0,48056.0,45144.0,35242.0,43505.0,28784.0,1.5114299610894941,0.44541840953307393
156745,Georgetown College,Georgetown,KY,Private nonprofit,Bachelor,www.georgetowncollege.edu/,https://georgetowncollege.studentaidcalculator.com/survey.aspx,1097,0.9106,56886.0,42840.0,42840.0,14095.0,9777.0,7834.0,9797.0,16577.0,20207.0,0.4815,0.4313,25200.0,39839.0,54370.0,46679.0,40393.0,52074.0,56380.0,0.9236253990776871,0.44472562965590634
216038,Slippery Rock University of Pennsylvania,Slippery Rock,PA,Public,Bachelor,https://www.sru.edu/,https://www.sru.edu/admissions/net-price-calculator,6788,0.7147,25537.0,10568.0,14676.0,19608.0,12555.0,13401.0,16990.0,21972.0,24121.0,0.6574,0.5139,25000.0,42776.0,57301.0,53417.0,45398.0,53032.0,78432.0,0.6761525907792738,0.4445027131782946
149505,Trinity Christian College,Palos Heights,IL,Private nonprofit,Bachelor,www.trnty.edu/,www.trnty.edu/finaid/mm-npcfs.html,820,0.8492,35012.0,20605.0,20605.0,19125.0,12891.0,13587.0,15592.0,18846.0,23986.0,0.6104,0.0065,25009.0,46878.0,57170.0,53698.0,48107.0,55700.0,76500.0,0.7281045751633987,0.4444350326797386
225502,University of Houston-Victoria,Victoria,TX,Public,Bachelor,uhv.edu/,uhv.edu/financial-aid/cost-of-attendance,2513,0.959,21401.0,7149.0,16989.0,8109.0,5317.0,5579.0,17553.0,20047.0,20285.0,0.2645,0.1405,18973.0,45506.0,57364.0,60223.0,44888.0,54467.0,32436.0,1.6792144530768283,0.4441522228388211
212577,Franklin and Marshall College,Lancaster,PA,Private nonprofit,Bachelor,https://www.fandm.edu/,https://npc.collegeboard.org/student/app/fandm,1799,0.2819,85776.0,70794.0,70794.0,36425.0,12321.0,16942.0,16245.0,25104.0,49996.0,0.8493,0.7639,19000.0,42901.0,74391.0,68877.0,62544.0,76124.0,145700.0,0.5224708304735758,0.44373447632120794
162122,College of Southern Maryland,La Plata,MD,Public,Associate,www.csmd.edu/,directory.csmd.edu/misc/netPriceCalc/,4512,,13681.0,4200.0,10050.0,9204.0,4798.0,5287.0,7895.0,10120.0,12180.0,0.367,0.1924,8500.0,39619.0,58851.0,54778.0,37269.0,44435.0,36816.0,1.2069480660582355,0.4429499402433724
215655,Robert Morris University,Moon Township,PA,Private nonprofit,Bachelor,www.rmu.edu/,https://www.rmu.edu/admissions/financial-aid/net-price-calculator,2896,0.8989,51621.0,35970.0,35970.0,23003.0,19548.0,16857.0,20199.0,23230.0,28842.0,0.6562,0.5245,26950.0,53259.0,70755.0,64498.0,54449.0,62105.0,92012.0,0.674966308742338,0.44291289179672216
152336,University of Saint Francis-Fort Wayne,Fort Wayne,IN,Private nonprofit,Bachelor,https://www.sf.edu/,https://www.sf.edu/netpricecalculator/,1567,0.9597,47223.0,36460.0,36460.0,18196.0,12720.0,12392.0,15525.0,21248.0,24373.0,0.5821,0.4204,25976.0,49834.0,62831.0,61181.0,47944.0,55362.0,72784.0,0.7606342053198505,0.44276517091668494
144865,College of DuPage,Glen Ellyn,IL,Public,Associate,www.cod.edu/,www.cod.edu/about/administration/consumer_legal_information/net_price_calculator/,16114,,15554.0,4560.0,12750.0,7401.0,4032.0,4390.0,8431.0,12717.0,15308.0,0.2793,0.1128,10410.0,39600.0,55984.0,52118.0,38925.0,46909.0,29604.0,1.5845493852182138,0.44256464329144707
200314,Dakota College at Bottineau,Bottineau,ND,Public,Associate,www.dakotacollege.edu/,www.dakotacollege.edu/netprice/,399,,16774.0,5388.0,6294.0,10039.0,7225.0,6229.0,8476.0,11796.0,16037.0,0.4378,0.4216,10507.0,48260.0,57933.0,41524.0,32758.0,40576.0,40156.0,1.01045920908457,0.4423790417372248
212601,Gannon University,Erie,PA,Private nonprofit,Bachelor,www.gannon.edu/,https://gannon.studentaidcalculator.com/,2365,0.7416,52869.0,40656.0,40656.0,22553.0,18489.0,15945.0,20352.0,23354.0,25445.0,0.6781,0.5315,27000.0,53228.0,65497.0,64348.0,55319.0,58845.0,90212.0,0.6522968119540637,0.44232246818605064
124292,Thomas Aquinas College,Santa Paula,CA,Private nonprofit,Bachelor,https://thomasaquinas.edu/,https://thomasaquinas.edu/admission/net-price-calculator-financial-aid-calculator,566,0.8309,43426.0,30200.0,30200.0,26196.0,19761.0,21236.0,20118.0,23185.0,29757.0,0.8333,0.8264,18000.0,33084.0,49755.0,49062.0,40605.0,55619.0,104784.0,0.5307966865170255,0.4423128788746374
216807,Westminster College,New Wilmington,PA,Private nonprofit,Bachelor,www.westminster.edu/,www.westminster.edu/admissions/financial-aid/101.cfm,1041,0.9256,53003.0,40290.0,40290.0,19859.0,15226.0,15101.0,17687.0,19595.0,23964.0,0.6519,0.5216,26060.0,37402.0,54065.0,53025.0,43938.0,53861.0,79436.0,0.6780427010423485,0.442016036809507
196158,SUNY at Fredonia,Fredonia,NY,Public,Bachelor,https://www.fredonia.edu/,https://www.fredonia.edu/admissions-aid/net-price-calculator,2755,0.777,25879.0,8831.0,19771.0,15897.0,9395.0,11327.0,16116.0,16302.0,20743.0,0.5181,0.3719,24250.0,31734.0,52192.0,49968.0,40580.0,54247.0,63588.0,0.853101214065547,0.4419917390073599
176965,University of Central Missouri,Warrensburg,MO,Public,Bachelor,https://www.ucmo.edu/,https://www.ucmo.edu/future-students/tuition-and-costs/cost-calculators/,5648,0.638,22947.0,10050.0,18600.0,14462.0,10965.0,12254.0,13408.0,16931.0,18485.0,0.5159,0.385,21000.0,41386.0,54054.0,52640.0,41593.0,49560.0,57848.0,0.856727976766699,0.44198596321394
107080,Hendrix College,Conway,AR,Private nonprofit,Bachelor,https://www.hendrix.edu/,https://app.meadowfi.com/hendrix,1100,0.5565,55013.0,38200.0,38200.0,24149.0,15951.0,18838.0,26414.0,26396.0,27453.0,0.7068,0.6348,26688.0,26349.0,50422.0,49579.0,39913.0,60376.0,96596.0,0.6250362333844052,0.4417756097560976
195526,Skidmore College,Saratoga Springs,NY,Private nonprofit,Bachelor,www.skidmore.edu/,https://skidmore.studentaidcalculator.com/survey.aspx,2694,0.2105,85270.0,67290.0,67290.0,32297.0,9932.0,11454.0,15855.0,22438.0,45136.0,0.8213,0.7459,19500.0,36073.0,61281.0,59651.0,46923.0,69363.0,129188.0,0.5369151933616125,0.4409684483078924
157818,Transylvania University,Lexington,KY,Private nonprofit,Bachelor,https://www.transy.edu/,https://tcc.ruffalonl.com/Transylvania University/Freshmen Students,1005,0.8655,60993.0,46870.0,46870.0,21913.0,14551.0,14555.0,19272.0,22155.0,29312.0,0.7064,0.557,27000.0,32785.0,50923.0,50583.0,40447.0,54705.0,87652.0,0.6241158216583763,0.44087541641947703
173902,Macalester College,Saint Paul,MN,Private nonprofit,Bachelor,www.macalester.edu/,www.macalester.edu/financialaid/estimate/,2131,0.2852,82991.0,68104.0,68104.0,32149.0,13772.0,11982.0,11098.0,20527.0,44880.0,0.8864,0.7371,23000.0,34157.0,58560.0,56285.0,46244.0,63878.0,128596.0,0.4967339575103425,0.44030497993716755
139861,Georgia College & State University,Milledgeville,GA,Public,Bachelor,www.gcsu.edu/,irout.gcsu.edu/cc/,5947,0.7823,30258.0,9186.0,29512.0,20686.0,15396.0,16772.0,19179.0,22294.0,23216.0,0.626,0.5327,22250.0,46362.0,62852.0,59457.0,50644.0,58140.0,82744.0,0.7026491346804602,0.43985835830996806
164270,McDaniel College,Westminster,MD,Private nonprofit,Bachelor,www.mcdaniel.edu/,https://mcdaniel.studentaidcalculator.com/survey.aspx,1617,0.7793,65294.0,52081.0,52081.0,21916.0,12210.0,17261.0,19796.0,21408.0,30694.0,0.6353,0.5628,25000.0,49886.0,65855.0,59050.0,47879.0,60663.0,87664.0,0.6919944332907465,0.43962406346961125
140447,Mercer University,Macon,GA,Private nonprofit,Bachelor,https://www.mercer.edu/,https://mercer.studentaidcalculator.com/survey.aspx,4500,0.6889,58204.0,42312.0,42312.0,23847.0,19817.0,21484.0,22533.0,25184.0,26770.0,0.7185,0.6117,24199.0,51273.0,71870.0,63074.0,50231.0,58354.0,95388.0,0.6117540990480983,0.43954532016605863
204662,Ohio State University Agricultural Technical Institute,Wooster,OH,Public,Associate,ati.osu.edu/,sfa.osu.edu/incoming-freshmen/about-aid/net-price-calculator,464,,24595.0,9584.0,36362.0,17809.0,14441.0,14136.0,15863.0,20345.0,22795.0,0.5178,0.2687,19976.0,49087.0,70682.0,66114.0,51438.0,60409.0,71236.0,0.8480122410017407,0.43910073839070135
202134,Cleveland State University,Cleveland,OH,Public,Bachelor,www.csuohio.edu/,www.csuohio.edu/financial-aid/net-price-calculator,8969,0.913,27159.0,12988.0,18510.0,14764.0,11958.0,13561.0,14727.0,15690.0,20378.0,0.4974,0.3361,21797.0,43332.0,61322.0,56881.0,44625.0,52131.0,59056.0,0.8827384177729612,0.43907408900027095
197197,Wagner College,Staten Island,NY,Private nonprofit,Bachelor,www.wagner.edu/,https://wagner.edu/financial-aid/forms/net-price-calculator/,1651,0.88,65574.0,53200.0,53200.0,28241.0,20993.0,21944.0,24930.0,28217.0,32604.0,0.6667,0.5913,25000.0,68466.0,85313.0,80303.0,63439.0,74360.0,112964.0,0.6582628093906023,0.43886381502071453
153737,Kirkwood Community College,Cedar Rapids,IA,Public,Associate,www.kirkwood.edu/,kirkwood.studentaidcalculator.com/survey.aspx,7591,,15579.0,6176.0,8220.0,9705.0,6967.0,7084.0,9514.0,12106.0,14091.0,0.4151,0.3329,12000.0,39018.0,48663.0,46921.0,37525.0,41016.0,38820.0,1.0565687789799072,0.4385817001545595
206437,Walsh University,North Canton,OH,Private nonprofit,Bachelor,https://www.walsh.edu/,https://www.walsh.edu/net-price-calculator.html,1390,0.7074,47575.0,35745.0,35745.0,20493.0,20458.0,17849.0,18642.0,22737.0,20373.0,0.6011,0.5541,27000.0,48514.0,63410.0,60475.0,50090.0,59764.0,81972.0,0.729078221831845,0.43824891914312203
153445,Hawkeye Community College,Waterloo,IA,Public,Associate,www.hawkeyecollege.edu/,www.hawkeyecollege.edu/financial-aid/net-price-calculator,2626,,14901.0,6525.0,6612.0,9649.0,7443.0,8151.0,8859.0,10316.0,13016.0,0.3947,0.3579,12000.0,39111.0,49163.0,47065.0,39099.0,42849.0,38596.0,1.1101927660897501,0.43819308477562435
217165,Bryant University,Smithfield,RI,Private nonprofit,Bachelor,https://www.bryant.edu/,https://tcc.ruffalonl.com/Bryant University/Freshman-Students,3194,0.6546,69964.0,52677.0,52677.0,41219.0,32698.0,34055.0,36130.0,39680.0,44846.0,0.8018,0.7685,26849.0,62350.0,90592.0,88644.0,66488.0,90008.0,164876.0,0.5459132924136927,0.4377132778572988
213668,Lycoming College,Williamsport,PA,Private nonprofit,Bachelor,https://www.lycoming.edu/,https://www.lycoming.edu/financial-aid/net-price-calculator.aspx,996,0.7407,64105.0,50029.0,50029.0,19140.0,12151.0,14785.0,15883.0,20435.0,26233.0,0.596,0.5186,27000.0,37613.0,57353.0,53116.0,43713.0,56210.0,76560.0,0.7341954022988506,0.43758045977011495
154642,Allen County Community College,Iola,KS,Public,Associate,https://www.allencc.edu/,web.allencc.edu/portal/NetPriceCalc/index.html,810,,14024.0,4260.0,4860.0,8642.0,8454.0,11888.0,12024.0,,,0.3776,0.2682,6954.0,30502.0,48221.0,44191.0,36480.0,40059.0,34568.0,1.1588463318676232,0.4375803749132145
194240,Orange County Community College,Middletown,NY,Public,Associate,https://sunyorange.edu/,www.suny.edu/howmuch/netpricecalculator.xhtml?embed=n&headerUrl=www.sunyorange.edu/images/master_header_2011-04-13.jpg&id=62,3989,,14807.0,6526.0,12334.0,6794.0,2797.0,4094.0,8236.0,11989.0,14129.0,0.2695,0.1343,12000.0,33759.0,53257.0,52137.0,36486.0,44117.0,27176.0,1.6233809243450104,0.4375011591109803
184694,Fairleigh Dickinson University-Florham Campus,Madison,NJ,Private nonprofit,Bachelor,https://www.fdu.edu/,https://1st-aid.org/schools/2040/surveys/new,1990,0.9519,54204.0,38004.0,38004.0,22829.0,12624.0,14383.0,21154.0,29052.0,34331.0,0.6972,0.5768,25000.0,45202.0,68049.0,61013.0,45916.0,57273.0,91316.0,0.627195672171361,0.4372808226378729
240107,Viterbo University,La Crosse,WI,Private nonprofit,Bachelor,https://www.viterbo.edu/,https://www.viterbo.edu/financial-aid/first-year-student-net-price-calculator,1249,0.7243,45558.0,34250.0,34250.0,21260.0,13657.0,16927.0,16463.0,20847.0,26365.0,0.6678,0.5739,25000.0,60592.0,69675.0,65556.0,56804.0,55660.0,85040.0,0.6545155221072436,0.43708546566321727
163462,Mount St. Mary's University,Emmitsburg,MD,Private nonprofit,Bachelor,https://msmary.edu/,https://msmary.edu/admissions/financial-aid/net-price-calculator.html,1768,0.7381,63731.0,48630.0,48630.0,22655.0,11603.0,20067.0,21942.0,27170.0,31330.0,0.6179,0.6248,25391.0,43850.0,64424.0,66027.0,48915.0,64072.0,90620.0,0.707040388435224,0.4368802560141249
240426,University of Wisconsin-Superior,Superior,WI,Public,Bachelor,https://www.uwsuper.edu/,https://www.uwsuper.edu/paying-for-college/financial-aid/net-price-calculator/,1807,0.9301,19860.0,8812.0,16726.0,12220.0,9679.0,10178.0,9710.0,13728.0,17859.0,0.4303,0.2875,22500.0,41285.0,50018.0,48048.0,41868.0,49606.0,48880.0,1.0148527004909984,0.4366911170212766
180106,Carroll College,Helena,MT,Private nonprofit,Bachelor,www.carroll.edu/,www.carroll.edu/admission-aid/tuition-costs/net-price-calculator,1092,0.7093,55626.0,41484.0,41484.0,23960.0,17072.0,16329.0,19139.0,23919.0,28005.0,0.677,0.5551,25757.0,41924.0,59396.0,56883.0,43507.0,61772.0,95840.0,0.6445325542570952,0.43634853923205347
185873,Ocean County College,Toms River,NJ,Public,Associate,www.ocean.edu/,https://www.ocean.edu/admission_and_aid/net-price-calculator/,5424,,18207.0,4906.0,6970.0,11411.0,9833.0,9876.0,11965.0,13876.0,17869.0,0.4404,0.2694,11150.0,29547.0,49336.0,46410.0,36382.0,45210.0,45644.0,0.9904916308824818,0.436212514240645
151801,Indiana Wesleyan University-Marion,Marion,IN,Private nonprofit,Bachelor,https://www.indwes.edu/,https://indwes.aidcalc.cloud/,1974,0.8894,44776.0,32352.0,32352.0,22866.0,19793.0,14896.0,18313.0,22336.0,27265.0,0.6651,0.5682,24250.0,55743.0,68838.0,67044.0,51329.0,59986.0,91464.0,0.6558427359398233,0.4362010036735765
230746,Salt Lake Community College,Salt Lake City,UT,Public,Associate,www.slcc.edu/,www.slcc.edu/financialaid/net-price-calculator.aspx,18136,,14417.0,4426.0,14244.0,9804.0,8476.0,9048.0,10559.0,11589.0,13928.0,0.3571,0.1591,8003.0,39023.0,55279.0,54066.0,41501.0,47867.0,39216.0,1.2205987352101184,0.43587580834353323
170301,Hope College,Holland,MI,Private nonprofit,Bachelor,https://hope.edu/,https://hope.edu/admissions/resources/net-price-calculator/index.html,3288,0.7924,55646.0,41970.0,41970.0,27182.0,17606.0,16590.0,18206.0,25017.0,32754.0,0.8109,0.7657,26800.0,41596.0,60573.0,58327.0,49727.0,58427.0,108728.0,0.5373684791406077,0.43575209973511875
118684,Mendocino College,Ukiah,CA,Public,Associate,www.mendocino.edu/,misweb.cccco.edu/npc/141/npcalc.htm,2870,,17544.0,1423.0,10003.0,8330.0,7306.0,5869.0,10025.0,13673.0,,0.3606,0.0,10836.0,46829.0,59296.0,47553.0,33313.0,40243.0,33320.0,1.2077731092436974,0.43552298319327726
240374,University of Wisconsin-Parkside,Kenosha,WI,Public,Bachelor,https://www.uwp.edu/,https://www.uwp.edu/live/offices/financialaid/npcalculator.cfm,2844,0.7539,18199.0,8270.0,17429.0,11772.0,7425.0,7592.0,11241.0,15071.0,17917.0,0.4009,0.2268,20492.0,40501.0,55184.0,53743.0,42154.0,51129.0,47088.0,1.0858180428134556,0.4353044533639143
211927,Delaware County Community College,Media,PA,Public,Associate,www.dccc.edu/,https://dccc.edu/sites/all/themes/new/net-price-calculator/,6861,,13530.0,6930.0,15540.0,6576.0,5591.0,6075.0,8770.0,9918.0,10603.0,0.2522,0.1274,13250.0,42896.0,56647.0,52083.0,37658.0,45391.0,26304.0,1.7256310827250607,0.43520415906326027
173665,Hamline University,Saint Paul,MN,Private nonprofit,Bachelor,https://www.hamline.edu/,https://www.hamline.edu/admission-aid/financial-aid/tuition-fees/net-price-calculator,1776,0.8763,58110.0,50004.0,50004.0,20744.0,15371.0,18001.0,16767.0,21015.0,27196.0,0.5908,0.5037,23770.0,41896.0,61017.0,56415.0,47139.0,61106.0,82976.0,0.7364298110296953,0.435082732356344
237330,Concord University,Athens,WV,Public,Bachelor,https://www.concord.edu/,https://concord.studentaidcalculator.com/survey.aspx,1504,0.9256,20434.0,10664.0,22000.0,9966.0,8021.0,6930.0,10438.0,13336.0,15472.0,0.4061,0.3075,18900.0,34408.0,45035.0,45066.0,33094.0,42703.0,39864.0,1.0712171382701183,0.4350212798514951
154350,Simpson College,Indianola,IA,Private nonprofit,Bachelor,simpson.edu/,simpson.edu/financial-aid/net-price-calculator/,1227,0.8622,61227.0,47656.0,47656.0,21936.0,17941.0,15764.0,19176.0,22468.0,26586.0,0.6439,0.5139,26000.0,44065.0,56509.0,54998.0,49946.0,59274.0,87744.0,0.6755333698030634,0.43497593681619257
193353,Mount Saint Mary College,Newburgh,NY,Private nonprofit,Bachelor,www.msmc.edu/,https://npc.collegeboard.org/app/msmc,1148,0.8888,55014.0,43450.0,43450.0,25522.0,18747.0,16025.0,21647.0,28722.0,31316.0,0.6556,0.4794,26007.0,71264.0,77894.0,72592.0,59588.0,67705.0,102088.0,0.6632023352401849,0.43479545098346517
207041,East Central University,Ada,OK,Public,Bachelor,https://www.ecok.edu/,https://www.ecok.edu/current-students/paying-college/net-price-calculator,2467,0.5815,18459.0,8032.0,17842.0,8683.0,8151.0,6402.0,7155.0,12154.0,10702.0,0.3356,0.2256,17671.0,42088.0,53649.0,49533.0,40677.0,44962.0,34732.0,1.2945410572382816,0.4344479788091673
193016,Mercy University,Dobbs Ferry,NY,Private nonprofit,Bachelor,https://www.mercy.edu/,https://www.mercy.edu/admissions/financial-aid/net-price-calculator/,5735,0.8584,32596.0,22880.0,22880.0,14072.0,11974.0,12598.0,15056.0,17725.0,21299.0,0.4689,0.3238,19637.0,44344.0,62616.0,56683.0,44969.0,52055.0,56288.0,0.9247974701534963,0.43363753375497444
199722,Southeastern Community College,Whiteville,NC,Public,Associate,www.sccnc.edu/,www.sccnc.edu/wp-content/uploads/2023/06/index-3.html,820,,15193.0,2600.0,8744.0,9148.0,8660.0,9330.0,12051.0,,,0.5238,0.3043,,39536.0,51895.0,41209.0,28864.0,30284.0,36592.0,0.8276125929164845,0.4335034761696546
204200,Mount St. Joseph University,Cincinnati,OH,Private nonprofit,Bachelor,www.msj.edu/,https://www.msj.edu/tuition-aid/financial-aid-grants-loans-scholarships/net-price-calculator/index.html,1129,0.5912,46719.0,38150.0,38150.0,16530.0,11689.0,12602.0,13817.0,18092.0,21682.0,0.5557,0.4589,26827.0,48095.0,61602.0,55742.0,43595.0,51509.0,66120.0,0.7790229885057471,0.43290307471264367
163578,Notre Dame of Maryland University,Baltimore,MD,Private nonprofit,Bachelor,www.ndm.edu/,www.ndm.edu/admissions-aid/financial-aid/financial-aid-calculator,709,0.8216,59320.0,43360.0,43360.0,19169.0,11843.0,17637.0,17882.0,21409.0,24990.0,0.5079,0.4286,22666.0,63392.0,75732.0,70123.0,63918.0,65344.0,76676.0,0.8522092962595857,0.43283710157024363
171234,Montcalm Community College,Sidney,MI,Public,Associate,www.montcalm.edu/,www.montcalm.edu/financial-aid,1122,,12702.0,4662.0,10362.0,7280.0,7280.0,,,,,0.3549,0.1429,16500.0,45335.0,55704.0,49840.0,32490.0,35499.0,29120.0,1.2190590659340659,0.4326440625
139144,Berry College,Mount Berry,GA,Private nonprofit,Bachelor,https://www.berry.edu/,https://www.berry.edu/npc,2245,0.64,56697.0,41686.0,41686.0,22320.0,18189.0,16935.0,19283.0,20665.0,28116.0,0.7179,0.628,23250.0,39985.0,58750.0,51866.0,45014.0,53800.0,89280.0,0.6025985663082437,0.43260551075268816
443492,Pierpont Community and Technical College,Fairmont,WV,Public,Associate,https://www.pierpont.edu/,https://pierpont.studentaidcalculator.com/survey.aspx,959,,14707.0,5762.0,13660.0,8325.0,7780.0,6956.0,9360.0,13453.0,14707.0,0.4095,0.4215,12110.0,37659.0,47693.0,47075.0,31618.0,35132.0,33300.0,1.055015015015015,0.43202864864864865
193399,University of Mount Saint Vincent,Bronx,NY,Private nonprofit,Bachelor,www.mountsaintvincent.edu/,https://www.mountsaintvincent.edu/admission/financial-aid/net-price-calculator/,2692,0.8511,54170.0,44540.0,44540.0,21696.0,19203.0,19157.0,22575.0,24499.0,27884.0,0.5699,0.0,25000.0,62536.0,83648.0,73472.0,53755.0,65756.0,86784.0,0.7576972713864307,0.43181167496312683
141325,Wesleyan College,Macon,GA,Private nonprofit,Bachelor,https://www.wesleyancollege.edu/,https://wesportal.wesleyancollege.edu/ICS/Net_Price_Calculator/,400,0.591,40721.0,27650.0,27650.0,12724.0,11045.0,13317.0,12943.0,9287.0,22726.0,0.4956,0.329,24094.0,49761.0,52803.0,51294.0,35630.0,44317.0,50896.0,0.870736403646652,0.43153696164728067
218690,University of South Carolina-Sumter,Sumter,SC,Public,Associate,www.sc.edu/about/system_and_campuses/sumter/index.php,sc.edu/pcnetprice/sumter/,716,0.7406,17964.0,7558.0,18238.0,7712.0,5894.0,5582.0,8586.0,11560.0,12380.0,0.3133,0.3923,9250.0,18541.0,36240.0,40563.0,36439.0,42437.0,30848.0,1.3756807572614107,0.43100078125
241951,Escuela de Artes Plasticas y Diseno de Puerto Rico,San Juan,PR,Public,Bachelor,www.eap.edu/,https://eap.edu/net-price-calculator.html,466,1.0,9057.0,4902.0,8502.0,5669.0,5208.0,6026.0,6821.0,7684.0,,0.4485,0.0299,,7928.0,23081.0,25164.0,12949.0,21790.0,22676.0,0.9609278532369024,0.43097614217675073
171456,Northern Michigan University,Marquette,MI,Public,Bachelor,https://www.nmu.edu/,https://www.nmu.edu/financialaid/CostCalculator,6556,0.8402,27841.0,14277.0,19773.0,14085.0,7697.0,7185.0,11051.0,16324.0,22268.0,0.5152,0.348,21474.0,36618.0,52624.0,49757.0,37996.0,47107.0,56340.0,0.836119985800497,0.43076901668441603
231059,Saint Michael's College,Colchester,VT,Private nonprofit,Bachelor,www.smcvt.edu/,https://www.smcvt.edu/admission-aid/financial-aid/net-price-calculator/,1092,0.8451,69079.0,51450.0,51450.0,25239.0,12825.0,9940.0,18384.0,26586.0,34539.0,0.7091,0.6719,26922.0,40302.0,60903.0,56162.0,46898.0,61317.0,100956.0,0.6073636039462736,0.43068153155830263
234827,Central Washington University,Ellensburg,WA,Public,Bachelor,www.cwu.edu/,www.cwu.edu/_app/net-price-calc/,7833,0.9062,28816.0,9417.0,27526.0,18476.0,11846.0,13942.0,16022.0,21682.0,26719.0,0.5164,0.3647,19500.0,43326.0,63444.0,61744.0,49398.0,61580.0,73904.0,0.8332431262177961,0.4302867503788699
213826,Marywood University,Scranton,PA,Private nonprofit,Bachelor,https://www.marywood.edu/,https://collegepricecalculator.com/MarywoodUniversity,1784,0.6058,55582.0,41420.0,41420.0,23388.0,18941.0,21192.0,21303.0,24083.0,28365.0,0.7211,0.4923,26186.0,43928.0,60125.0,55402.0,47000.0,55817.0,93552.0,0.596641440054729,0.43023814242346503
150163,Butler University,Indianapolis,IN,Private nonprofit,Bachelor,www.butler.edu/,https://app.meadowfi.com/butler,4317,0.8508,65970.0,47560.0,47560.0,36041.0,25278.0,25696.0,32679.0,36778.0,41134.0,0.8028,0.7195,26000.0,49668.0,73732.0,71274.0,61627.0,77235.0,144164.0,0.5357440137621042,0.43009529424821724
228316,Southwest Texas College,Uvalde,TX,Public,Associate,https://www.swtjc.edu/,apps.highered.texas.gov/apps/NPC/?Fice=003614,3306,,13554.0,2646.0,6294.0,7372.0,6668.0,7044.0,8976.0,11052.0,13554.0,0.3566,0.1702,6200.0,22801.0,36607.0,38102.0,30305.0,35563.0,29488.0,1.2060160065111232,0.4300653079218665
183239,Saint Anselm College,Manchester,NH,Private nonprofit,Bachelor,https://www.anselm.edu/,https://anselm.clearcostcalculator.com/student/default/netpricecalculator/survey,2087,0.7805,67213.0,48920.0,48920.0,34779.0,25143.0,26956.0,27193.0,31710.0,37268.0,0.8153,0.7479,27000.0,50718.0,76334.0,75975.0,63347.0,73371.0,139116.0,0.5274087811610455,0.4299963792806004
144962,Elmhurst University,Elmhurst,IL,Private nonprofit,Bachelor,www.elmhurst.edu/,www.elmhurst.edu/admission/financial-aid/tuition-fees/net-price-calculator/,3006,0.7364,54679.0,42955.0,42955.0,24185.0,17892.0,18377.0,23098.0,25419.0,30232.0,0.6767,0.566,20489.0,46060.0,63784.0,64263.0,52803.0,61462.0,96740.0,0.6353318172420922,0.42992904072772375
156082,Washburn University,Topeka,KS,Public,Bachelor,www.washburn.edu/,https://www.washburn.edu/netpricecalculator,4562,,21512.0,9945.0,20949.0,15280.0,20310.0,9693.0,10758.0,13922.0,15472.0,0.5278,0.2756,18127.0,46758.0,56774.0,53209.0,42881.0,49774.0,61120.0,0.8143651832460733,0.42982194371727755
115755,California State Polytechnic University-Humboldt,Arcata,CA,Public,Bachelor,www.humboldt.edu/,https://www.humboldt.edu/calculator/,5612,0.982,25170.0,8250.0,20850.0,13171.0,8483.0,8812.0,11088.0,15593.0,22228.0,0.4753,0.2572,18000.0,30678.0,51571.0,48458.0,37382.0,47626.0,52684.0,0.9039936223521373,0.42966816870397084
195720,St. John Fisher University,Rochester,NY,Private nonprofit,Bachelor,https://www.sjf.edu/,https://www.sjf.edu/admissions-aid/financial-aid/net-price-calculator/,2565,0.664,55201.0,41190.0,41190.0,28945.0,16054.0,17953.0,25992.0,30268.0,34085.0,0.7431,0.6517,23250.0,57667.0,70456.0,66453.0,61198.0,66944.0,115780.0,0.5782000345482812,0.42966044567282774
180197,Flathead Valley Community College,Kalispell,MT,Public,Associate,www.fvcc.edu/,www.fvcc.edu/netprice-calculator,1202,,14882.0,4912.0,11659.0,8099.0,6341.0,7484.0,9903.0,11293.0,12552.0,0.3613,0.1934,10500.0,36934.0,47642.0,44434.0,32850.0,38520.0,32396.0,1.1890356834177058,0.42959859241881715
195173,St. Francis College,Brooklyn,NY,Private nonprofit,Bachelor,https://www.sfc.edu/,https://www.sfc.edu/admissions-aid/office-of-financial-aid/net-price-calculator,1684,,38098.0,28775.0,28775.0,18129.0,15700.0,18198.0,22447.0,21974.0,22274.0,0.5361,0.3664,23250.0,35041.0,58523.0,65079.0,43378.0,58099.0,72516.0,0.8011887031827459,0.4295172637762701
189413,Boricua College,New York,NY,Private nonprofit,Bachelor,https://www.boricuacollege.edu/,https://www.boricuacollege.edu/registration-tuition-fees,391,,24213.0,13025.0,13025.0,15245.0,14809.0,13907.0,23253.0,,,0.7409,0.3333,6733.0,40773.0,50662.0,47145.0,30398.0,35348.0,60980.0,0.5796654640865858,0.4294741423417514
128902,Connecticut College,New London,CT,Private nonprofit,Bachelor,www.conncoll.edu/,https://conncoll.studentaidcalculator.com/survey.aspx,1937,0.3704,84623.0,67242.0,67242.0,36175.0,13341.0,16892.0,28961.0,29797.0,47031.0,0.8284,0.7594,23500.0,44155.0,67540.0,66752.0,49165.0,75001.0,144700.0,0.5183206634416033,0.4293768375950242
130776,Western Connecticut State University,Danbury,CT,Public,Bachelor,https://www.wcsu.edu/,https://www.wcsu.edu/admissions/netprice/,3511,0.8701,24877.0,13401.0,16901.0,17604.0,13507.0,13716.0,16697.0,18737.0,21318.0,0.5104,0.328,24147.0,40889.0,60346.0,58873.0,45997.0,59115.0,70416.0,0.8395109066121336,0.4284863667348329
168254,Western New England University,Springfield,MA,Private nonprofit,Bachelor,wne.edu/,wne.edu/enrollment-services/billing-and-finances/finance-calculator.cfm,2603,0.8348,60262.0,47820.0,47820.0,27290.0,20726.0,22471.0,25205.0,28660.0,29794.0,0.6393,0.5739,25500.0,53402.0,76928.0,73893.0,51771.0,73157.0,109160.0,0.6701813851227556,0.42844695950897765
482149,Augusta University,Augusta,GA,Public,Bachelor,www.augusta.edu/,www.augusta.edu/finaid/costcalc.php,5613,0.8641,23524.0,8414.0,24734.0,13787.0,11064.0,11154.0,13703.0,17548.0,18163.0,0.4874,0.2897,20500.0,49288.0,62546.0,57868.0,45037.0,48472.0,55148.0,0.8789439326902154,0.428397272793211
146339,Judson University,Elgin,IL,Private nonprofit,Bachelor,www.judsonu.edu/,https://www.shoppingsheet.com/Shopping/Landing/judsonu,708,0.4759,43137.0,31360.0,31360.0,18558.0,15701.0,18010.0,17079.0,21124.0,21515.0,0.5644,0.4276,25000.0,40559.0,56385.0,55286.0,45374.0,56313.0,74232.0,0.75860814742968,0.4281584384093114
221908,Northeast State Community College,Blountville,TN,Public,Associate,https://www.northeaststate.edu/,https://apps.northeaststate.edu/netpricecalc/,4404,,15793.0,4782.0,17766.0,6864.0,6472.0,6380.0,7563.0,9573.0,5579.0,0.3402,0.1977,6827.0,33442.0,45463.0,41395.0,29726.0,34553.0,27456.0,1.2584863053613053,0.4281370410839161
154013,Mount Mercy University,Cedar Rapids,IA,Private nonprofit,Bachelor,www.mtmercy.edu/,https://www.mtmercy.edu/admissions-aid/financial-aid/net-price-calculator,1107,0.8252,55054.0,40878.0,40878.0,20168.0,17070.0,15294.0,16883.0,20311.0,25244.0,0.5681,0.5439,23699.0,53520.0,61330.0,61499.0,52871.0,60787.0,80672.0,0.7535080325267751,0.428067913278461
190646,CUNY Medgar Evers College,Brooklyn,NY,Public,Bachelor,https://www.mec.cuny.edu/,https://npc.cuny.edu/npc/public/fin_aid/financial_aid_estimator/FinAidEstimator.jsp,3233,0.8605,14771.0,7352.0,15302.0,5718.0,4368.0,5547.0,8661.0,10131.0,14006.0,0.2103,0.0833,10988.0,39508.0,58886.0,58134.0,37538.0,46498.0,22872.0,2.0329660720531653,0.42753276495278064
237987,West Virginia Junior College-Charleston,Cross Lanes,WV,Private for-profit,Associate,www.wvjc.edu/,www.wvjc.edu/npcalc/charleston_index.html,394,,22249.0,14798.0,14798.0,12887.0,11459.0,10715.0,13513.0,20749.0,19215.0,0.8021,0.5476,8270.0,25845.0,33018.0,30204.0,26253.0,27472.0,51548.0,0.5329401722666253,0.4274713121750601
162061,Capitol Technology University,Laurel,MD,Private nonprofit,Bachelor,www.captechu.edu/,https://mycapitol.captechu.edu/ICS/College_Offices/Financial_Aid_Office/Net_Price_Calculator.jnz,315,0.7435,42471.0,27592.0,27592.0,22102.0,19682.0,17134.0,15161.0,27961.0,25778.0,0.4437,0.2716,20264.0,72701.0,104028.0,113109.0,76545.0,85035.0,88408.0,0.9618473441317528,0.4267716665912587
152390,Saint Mary's College,Notre Dame,IN,Private nonprofit,Bachelor,https://www.saintmarys.edu/,https://www.saintmarys.edu/financial-aid/tools/net-price-calculator,1458,0.7597,66478.0,53230.0,53230.0,25292.0,16760.0,18152.0,21014.0,23680.0,30443.0,0.7274,0.6384,27000.0,45753.0,69406.0,65300.0,53470.0,59354.0,101168.0,0.5866874901154515,0.4267564803099795
212054,Drexel University,Philadelphia,PA,Private nonprofit,Bachelor,https://drexel.edu/,https://drexel.edu/drexelcentral/finaid/prospective-students/net-price-calculator/,13233,0.7944,76835.0,62412.0,62412.0,38509.0,28055.0,29435.0,34970.0,37842.0,48089.0,0.7765,0.3046,25325.0,71209.0,91041.0,89242.0,69063.0,84648.0,154036.0,0.5495338751980057,0.4267130540912514
170620,Lake Michigan College,Benton Harbor,MI,Public,Associate,https://www.lakemichigancollege.edu/,https://www.lakemichigancollege.edu/NetPrice/npcalc.htm,2105,,15917.0,5445.0,7755.0,6680.0,5580.0,5013.0,7602.0,9671.0,12465.0,0.3307,0.1395,9000.0,44772.0,54349.0,42881.0,30846.0,34466.0,26720.0,1.2898952095808383,0.4265683458083832
165671,Emmanuel College,Boston,MA,Private nonprofit,Bachelor,www.emmanuel.edu/,https://www.collegenpc.com/EmmanuelCollege,1854,0.7565,65252.0,48550.0,48550.0,26706.0,20399.0,20611.0,24008.0,26577.0,30832.0,0.6676,0.5943,27000.0,41517.0,63280.0,63701.0,50180.0,68245.0,106824.0,0.6388545645173369,0.4264993072717741
238333,Beloit College,Beloit,WI,Private nonprofit,Bachelor,www.beloit.edu/,https://www.beloit.edu/offices/financial-aid/apply-for-aid/net-price-calculator/,926,0.6304,71365.0,60886.0,60886.0,21526.0,15176.0,16482.0,18028.0,22781.0,27871.0,0.6893,0.5451,25738.0,30515.0,48801.0,45599.0,41660.0,53260.0,86104.0,0.6185543064201431,0.42636948341540465
232982,Old Dominion University,Norfolk,VA,Public,Bachelor,www.odu.edu/,www.odu.edu/tuition-aid/financial-aid/net-price-calculator,17514,0.9036,29446.0,12750.0,33780.0,14638.0,9739.0,10114.0,13123.0,16940.0,23567.0,0.4538,0.2624,24000.0,46400.0,64472.0,57859.0,46732.0,54914.0,58552.0,0.9378671949719907,0.42560413307828937
165981,Greenfield Community College,Greenfield,MA,Public,Associate,www.gcc.mass.edu/,www.gcc.mass.edu/financial-aid/net-price-calculator/,1395,,14762.0,5810.0,11930.0,7679.0,7311.0,6550.0,7306.0,8818.0,13984.0,0.3517,0.1429,8307.0,40039.0,52747.0,44881.0,27778.0,37132.0,30716.0,1.2088813647610366,0.4251635759864566
225432,University of Houston-Downtown,Houston,TX,Public,Bachelor,www.uhd.edu/,www.uhd.edu/financial/cost/financial-cost-calculator.aspx,12555,0.8996,20749.0,7708.0,17548.0,10542.0,9439.0,10048.0,11247.0,15488.0,19380.0,0.3346,0.1439,18750.0,47105.0,60550.0,59780.0,49120.0,53551.0,42168.0,1.2699440333902485,0.4249232735723772
219426,Southeast Technical College,Sioux Falls,SD,Public,Associate,www.southeasttech.edu/,www.southeasttech.edu/admissions/financialaid/netpricecalculator/,2310,,20272.0,7650.0,7650.0,17400.0,14418.0,15221.0,17079.0,19425.0,20254.0,0.6331,0.5186,12000.0,43241.0,53289.0,50646.0,43427.0,46709.0,69600.0,0.6711063218390805,0.42487741235632187
198330,Coastal Carolina Community College,Jacksonville,NC,Public,Associate,www.coastalcarolina.edu/,www.coastalcarolina.edu/admissions/paying-for-coastal/financial-aid-scholarships/net-price-calculator/,2724,,16793.0,2512.0,8656.0,9461.0,9187.0,9049.0,9152.0,11581.0,15174.0,0.4411,0.3197,,28082.0,44018.0,40038.0,35192.0,36444.0,37844.0,0.9630060247331149,0.424781957509777
195474,Siena College,Loudonville,NY,Private nonprofit,Bachelor,https://www.siena.edu/,https://www.siena.edu/afford/net-price-calculator/,3409,0.6902,64870.0,46580.0,46580.0,33733.0,26417.0,28044.0,29118.0,34818.0,37704.0,0.753,0.6909,26561.0,43632.0,70594.0,69406.0,56526.0,76079.0,134932.0,0.5638321524916254,0.42456561082619393
128771,Central Connecticut State University,New Britain,CT,Public,Bachelor,www.ccsu.edu/,www.ccsu.edu/financial-aid/net-price-calculator,7822,0.7333,24870.0,13050.0,16550.0,16857.0,13589.0,13636.0,15091.0,18336.0,21562.0,0.4888,0.253,22300.0,47818.0,67245.0,63695.0,49016.0,58562.0,67428.0,0.8685115975559115,0.4245284688853295
135726,University of Miami,Coral Gables,FL,Private nonprofit,Bachelor,www.miami.edu/,https://npc.collegeboard.org/app/miami,12913,0.189,86078.0,62616.0,62616.0,37244.0,15978.0,17941.0,21768.0,27982.0,50352.0,0.8395,0.727,17500.0,54633.0,85019.0,73338.0,61508.0,75328.0,148976.0,0.505638492106111,0.4244835141230802
133650,Florida Agricultural and Mechanical University,Tallahassee,FL,Public,Bachelor,www.famu.edu/,www.famu.edu/index.cfm?FinancialAid&EstimatingCost(NPC),7582,0.2056,23970.0,5785.0,17725.0,13739.0,13299.0,10921.0,15269.0,18325.0,20332.0,0.526,0.286,23548.0,34146.0,52657.0,49457.0,36153.0,44349.0,54956.0,0.8069910473833612,0.42447729092364805
173328,Concordia University-Saint Paul,Saint Paul,MN,Private nonprofit,Bachelor,https://www.csp.edu/,https://www.csp.edu/tuition-and-financial-aid/net-price-calculator/,3018,0.7887,37239.0,25600.0,25600.0,18462.0,16406.0,16794.0,16826.0,19135.0,23295.0,0.5235,0.3251,17832.0,53793.0,68250.0,63646.0,50646.0,59871.0,73848.0,0.8107328566785831,0.4244186504712382
126678,Colorado College,Colorado Springs,CO,Private nonprofit,Bachelor,www.coloradocollege.edu/,https://www.shoppingsheet.com/shopping/landing/126678,2014,0.1847,86921.0,70734.0,70734.0,33375.0,9217.0,15477.0,12568.0,24129.0,44141.0,0.8683,0.7109,18257.0,33261.0,56959.0,55071.0,47611.0,65222.0,133500.0,0.48855430711610487,0.42421170486891385
243106,University of Puerto Rico-Aguadilla,Aguadilla,PR,Public,Bachelor,https://www.uprag.edu/,https://www.uprag.edu/opei_old/NPC/index.html,1883,0.814,14498.0,5954.0,5954.0,7765.0,7200.0,7993.0,9454.0,9266.0,14498.0,0.4706,0.102,5500.0,13499.0,29117.0,24935.0,18193.0,27997.0,31060.0,0.9013844172569221,0.42419150676110756
203368,John Carroll University,University Heights,OH,Private nonprofit,Bachelor,jcu.edu/,https://collegepricecalculator.com/JohnCarrollUniversity,2274,0.809,65827.0,50500.0,50500.0,28746.0,19945.0,19485.0,24900.0,29477.0,34240.0,0.7758,0.7192,26000.0,45352.0,67580.0,65077.0,53187.0,62860.0,114984.0,0.5466847561399847,0.42411803381340013
177135,Crowder College,Neosho,MO,Public,Associate,www.crowder.edu/,www.crowder.edu/netpricecalculator,2570,,16291.0,6180.0,8280.0,9023.0,8283.0,9223.0,8481.0,12560.0,13975.0,0.4253,0.3702,9000.0,34694.0,40780.0,38909.0,31698.0,35987.0,36092.0,0.9970907680372382,0.4240627036462374
163532,Ner Israel Rabbinical College,Baltimore,MD,Private nonprofit,Bachelor,https://nirc.edu/,https://nirc.edu/net-price-calculator/,280,0.6566,26750.0,10600.0,10600.0,13572.0,,12626.0,13018.0,10550.0,20150.0,0.3467,0.1765,,,67359.0,50913.0,,66330.0,54288.0,1.221816976127321,0.4236039456233422
121257,Pitzer College,Claremont,CA,Private nonprofit,Bachelor,https://www.pitzer.edu/,https://npc.collegeboard.org/app/pitzer,1227,0.2516,86466.0,65192.0,65192.0,34191.0,14535.0,7769.0,20846.0,29452.0,46793.0,0.833,0.5756,16750.0,33658.0,69786.0,51190.0,51784.0,69512.0,136764.0,0.5082624082360855,0.4233825860606592
237932,West Liberty University,West Liberty,WV,Public,Bachelor,www.westliberty.edu/,https://www.westliberty.edu/financial-aid/net-price-calculator/,1511,0.9727,23809.0,8893.0,17442.0,15366.0,12714.0,14460.0,15087.0,17362.0,18566.0,0.6008,0.4252,23250.0,38588.0,48985.0,44814.0,36822.0,43296.0,61464.0,0.7044123389301055,0.4232109332292074
219356,South Dakota State University,Brookings,SD,Public,Bachelor,https://www.sdstate.edu/,https://www.sdstate.edu/admissions/office-financial-aid/net-price-calculator,9198,0.9834,24636.0,9299.0,12809.0,19841.0,14266.0,15248.0,18073.0,20706.0,21886.0,0.6097,0.4604,23250.0,51160.0,63042.0,58627.0,49564.0,55070.0,79364.0,0.6938914369235422,0.4230656090922837
216339,Temple University,Philadelphia,PA,Public,Bachelor,www.temple.edu/,https://sfs.temple.edu/sites/sfs/files/NetPrice.html,20970,0.8041,40903.0,23011.0,38958.0,28198.0,22694.0,23431.0,26534.0,29397.0,34947.0,0.7486,0.592,24395.0,45412.0,67232.0,63202.0,50860.0,63727.0,112792.0,0.564995744379034,0.42295581424214485
213251,Juniata College,Huntingdon,PA,Private nonprofit,Bachelor,www.juniata.edu/,https://more.juniata.edu/admission/aid-calculator/index.php,1191,0.7891,71850.0,58580.0,58580.0,23988.0,18729.0,17265.0,16997.0,19312.0,31255.0,0.7124,0.7037,27000.0,34506.0,55079.0,53474.0,48571.0,56918.0,95952.0,0.5931924295481074,0.4225902868100717
211079,Community College of Beaver County,Monaca,PA,Public,Associate,https://www.ccbc.edu/,https://www.ccbc.edu/calculator,1247,,12556.0,7500.0,20700.0,6937.0,4392.0,5476.0,7098.0,10463.0,12204.0,0.26,0.1183,14923.0,44714.0,56347.0,49182.0,38184.0,45090.0,27748.0,1.6249819806832926,0.4224953149776561
162584,Frostburg State University,Frostburg,MD,Public,Bachelor,www.frostburg.edu/,www.frostburg.edu/admissions-and-cost/financial-aid/calculators-and-tools.php,2909,0.8918,27056.0,10220.0,25814.0,16715.0,12129.0,12240.0,15709.0,19727.0,23297.0,0.509,0.3252,21105.0,43388.0,58511.0,55552.0,43638.0,55493.0,66860.0,0.8299880346993718,0.4224639096619802
200226,Mayville State University,Mayville,ND,Public,Bachelor,www.mayvillestate.edu/,www.mayvillestate.edu/paying-school/cost-calculator,733,,20657.0,7979.0,11237.0,11456.0,5971.0,4878.0,9558.0,13885.0,15766.0,0.4047,0.2331,18585.0,45888.0,54027.0,51462.0,43597.0,47828.0,45824.0,1.0437325418994414,0.4223985597067039
168281,Wheaton College (Massachusetts),Norton,MA,Private nonprofit,Bachelor,www.wheatoncollege.edu/,https://collegepricecalculator.com/WheatonCollegeMA,1773,0.6773,79311.0,63960.0,63960.0,29822.0,20076.0,21528.0,28299.0,28639.0,33956.0,0.7427,0.6815,26000.0,33840.0,57982.0,60135.0,51607.0,67725.0,119288.0,0.5677436120984508,0.42166318070551945
232566,Longwood University,Farmville,VA,Public,Bachelor,www.longwood.edu/,www.longwood.edu/fileshare/financialaid/npcalc.htm,3015,0.9022,34588.0,15744.0,27978.0,19066.0,11896.0,12320.0,15544.0,19647.0,26747.0,0.6142,0.4763,25000.0,43256.0,54005.0,51897.0,46058.0,52347.0,76264.0,0.6863920067135214,0.4215819705234448
200059,Dickinson State University,Dickinson,ND,Public,Bachelor,www.dickinsonstate.edu/,www.dickinsonstate.edu/Assets/uploads/files/financial-aid/netpricecalculator/npcalc.htm,1090,0.3702,20567.0,9118.0,9118.0,14092.0,10479.0,8094.0,12985.0,15484.0,16922.0,0.4678,0.2308,18442.0,49802.0,59571.0,54564.0,48628.0,50720.0,56368.0,0.8998013057053648,0.42092705080896964
196413,Syracuse University,Syracuse,NY,Private nonprofit,Bachelor,https://www.syracuse.edu/,https://www.syracuse.edu/admissions/cost-and-aid/cost-of-attendance/undergraduate/net-price-calculator/,15477,0.4592,84517.0,65528.0,65528.0,38793.0,15817.0,15845.0,21132.0,28780.0,55401.0,0.8247,0.7263,26000.0,50956.0,79406.0,74809.0,60459.0,79164.0,155172.0,0.5101693604516279,0.4207366715644575
206695,Youngstown State University,Youngstown,OH,Public,Bachelor,https://ysu.edu/,https://cfweb.cc.ysu.edu/finaid/tuition/est_tuition.cfm,7961,0.8445,21708.0,11113.0,11473.0,12767.0,9328.0,9421.0,13369.0,16249.0,18235.0,0.5166,0.3005,24000.0,40179.0,56047.0,52832.0,37590.0,41544.0,51068.0,0.8135035638756168,0.4202559410981436
218724,Coastal Carolina University,Conway,SC,Public,Bachelor,https://www.coastal.edu/,https://www.coastal.edu/financialaid/netpricecalculators/,10377,0.7527,26692.0,11640.0,29628.0,13966.0,9563.0,10292.0,12938.0,16350.0,20219.0,0.4967,0.3739,23750.0,33664.0,52398.0,49041.0,38070.0,47258.0,55864.0,0.8459473005871402,0.42018202420163253
188049,University of New Mexico-Valencia County Campus,Los Lunas,NM,Public,Associate,valencia.unm.edu/,https://npc.collegeboard.org/student/app/unm,525,,13469.0,1878.0,5130.0,5714.0,3797.0,6420.0,8968.0,11667.0,,0.2143,0.1639,18450.0,42863.0,59818.0,53654.0,37150.0,44792.0,22856.0,1.95974798739937,0.41997399369968497
239628,Ripon College,Ripon,WI,Private nonprofit,Bachelor,www.ripon.edu/,www.ripon.edu/admission/calculator/,688,0.7984,63540.0,51900.0,51900.0,20216.0,15712.0,14267.0,16971.0,19124.0,25280.0,0.6172,0.4419,27000.0,35903.0,50210.0,50514.0,42334.0,54902.0,80864.0,0.6789424218440839,0.4190432627621686
166957,Mount Wachusett Community College,Gardner,MA,Public,Associate,mwcc.edu/,mwcc.edu/about-mwcc/public-disclosure/net-price-calculator/,3059,,15487.0,6160.0,11080.0,7931.0,5899.0,5873.0,6711.0,9850.0,14528.0,0.3232,0.1538,10252.0,44743.0,53977.0,49806.0,37314.0,41118.0,31724.0,1.296116504854369,0.41890485436893204
101480,Jacksonville State University,Jacksonville,AL,Public,Bachelor,https://www.jsu.edu/,https://www.jsu.edu/finaid/,7036,0.7769,24257.0,12894.0,23334.0,14279.0,12472.0,12622.0,15343.0,17480.0,18183.0,0.5287,0.3594,22189.0,42602.0,55318.0,51119.0,40158.0,45235.0,57116.0,0.7919847328244275,0.4187223282442748
459949,Texas A&M University-San Antonio,San Antonio,TX,Public,Bachelor,www.tamusa.edu/,https://apps.highered.texas.gov/apps/NPC/?Fice=042485,6599,0.928,21655.0,9654.0,23255.0,11196.0,9596.0,10423.0,12898.0,16267.0,13021.0,0.3451,0.1691,18401.0,44674.0,55112.0,,43479.0,54338.0,44784.0,1.213335119685602,0.41872194980350125
149365,South Suburban College,South Holland,IL,Public,Associate,https://www.ssc.edu/,https://www.ssc.edu/compliance/FA/Net_Price_calculator/npcalc.htm,2042,,10834.0,5093.0,12683.0,3242.0,2722.0,1767.0,5371.0,7583.0,,0.2486,0.162,,33909.0,45069.0,42879.0,27389.0,33680.0,12968.0,1.684,0.41864239999999997
168591,Alma College,Alma,MI,Private nonprofit,Bachelor,www.alma.edu/,www.alma.edu/financial-aid/net-price-calculator/,1148,0.5703,63650.0,49552.0,49552.0,20694.0,17162.0,18009.0,18076.0,18699.0,23618.0,0.633,0.5668,27000.0,37011.0,55040.0,52066.0,45720.0,54742.0,82776.0,0.6613269546728521,0.41861996230791537
159568,Louisiana Christian University,Pineville,LA,Private nonprofit,Bachelor,www.lcuniversity.edu/,https://lcuniversity.edu/campus-life/financial-aid/net-price-calculator/,672,0.7719,33791.0,20266.0,20266.0,13113.0,13203.0,14619.0,14775.0,17347.0,6343.0,0.4247,0.3253,21875.0,42657.0,53861.0,48629.0,40615.0,51700.0,52452.0,0.985663082437276,0.4186111111111111
165334,Clark University,Worcester,MA,Private nonprofit,Bachelor,www.clarku.edu/,www.clarku.edu/offices/financial-aid/prospective-students/u-s-students/,2214,0.3954,68432.0,58867.0,58867.0,28714.0,18188.0,13313.0,21971.0,25062.0,39035.0,0.7703,0.6954,26759.0,39538.0,63965.0,63150.0,49022.0,62381.0,114856.0,0.5431235634185415,0.4183680809013025
173115,Northwest Technical College,Bemidji,MN,Public,Associate,https://www.ntcmn.edu/,https://www.minnstate.edu/admissions/calculator/northwest.html,751,,16905.0,6254.0,6254.0,10996.0,6638.0,7948.0,10641.0,13654.0,16137.0,0.4286,0.4891,15000.0,43808.0,55473.0,53771.0,41389.0,42930.0,43984.0,0.9760367406329574,0.4183293470352855
141334,University of West Georgia,Carrollton,GA,Public,Bachelor,www.westga.edu/,https://www.westga.edu/student-services/financialaid/npcalc.html,7520,0.5161,21981.0,6088.0,17800.0,12786.0,10339.0,10523.0,12957.0,15471.0,16810.0,0.4311,0.2477,23970.0,39461.0,58022.0,53160.0,41000.0,49587.0,51144.0,0.9695565462224308,0.4179758270764899
170790,Macomb Community College,Warren,MI,Public,Associate,www.macomb.edu/,www.macomb.edu/admissions-aid/paying-for-college/net-price-calculator.html,13876,,11912.0,3660.0,8370.0,1618.0,-353.0,-112.0,2521.0,8336.0,10658.0,0.2009,0.0749,6000.0,41044.0,50529.0,48736.0,33875.0,41596.0,6472.0,2.0798,0.41783182
107044,Harding University,Searcy,AR,Private nonprofit,Bachelor,www.harding.edu/,www.harding.edu/about/offices-departments/finaid/index.html,3382,0.7052,39534.0,26262.0,26262.0,22130.0,15418.0,17430.0,19832.0,22017.0,26284.0,0.6991,0.5174,26500.0,40752.0,53024.0,54368.0,43555.0,52876.0,88520.0,0.5973339358337099,0.4175961545413466
121691,University of Redlands,Redlands,CA,Private nonprofit,Bachelor,www.redlands.edu/,www.redlands.edu/npc,2049,0.8271,76630.0,60878.0,60878.0,30031.0,28287.0,25728.0,26196.0,25767.0,38257.0,0.6898,0.5562,26000.0,51944.0,75863.0,69744.0,61686.0,72690.0,120124.0,0.6051247044720456,0.41741502114481704
216278,Susquehanna University,Selinsgrove,PA,Private nonprofit,Bachelor,www.susqu.edu/,www.susqu.edu/admission-and-aid/tuition-and-financial-aid/net-price-calculator,2163,0.8143,75410.0,59850.0,59850.0,28819.0,19757.0,18493.0,21171.0,24190.0,33866.0,0.7787,0.7464,27000.0,37531.0,58506.0,59913.0,51535.0,61723.0,115276.0,0.5354366910718623,0.4169445513376592
193326,Monroe Community College,Rochester,NY,Public,Associate,www.monroecc.edu/,www.suny.edu/howmuch/netpricecalculator.xhtml?embed=n&headerUrl=www.monroecc.edu/images/header_images/mcc_home_header_01.gif&bgColor=FCF,7623,,14606.0,6006.0,11056.0,6353.0,3737.0,5081.0,8810.0,11432.0,13933.0,0.2637,0.1586,9750.0,35590.0,47430.0,44873.0,34495.0,40174.0,25412.0,1.5809066582716826,0.41688508578624267
188429,Adelphi University,Garden City,NY,Private nonprofit,Bachelor,www.adelphi.edu/,https://financial-aid.adelphi.edu/net-price-calculator/,5276,0.6591,63189.0,49110.0,49110.0,30783.0,24095.0,24700.0,28681.0,32337.0,35672.0,0.68,0.5722,25000.0,65016.0,83002.0,76438.0,63688.0,75482.0,123132.0,0.6130169249260956,0.41685150894974504
137546,Stetson University,DeLand,FL,Private nonprofit,Bachelor,https://www.stetson.edu/,https://stetson.wbnpc.com/,2297,0.716,72533.0,57410.0,57410.0,19372.0,15931.0,14657.0,17327.0,22600.0,26904.0,0.6254,0.5645,23250.0,36146.0,57773.0,54413.0,44792.0,51642.0,77488.0,0.6664515795994218,0.4167988178814784
200800,University of Akron Main Campus,Akron,OH,Public,Bachelor,www.uakron.edu/,1st-aid.org/schools/2447/surveys/new,9052,0.5967,26284.0,13135.0,20815.0,13946.0,10413.0,10131.0,13519.0,17800.0,20226.0,0.4984,0.2874,23250.0,47979.0,62809.0,56971.0,42269.0,46600.0,55784.0,0.835364979205507,0.4163459056360247
126863,Community College of Aurora,Aurora,CO,Public,Associate,https://www.ccaurora.edu/,ccaurora.edu/admission-aid/financial-aid/net-calculator/,3250,,17275.0,4470.0,17070.0,8656.0,6305.0,6611.0,9726.0,12409.0,16700.0,0.3231,0.2577,10500.0,38109.0,51722.0,50085.0,38842.0,44592.0,34624.0,1.2878927911275415,0.41611816081330866
169974,Glen Oaks Community College,Centreville,MI,Public,Associate,www.glenoaks.edu/,www.glenoaks.edu/netpricecalc/index.html,600,,17124.0,4176.0,6624.0,8918.0,5282.0,8025.0,10081.0,13455.0,13782.0,0.3952,0.3947,10794.0,38205.0,52191.0,46174.0,35385.0,37540.0,35672.0,1.052366001345593,0.4158950437317784
230047,Brigham Young University-Hawaii,Laie,HI,Private nonprofit,Bachelor,www.byuh.edu/,financialaid.byuh.edu/net-price-calculator,2889,0.4696,25098.0,6630.0,6630.0,16774.0,11623.0,21255.0,15993.0,17155.0,22582.0,0.5359,0.2922,9413.0,29970.0,,48333.0,39316.0,52064.0,67096.0,0.7759627995707643,0.4158384642899726
201654,Cedarville University,Cedarville,OH,Private nonprofit,Bachelor,https://www.cedarville.edu/,https://www.cedarville.edu/offices/financial-aid/net-price-calculator,4024,0.6529,49320.0,37150.0,37150.0,24468.0,18987.0,17762.0,19743.0,23426.0,28127.0,0.734,0.6242,20937.0,45463.0,60679.0,57137.0,47937.0,55443.0,97872.0,0.5664847964688573,0.41579984060814124
138558,Abraham Baldwin Agricultural College,Tifton,GA,Public,Bachelor,https://www.abac.edu/,https://tools.abac.edu/npc,3208,0.7572,13956.0,3268.0,10588.0,6842.0,4323.0,4299.0,6824.0,10489.0,11026.0,0.3251,0.2365,16750.0,46733.0,53386.0,48346.0,35495.0,34996.0,27368.0,1.2787196726103478,0.41571176556562406
167987,University of Massachusetts-Dartmouth,North Dartmouth,MA,Public,Bachelor,www.umassd.edu/,https://umassd.clearcostcalculator.com/student/default/netpricecalculator/survey,5221,0.9064,33485.0,15612.0,32567.0,20927.0,15976.0,16042.0,17530.0,22273.0,28147.0,0.5057,0.3809,25000.0,50652.0,69251.0,68294.0,51475.0,68804.0,83708.0,0.8219525015530176,0.415661380035361
170550,Kellogg Community College,Battle Creek,MI,Public,Associate,www.kellogg.edu/,https://secure.kellogg.edu/financial/netprice.html,2971,,12420.0,4118.0,8282.0,4858.0,1924.0,4010.0,5816.0,8303.0,11445.0,0.2167,0.1068,17000.0,39909.0,41918.0,42965.0,34047.0,38329.0,19432.0,1.91645,0.415294715
236133,Northwest University,Kirkland,WA,Private nonprofit,Bachelor,www.northwestu.edu/,www.northwestu.edu/financial-aid/net-price-calculator,645,0.832,50501.0,36035.0,36035.0,22288.0,17996.0,14384.0,17840.0,22644.0,28570.0,0.674,0.6393,20891.0,44118.0,58404.0,64391.0,50495.0,54914.0,89152.0,0.6159592605886576,0.41515654163675525
218061,Francis Marion University,Florence,SC,Public,Bachelor,www.fmarion.edu/,netprice.fmarion.edu/,2628,0.8639,23850.0,11160.0,21544.0,11386.0,9723.0,9449.0,11582.0,13788.0,17435.0,0.4307,0.2355,27000.0,37675.0,52141.0,46775.0,36304.0,43888.0,45544.0,0.9636395573511329,0.41503955735113296
210155,Southwestern Oregon Community College,Coos Bay,OR,Public,Associate,www.socc.edu/,https://www.socc.edu/get-started/pay-for-college/,1270,,16274.0,7192.0,7192.0,8527.0,6414.0,7062.0,8238.0,12342.0,13702.0,0.3688,0.311,12000.0,35476.0,48012.0,40227.0,32951.0,38349.0,34108.0,1.124340330714202,0.41465671396739767
214777,Pennsylvania State University-Main Campus,University Park,PA,Public,Bachelor,https://www.psu.edu/,https://tuition.psu.edu/student-tuition-calculators,42284,0.6056,39694.0,20644.0,41790.0,32875.0,19845.0,20049.0,25667.0,31834.0,37831.0,0.8589,0.7064,25000.0,54468.0,76659.0,72964.0,55620.0,63435.0,131500.0,0.4823954372623574,0.41432944106463876
168227,Wentworth Institute of Technology,Boston,MA,Private nonprofit,Bachelor,https://wit.edu/,https://wit.studentaidcalculator.com/survey.aspx,3747,0.9121,61096.0,42884.0,42884.0,34170.0,27018.0,27588.0,31922.0,35769.0,38272.0,0.6843,0.5447,25028.0,77159.0,95027.0,94129.0,71868.0,82721.0,136680.0,0.6052165642376354,0.4141496949078139
190983,Elmira College,Elmira,NY,Private nonprofit,Bachelor,https://www.elmira.edu/,https://www.elmira.edu/affordability/tuition-aid-resources/net-price-calculator,708,0.7696,52449.0,38976.0,38976.0,22386.0,17392.0,16586.0,19938.0,23309.0,27418.0,0.6437,0.6029,27000.0,51044.0,64723.0,57961.0,49057.0,57550.0,89544.0,0.6427007951398195,0.4137065018315018
161138,Eastern Maine Community College,Bangor,ME,Public,Associate,https://www.emcc.edu/,https://www.emcc.edu/wp-content/uploads/2023/02/index.html,1840,,16791.0,4156.0,7036.0,8928.0,7818.0,8034.0,9273.0,12294.0,12359.0,0.3542,0.214,11293.0,46300.0,48024.0,47752.0,40444.0,41704.0,35712.0,1.1677867383512546,0.41363006272401437
206084,University of Toledo,Toledo,OH,Public,Bachelor,www.utoledo.edu/,www.utoledo.edu/financialaid/NetPriceCalculator.html,9770,0.9202,26512.0,12744.0,22104.0,17249.0,13524.0,13365.0,16407.0,19659.0,22053.0,0.5634,0.3586,22250.0,50884.0,66084.0,61365.0,44162.0,50632.0,68996.0,0.733839642877848,0.41344525479737954
218539,Presbyterian College,Clinton,SC,Private nonprofit,Bachelor,https://www.presby.edu/,https://tcc.ruffalonl.com/Presbyterian College/Freshman-Students,852,0.6837,60242.0,44910.0,44910.0,20528.0,18277.0,15985.0,19366.0,19901.0,27032.0,0.5636,0.4272,26000.0,32444.0,57042.0,54388.0,44387.0,60194.0,82112.0,0.7330719017926735,0.41315932385035076
241766,Puerto Rico Conservatory of Music,San Juan,PR,Public,Bachelor,cmpr.edu/,cmpr.edu/npcalc.htm,307,0.7835,12920.0,3370.0,3850.0,7260.0,7144.0,5875.0,8875.0,,,0.6154,0.2222,8875.0,,29023.0,25238.0,9910.0,19474.0,29040.0,0.6705922865013774,0.4126824931129476
233301,Randolph College,Lynchburg,VA,Private nonprofit,Bachelor,www.randolphcollege.edu/,www.randolphcollege.edu/financialaid/net-price-calculator/,658,0.9371,45040.0,30310.0,30310.0,15921.0,13048.0,13709.0,16290.0,18260.0,19590.0,0.4919,0.4036,26950.0,28483.0,50675.0,47139.0,39122.0,53409.0,63684.0,0.838656491426418,0.41253512813265497
180948,Chadron State College,Chadron,NE,Public,Bachelor,www.csc.edu/,www.csc.edu/ir/net-price-calculator/,1540,,21132.0,8290.0,8290.0,12549.0,10047.0,10090.0,12561.0,14674.0,16047.0,0.4402,0.3433,18875.0,41458.0,51820.0,50389.0,39139.0,47002.0,50196.0,0.9363694318272372,0.4121898238903498
181783,Wayne State College,Wayne,NE,Public,Bachelor,https://www.wsc.edu/,https://www.wsc.edu/net-price-calculator,3010,,22565.0,8216.0,8216.0,15360.0,12844.0,11698.0,13851.0,16841.0,18905.0,0.5377,0.3592,19000.0,42184.0,52406.0,48470.0,40857.0,47075.0,61440.0,0.7661946614583334,0.4119828694661458
120254,Occidental College,Los Angeles,CA,Private nonprofit,Bachelor,https://www.oxy.edu/,https://npc.collegeboard.org/app/occidental,1877,0.4417,84800.0,66274.0,66274.0,38263.0,20705.0,17655.0,21468.0,28033.0,54959.0,0.83,0.6779,23000.0,37306.0,68467.0,64966.0,52209.0,75951.0,153052.0,0.49624310691791024,0.4118817787418655
164216,Washington College,Chestertown,MD,Private nonprofit,Bachelor,www.washcoll.edu/,https://www.washcoll.edu/admissions/financial-aid/net_price_calculator/net_price_cal_short_code.html,891,0.5689,73314.0,55326.0,55326.0,27898.0,17804.0,22722.0,25068.0,26760.0,33980.0,0.7012,0.6149,26956.0,36345.0,58768.0,62222.0,48763.0,65518.0,111592.0,0.5871209405692164,0.41168920352713456
199333,Pitt Community College,Winterville,NC,Public,Associate,https://pittcc.edu/,https://pittcc.edu/net-price-calculator.html,5317,,15979.0,2580.0,8724.0,7337.0,6633.0,6796.0,8364.0,11556.0,15029.0,0.3239,0.2176,11977.0,38431.0,47389.0,44395.0,29104.0,37259.0,29348.0,1.2695584026168734,0.4112099666076053
445692,Neumont College of Computer Science,Salt Lake City,UT,Private for-profit,Bachelor,https://www.neumont.edu/,https://www.neumont.edu/net-price-calculator,453,0.8678,45890.0,27360.0,27360.0,35205.0,32906.0,33597.0,33991.0,38895.0,40388.0,0.5919,0.5476,,,,,77865.0,97827.0,140820.0,0.6946953557733276,0.4111901810822326
240754,University of Guam,Mangilao,GU,Public,Bachelor,https://www.uog.edu/,https://www.uog.edu/financial-aid/calculator,2515,,14961.0,6110.0,11414.0,8598.0,7105.0,7468.0,9639.0,11272.0,14692.0,0.3933,0.1195,16786.0,36505.0,,42073.0,28270.0,35946.0,34392.0,1.0451849267271458,0.41107123168178644
178624,Northwest Missouri State University,Maryville,MO,Public,Bachelor,https://www.nwmissouri.edu/,https://www.nwmissouri.edu/finaid/net-price-calculator/,4378,0.8609,24945.0,10611.0,17324.0,16244.0,13176.0,13447.0,13959.0,17423.0,20796.0,0.5576,0.4189,21500.0,40274.0,52213.0,49670.0,41695.0,47885.0,64976.0,0.7369644176311253,0.41093135927111546
172334,Spring Arbor University,Spring Arbor,MI,Private nonprofit,Bachelor,https://www.arbor.edu/,https://www.arbor.edu/admissions/undergraduate/undergraduate-tuition-aid/undergraduate-net-price-calculator/,1010,0.5152,44703.0,34014.0,34014.0,19353.0,14530.0,15697.0,16197.0,19358.0,21370.0,0.6139,0.4844,26375.0,41735.0,55203.0,50641.0,45592.0,51732.0,77412.0,0.6682684855061231,0.41025002325220894
236896,Walla Walla University,College Place,WA,Private nonprofit,Bachelor,https://www.wallawalla.edu/,https://npc.wallawalla.edu/,1252,,45903.0,34227.0,34227.0,23329.0,18675.0,20079.0,20776.0,24081.0,28760.0,0.6181,0.3159,26842.0,54314.0,68868.0,71100.0,52840.0,61885.0,93316.0,0.6631767328218098,0.4099095385571606
237057,Whitman College,Walla Walla,WA,Private nonprofit,Bachelor,www.whitman.edu/,https://www.whitman.edu/admission-and-aid/financial-aid-and-costs/net-price-calculator,1531,0.3815,78092.0,64050.0,64050.0,33313.0,13567.0,11596.0,21915.0,27237.0,47679.0,0.8074,0.6009,18437.0,30350.0,56804.0,58399.0,45594.0,67589.0,133252.0,0.5072269084141326,0.4095350058535707
173160,Bethel University,Saint Paul,MN,Private nonprofit,Bachelor,https://www.bethel.edu/,https://www.bethel.edu/undergrad/financial-aid/process/before-apply/estimate/,1871,0.878,58569.0,44226.0,44226.0,28556.0,22218.0,22279.0,20071.0,24963.0,33155.0,0.7326,0.625,21500.0,50679.0,70633.0,64670.0,55145.0,63764.0,114224.0,0.5582364476817482,0.40896402157164874
197133,Vassar College,Poughkeepsie,NY,Private nonprofit,Bachelor,www.vassar.edu/,https://npc.collegeboard.org/student/app/vassar,2444,0.1857,87419.0,71030.0,71030.0,39343.0,15953.0,14548.0,14126.0,25773.0,56615.0,0.9015,0.8406,18625.0,34993.0,61818.0,58396.0,49177.0,71366.0,157372.0,0.4534860076760796,0.40881763591998577
110413,California Lutheran University,Thousand Oaks,CA,Private nonprofit,Bachelor,www.callutheran.edu/,https://www.callutheran.edu/financial-aid/tuition-fees/net-price-calculator.html,2296,0.7567,68426.0,52560.0,52560.0,30109.0,22161.0,23668.0,24318.0,29303.0,38364.0,0.7164,0.6211,21669.0,43190.0,69695.0,66372.0,54981.0,68712.0,120436.0,0.5705270849247733,0.4087256036401076
193283,Mohawk Valley Community College,Utica,NY,Public,Associate,www.mvcc.edu/,www.mvcc.edu/institutional-effectiveness/student-consumer-info/net-price-calculator.php,2950,,16656.0,6218.0,8851.0,8987.0,6000.0,7190.0,10602.0,13405.0,16026.0,0.3687,0.2735,11000.0,32287.0,45913.0,43303.0,34414.0,39850.0,35948.0,1.1085456770891287,0.4087207911427618
213020,Indiana University of Pennsylvania-Main Campus,Indiana,PA,Public,Bachelor,www.iup.edu/,www.passhe.edu/answers/Calculator/IN/npcalc-213020.htm,6764,0.9077,26898.0,11380.0,16297.0,16804.0,12364.0,11851.0,14516.0,19722.0,21933.0,0.5384,0.3906,26798.0,40364.0,57450.0,54876.0,42278.0,51019.0,67216.0,0.7590305879552488,0.40866206855510595
236577,Seattle Pacific University,Seattle,WA,Private nonprofit,Bachelor,https://spu.edu/,https://spu.edu/undergraduate-admissions/scholarships-financial-aid/net-price-calculator,1762,0.834,56826.0,40407.0,40407.0,24488.0,20735.0,18559.0,19332.0,27976.0,29819.0,0.6205,0.4738,24000.0,44979.0,70115.0,67175.0,51496.0,64506.0,97952.0,0.658547043449853,0.40862844046063385
196200,SUNY College at Potsdam,Potsdam,NY,Public,Bachelor,www.potsdam.edu/,www.suny.edu/howmuch/netpricecalculator.xhtml,1823,0.777,25083.0,8768.0,18678.0,13624.0,8623.0,8684.0,14524.0,15513.0,20041.0,0.4652,0.328,24250.0,31231.0,49169.0,48847.0,39440.0,47866.0,54496.0,0.8783396946564885,0.40860362595419847
191630,Hobart William Smith Colleges,Geneva,NY,Private nonprofit,Bachelor,www.hws.edu/,https://hws.studentaidcalculator.com/survey.aspx,1786,0.6399,82602.0,65117.0,65117.0,31563.0,14650.0,12639.0,22108.0,23149.0,39740.0,0.7494,0.6007,27000.0,40668.0,70017.0,66994.0,62416.0,68831.0,126252.0,0.5451874029718341,0.4085634397870925
180522,Montana State University-Northern,Havre,MT,Public,Bachelor,www.msun.edu/,www.msun.edu/stuaffairs/finaid/tuitcalc.htm,761,,16578.0,6982.0,21875.0,12664.0,9940.0,9242.0,12451.0,16315.0,16578.0,0.4177,0.1818,18500.0,46222.0,60505.0,60389.0,45045.0,49505.0,50656.0,0.9772781111813014,0.4082090670404296
210401,Willamette University,Salem,OR,Private nonprofit,Bachelor,www.willamette.edu/,willamette.edu/offices/finaid/undergraduate-students/net-price-calculator/index.html,1592,0.7709,67501.0,51156.0,51156.0,25121.0,16182.0,16825.0,18225.0,22382.0,33794.0,0.7204,0.6218,21500.0,31274.0,54450.0,53960.0,38932.0,56911.0,100484.0,0.5663687751283787,0.40801206560248404
179566,Missouri State University-Springfield,Springfield,MO,Public,Bachelor,www.missouristate.edu/,https://missouristate.studentaidcalculator.com/welcome.aspx,13313,0.9053,25048.0,9502.0,18770.0,17613.0,13718.0,13529.0,14905.0,18770.0,20576.0,0.5761,0.4113,21992.0,38092.0,53058.0,51130.0,40553.0,49827.0,70452.0,0.7072474876511667,0.4074452776358371
225371,Hill College,Hillsboro,TX,Public,Associate,https://www.hillcollege.edu/,https://www.hillcollege.edu/Admissions_Aid/FinancialAid/NetPriceCalc.html,2253,,13417.0,3570.0,3570.0,7577.0,4906.0,5422.0,7237.0,10422.0,12864.0,0.3115,0.2421,10000.0,29485.0,43521.0,40163.0,32356.0,39572.0,30308.0,1.3056618714530817,0.40671367295763494
203845,Marietta College,Marietta,OH,Private nonprofit,Bachelor,https://kad007@marietta.edu/,https://www.shoppingsheet.com/Shopping/Landing/marietta,952,0.7931,53709.0,39652.0,39652.0,21083.0,18254.0,17191.0,18547.0,20084.0,25570.0,0.5994,0.4899,27000.0,42448.0,64527.0,62638.0,51252.0,57180.0,84332.0,0.6780344353270408,0.40641384053502827
230807,Westminster University,Salt Lake City,UT,Private nonprofit,Bachelor,www.westminstercollege.edu/,www.westminstercollege.edu/net-price-calculator,823,0.6657,57616.0,43528.0,43528.0,27094.0,22972.0,24138.0,21768.0,25316.0,30417.0,0.6633,0.5313,22250.0,49080.0,72401.0,64576.0,52994.0,66215.0,108376.0,0.6109747545582047,0.4052595546984572
177339,Evangel University,Springfield,MO,Private nonprofit,Bachelor,www.evangel.edu/,www.evangel.edu/financial-aid-and-scholarships/net-price-calculator/,1229,0.7161,39956.0,28548.0,28548.0,18669.0,16198.0,13584.0,16635.0,19210.0,21290.0,0.6491,0.5215,24736.0,36453.0,46593.0,44610.0,39332.0,46573.0,74676.0,0.6236675772671273,0.40482262440409233
236595,Seattle University,Seattle,WA,Private nonprofit,Bachelor,www.seattleu.edu/,www.seattleu.edu/undergraduate-admissions/finances/calculator/,4062,0.7692,72124.0,56721.0,56721.0,34662.0,22896.0,24523.0,26977.0,36967.0,42737.0,0.7448,0.6695,19883.0,53941.0,79426.0,79122.0,64656.0,75272.0,138648.0,0.5429000057700075,0.4043519242975016
155025,Emporia State University,Emporia,KS,Public,Bachelor,www.emporia.edu/,www.emporia.edu/financial-aid/financial-information-consumers/net-price-calculator-tool/,2239,0.9771,21967.0,7106.0,15419.0,16261.0,11452.0,11905.0,14229.0,18994.0,19531.0,0.5524,0.4055,19500.0,44153.0,53751.0,50287.0,41389.0,47601.0,65044.0,0.7318276858741775,0.4042616136768956
205957,Franciscan University of Steubenville,Steubenville,OH,Private nonprofit,Bachelor,www.franciscan.edu/,tcc.ruffalonl.com/Franciscan University of Steubenville/Franciscan University Net Price Calculator,2901,0.5836,44580.0,34100.0,34100.0,23589.0,19696.0,18616.0,20288.0,20744.0,25675.0,0.762,0.6465,23384.0,37285.0,49762.0,49632.0,42037.0,50030.0,94356.0,0.5302259527745983,0.4040321760142439
150756,Hanover College,Hanover,IN,Private nonprofit,Bachelor,www.hanover.edu/,https://npc.collegeboard.org/student/app/hanover,1031,0.837,58821.0,44638.0,44638.0,21829.0,16832.0,18773.0,16944.0,23824.0,27030.0,0.6538,0.6264,25250.0,36061.0,56221.0,49827.0,42876.0,53957.0,87316.0,0.6179508910165377,0.40401629254661237
218025,Florence-Darlington Technical College,Florence,SC,Public,Associate,https://www.fdtc.edu/,https://www.fdtc.edu/apps/net-price-calculator/,3055,,10731.0,4636.0,6772.0,2004.0,1589.0,1913.0,2414.0,3783.0,6708.0,0.2466,0.2534,12250.0,31645.0,44978.0,41201.0,27042.0,32748.0,8016.0,1.6374,0.40378284000000003
215947,Seton Hill University,Greensburg,PA,Private nonprofit,Bachelor,www.setonhill.edu/,https://www.setonhill.edu/tuition-financial-aid/financial-aid-process-policies/estimated-costs/,1492,0.7953,56183.0,42944.0,42944.0,22204.0,15143.0,13436.0,17823.0,21993.0,27764.0,0.6927,0.5692,27000.0,37278.0,53942.0,51187.0,43700.0,51748.0,88816.0,0.5826427670689965,0.4035966447486939
239716,Saint Norbert College,De Pere,WI,Private nonprofit,Bachelor,www.snc.edu/,https://www.snc.edu/affordability/net-price-calculator.html,1662,0.8574,59422.0,45580.0,45580.0,26172.0,19721.0,21811.0,21918.0,23332.0,29888.0,0.7234,0.6694,26731.0,43956.0,58944.0,54386.0,49775.0,58363.0,104688.0,0.5574946507718173,0.40329163036833265
217776,Southern Wesleyan University,Central,SC,Private nonprofit,Bachelor,www.swu.edu/,www.swu.edu/campus/financial-aid/net-price-calculator/,747,0.9953,39914.0,29800.0,29800.0,15464.0,14084.0,14218.0,14230.0,14899.0,17381.0,0.522,0.5026,26000.0,39048.0,52228.0,45969.0,41489.0,47756.0,61856.0,0.7720512157268494,0.4030107346094154
149727,Waubonsee Community College,Sugar Grove,IL,Public,Associate,https://www.waubonsee.edu/,https://www.waubonsee.edu/admissions/costs-and-payments/net-price-calculator,5721,,19336.0,3504.0,10477.0,11442.0,7360.0,8641.0,11806.0,16173.0,18171.0,0.4116,0.1989,7000.0,37138.0,51678.0,47133.0,39016.0,44788.0,45768.0,0.9785876595000874,0.402786680650236
191339,Genesee Community College,Batavia,NY,Public,Associate,https://www.genesee.edu/,https://www.genesee.edu/pay-for-college/tuition-and-fees/#SUNY-Net-Price-Calculator,1973,,15959.0,5900.0,6500.0,8334.0,4635.0,5900.0,9715.0,13186.0,15098.0,0.3381,0.2284,11622.0,37060.0,48414.0,42617.0,34915.0,39674.0,33336.0,1.1901247900167986,0.4023811915046796
173920,Minnesota State University-Mankato,Mankato,MN,Public,Bachelor,https://mnsu.edu/,mnsu.edu/university-life/campus-services/campushub/know-your-costs/net-price-calcuator/,11703,0.8844,23995.0,9572.0,18942.0,19139.0,12339.0,12750.0,15137.0,18921.0,22798.0,0.5403,0.3518,21106.0,49152.0,64235.0,60941.0,50098.0,56922.0,76556.0,0.743534144939652,0.40173149851089396
228246,Southern Methodist University,Dallas,TX,Private nonprofit,Bachelor,https://www.smu.edu/,https://www.smu.edu/EnrollmentServices/FinancialAid/NetPriceCalculator,7277,0.6335,85606.0,67040.0,67040.0,40892.0,23544.0,20038.0,24152.0,33477.0,58213.0,0.8378,0.7621,19500.0,67114.0,95051.0,86158.0,65556.0,78354.0,163568.0,0.47903012814242396,0.4013314413577228
138600,Agnes Scott College,Decatur,GA,Private nonprofit,Bachelor,www.agnesscott.edu/,https://www.collegenpc.com/AgnesScottCollege,836,0.6215,63283.0,50604.0,50604.0,24754.0,21467.0,21956.0,23697.0,25194.0,30054.0,0.7061,0.6389,26749.0,22347.0,52746.0,50787.0,41382.0,56274.0,99016.0,0.5683323907247314,0.4012995010907328
169521,Delta College,University Center,MI,Public,Associate,https://www.delta.edu/,https://apps.delta.edu/NetPriceCalc/npcalc.htm,6573,,13541.0,4820.0,7880.0,4547.0,2819.0,2237.0,5500.0,8199.0,11755.0,0.2124,0.1397,10978.0,46967.0,52169.0,47347.0,31651.0,37781.0,18188.0,1.88905,0.40123422
121707,College of the Redwoods,Eureka,CA,Public,Associate,https://www.redwoods.edu/,https://www.redwoods.edu/services/fa/costs.php,3829,,15504.0,1198.0,8854.0,6904.0,5940.0,6486.0,8836.0,11967.0,13192.0,0.3057,0.1086,8080.0,38055.0,37636.0,40720.0,31896.0,36243.0,27616.0,1.3123913673232908,0.40119804099073003
228149,St. Mary's University,San Antonio,TX,Private nonprofit,Bachelor,www.stmarytx.edu/,www.stmarytx.edu/admission/financial-aid/net-price-calculator/,1951,0.9776,47999.0,37434.0,37434.0,21145.0,18352.0,21470.0,20553.0,22331.0,24649.0,0.5956,0.489,25563.0,39558.0,58545.0,57112.0,44130.0,56955.0,84580.0,0.6733861432962875,0.4010687869472689
173559,Minnesota State Community and Technical College,Fergus Falls,MN,Public,Associate,www.minnesota.edu/,www.minnesota.edu/net-price-calculator,2942,,17194.0,5908.0,5908.0,12556.0,9111.0,9741.0,11208.0,14279.0,16081.0,0.4415,0.3866,12000.0,43801.0,54581.0,51050.0,41829.0,45591.0,50224.0,0.9077532653711373,0.40077306666135715
204857,Ohio University-Main Campus,Athens,OH,Public,Bachelor,https://www.ohio.edu/,https://npc.collegeboard.org/app/ohio,19633,0.8499,30586.0,14158.0,24838.0,21637.0,15673.0,15160.0,19078.0,23689.0,24492.0,0.6595,0.5003,21056.0,53614.0,70528.0,65965.0,48991.0,52581.0,86548.0,0.6075357027314323,0.4006697959513796
199999,Winston-Salem State University,Winston-Salem,NC,Public,Bachelor,https://www.wssu.edu/,https://www.wssu.edu/net-price-calculator/npcalc.htm,4170,0.7826,23147.0,6126.0,16782.0,13479.0,11463.0,12412.0,14681.0,18813.0,21405.0,0.4761,0.3004,25000.0,41957.0,56396.0,55548.0,40557.0,45344.0,53916.0,0.841011944506269,0.4004057867794347
146481,Lake Forest College,Lake Forest,IL,Private nonprofit,Bachelor,www.lakeforest.edu/,www.lakeforest.edu/admissions/financial-aid/financial-aid-for-new-students/net-price-calculator,1813,0.5681,70655.0,56402.0,56402.0,28673.0,19605.0,20210.0,21481.0,26055.0,35341.0,0.7426,0.6977,26158.0,38437.0,62893.0,61366.0,51324.0,61825.0,114692.0,0.5390524186516932,0.4003003260907474
204909,Ohio Wesleyan University,Delaware,OH,Private nonprofit,Bachelor,https://www.owu.edu/,https://owu.studentaidcalculator.com/survey.aspx,1516,0.556,68424.0,53888.0,53888.0,20897.0,15412.0,10706.0,13339.0,18031.0,30036.0,0.6015,0.51,27000.0,33162.0,54483.0,52040.0,42495.0,55624.0,83588.0,0.6654543714408767,0.4002708044216874
196130,SUNY Buffalo State University,Buffalo,NY,Public,Bachelor,https://suny.buffalostate.edu/,https://financialaid.buffalostate.edu/net-price-calculator,5097,0.7295,24279.0,8533.0,19653.0,11346.0,7405.0,9393.0,14706.0,17155.0,19332.0,0.347,0.228,21028.0,35096.0,53203.0,50369.0,40877.0,52334.0,45384.0,1.1531376696633175,0.40013877137317116
166647,Massachusetts Bay Community College,Wellesley Hills,MA,Public,Associate,https://www.massbay.edu/,https://www.massbay.edu/finance/tuition-calculator,3837,,14185.0,5856.0,10800.0,7169.0,6206.0,5813.0,7685.0,9767.0,13317.0,0.2177,0.0737,6500.0,42083.0,56076.0,52285.0,37504.0,52654.0,28676.0,1.8361696191937509,0.3997341260984796
228875,Texas Christian University,Fort Worth,TX,Private nonprofit,Bachelor,https://www.tcu.edu/,https://financialaid.tcu.edu/cost/net-price-calculator.php,11026,0.4449,76604.0,61740.0,61740.0,36660.0,17956.0,16980.0,17940.0,34990.0,53450.0,0.856,0.7392,21500.0,56818.0,76188.0,69108.0,60435.0,68424.0,146640.0,0.4666121112929624,0.3994199672667758
126580,University of Colorado Colorado Springs,Colorado Springs,CO,Public,Bachelor,https://www.uccs.edu/,https://ir.uccs.edu/institutionaldata/net-price-calculators,8697,0.9735,24595.0,10149.0,24336.0,15788.0,12065.0,11642.0,12104.0,18388.0,22142.0,0.4613,0.2817,20000.0,44402.0,62980.0,58557.0,45766.0,54659.0,63152.0,0.8655149480618191,0.3992620455409171
153320,Faith Baptist Bible College and Theological Seminary,Ankeny,IA,Private nonprofit,Bachelor,https://faith.edu/,https://faith.edu/net-price-calculator/,405,0.6752,32722.0,20270.0,20270.0,16282.0,14121.0,14439.0,16036.0,17612.0,19580.0,0.6395,0.5833,12971.0,26513.0,35449.0,32128.0,33372.0,40650.0,65128.0,0.6241555091512099,0.3991474481021987
174020,Metropolitan State University,Saint Paul,MN,Public,Bachelor,www.metrostate.edu/,www.minnstate.edu/admissions/calculator/metrostate.html,5616,0.9871,25172.0,9840.0,9840.0,16863.0,15238.0,16656.0,16659.0,18994.0,21905.0,0.4159,0.2714,17100.0,53416.0,67658.0,63739.0,54828.0,64705.0,67452.0,0.9592747435213189,0.39896236583051653
213507,Lebanon Valley College,Annville,PA,Private nonprofit,Bachelor,www.lvc.edu/,www.collegenpc.com/LebanonValleyCollege,1684,0.8377,66497.0,52080.0,52080.0,26979.0,20788.0,21773.0,22266.0,26236.0,31533.0,0.6871,0.5812,27000.0,45004.0,63570.0,61999.0,54021.0,62621.0,107916.0,0.5802753993847066,0.3987072269172319
160612,Southeastern Louisiana University,Hammond,LA,Public,Bachelor,https://www.southeastern.edu/,https://www.southeastern.edu/admin/fin_aid/cost/net_price_calculator/index.html,9514,0.9931,23604.0,8373.0,20851.0,13154.0,10507.0,10309.0,12380.0,16672.0,18184.0,0.451,0.2627,22113.0,40676.0,50215.0,48649.0,37124.0,46482.0,52616.0,0.8834194921696822,0.39842219096852666
234030,Virginia Commonwealth University,Richmond,VA,Public,Bachelor,https://www.vcu.edu/,https://sfs.vcu.edu/tuition-and-fees/estimate-your-tuition-and-fees/,20753,0.9262,38954.0,16945.0,40109.0,23433.0,17512.0,17777.0,20925.0,24691.0,32739.0,0.6423,0.4559,21500.0,41934.0,64703.0,61414.0,47161.0,58128.0,93732.0,0.620151069005249,0.3983230316220714
177995,Metropolitan Community College-Kansas City,Kansas City,MO,Public,Associate,www.mcckc.edu/,mcckc.edu/CostCalculator,10649,,14665.0,3630.0,9600.0,8398.0,7279.0,7449.0,9621.0,10667.0,13171.0,0.3277,0.2038,10073.0,39252.0,50121.0,48385.0,35026.0,40796.0,33592.0,1.214455822814956,0.3979771731364611
198561,Gardner-Webb University,Boiling Springs,NC,Private nonprofit,Bachelor,www.gardner-webb.edu/,https://gardner-webb.edu/admissions-aid/financial-aid/,1856,0.7721,47091.0,34760.0,34760.0,17674.0,15304.0,14594.0,13769.0,15946.0,22438.0,0.5855,0.4785,24222.0,45413.0,60516.0,52632.0,43996.0,48039.0,70696.0,0.6795151069367432,0.3978560951114632
161554,University of Southern Maine,Portland,ME,Public,Bachelor,usm.maine.edu/,usm.maine.edu/student-financial-services/net-price-calculator,4222,0.7923,23717.0,11284.0,27944.0,13596.0,9999.0,10847.0,12550.0,16750.0,19180.0,0.4329,0.2552,19060.0,47251.0,60816.0,56117.0,47107.0,49958.0,54384.0,0.9186157693439246,0.397668766548985
150941,Huntington University,Huntington,IN,Private nonprofit,Bachelor,www.huntington.edu/,https://www.huntington.edu/financial-aid,1082,0.7564,42157.0,31870.0,31870.0,19310.0,10796.0,13006.0,14899.0,23155.0,27226.0,0.6579,0.6276,25576.0,38698.0,52242.0,44818.0,40702.0,46672.0,77240.0,0.6042465044018643,0.3975337752459866
139940,Georgia State University,Atlanta,GA,Public,Bachelor,www.gsu.edu/,admissions.gsu.edu/cost-calculator/,26623,0.5544,28241.0,8664.0,24840.0,15931.0,13787.0,14430.0,16656.0,19390.0,20305.0,0.5337,0.3297,20903.0,37719.0,58898.0,56218.0,37844.0,47384.0,63724.0,0.7435816960642772,0.39684955118950466
221892,Trevecca Nazarene University,Nashville,TN,Private nonprofit,Bachelor,https://www.trevecca.edu/,https://www.trevecca.edu/admissions/financial-aid/net-price-calculator,1737,0.6944,41548.0,31300.0,31300.0,16813.0,14532.0,13643.0,15420.0,17779.0,20725.0,0.5402,0.4137,18744.0,43262.0,64175.0,51045.0,46065.0,49378.0,67252.0,0.7342235175162077,0.39662754416225543
219471,University of South Dakota,Vermillion,SD,Public,Bachelor,https://www.usd.edu/,https://www.usd.edu/Admissions-and-Aid/Tuition-and-Costs/Net-Cost-Calculator,5439,0.9878,24422.0,9432.0,12942.0,19858.0,14921.0,15942.0,18540.0,21202.0,22193.0,0.6064,0.4735,23592.0,49835.0,62334.0,59693.0,46290.0,51926.0,79432.0,0.6537163863430355,0.3964136166784168
219976,Lipscomb University,Nashville,TN,Private nonprofit,Bachelor,https://www.lipscomb.edu/,https://www.lipscomb.edu/admissions/cost-financial-aid/resources/net-price-calculator,2997,0.6773,55117.0,40572.0,40572.0,24739.0,20048.0,20009.0,24124.0,25210.0,31265.0,0.7046,0.6248,19500.0,45943.0,63007.0,60793.0,50454.0,55541.0,98956.0,0.561269655200291,0.39547059905412507
165866,Framingham State University,Framingham,MA,Public,Bachelor,www.framingham.edu/,https://npc.collegeboard.org/app/framingham,2566,0.8361,27413.0,11920.0,18000.0,16114.0,11934.0,12233.0,13879.0,18551.0,21962.0,0.4867,0.3582,25000.0,43743.0,61569.0,59034.0,46611.0,52349.0,64456.0,0.812166439121261,0.39528140592031774
150677,Grace College and Theological Seminary,Winona Lake,IN,Private nonprofit,Bachelor,www.grace.edu/,https://www.grace.edu/admissions/undergraduate-admissions/financial-aid-scholarships/net-price-calculator/,1464,0.8215,41838.0,31200.0,31200.0,19932.0,10998.0,12459.0,17103.0,22963.0,26884.0,0.6937,0.6593,19500.0,39167.0,49126.0,43604.0,41463.0,45411.0,79728.0,0.5695740517760385,0.3951135197170379
173300,Concordia College at Moorhead,Moorhead,MN,Private nonprofit,Bachelor,https://www.concordiacollege.edu/,https://www.concordiacollege.edu/tuition-aid/net-price-calculator/,1829,0.6265,45942.0,31170.0,31170.0,24902.0,20950.0,18889.0,20115.0,23045.0,28435.0,0.6632,0.4463,26847.0,45161.0,56802.0,55336.0,48225.0,59317.0,99608.0,0.5955043771584612,0.39493850293149146
123651,Vanguard University of Southern California,Costa Mesa,CA,Private nonprofit,Bachelor,https://www.vanguard.edu/,https://www.vanguard.edu/admissions/net-price-calculator,1933,0.6244,52665.0,41700.0,41700.0,21241.0,17225.0,18462.0,18976.0,24117.0,27684.0,0.5633,0.5153,22000.0,69240.0,65874.0,58441.0,43464.0,59541.0,84964.0,0.7007791535238453,0.3947488971799821
233426,Roanoke College,Salem,VA,Private nonprofit,Bachelor,https://www.roanoke.edu/,https://admapp.roanoke.edu/netcalc,1767,0.8306,54283.0,38068.0,38068.0,24503.0,15204.0,17410.0,18638.0,15902.0,30087.0,0.6664,0.599,27000.0,36855.0,56840.0,57142.0,45330.0,58047.0,98012.0,0.5922438068807901,0.39467127290535853
164173,Stevenson University,Owings Mills,MD,Private nonprofit,Bachelor,www.stevenson.edu/,www.stevenson.edu/admissions-aid/scholarships-financial-aid/net-price-calculator/,3102,0.7891,58394.0,40560.0,40560.0,26505.0,15894.0,20935.0,26937.0,29277.0,31892.0,0.6739,0.6086,26000.0,51403.0,66853.0,67174.0,54574.0,62079.0,106020.0,0.5855404640633842,0.39459571873231464
151786,Marian University,Indianapolis,IN,Private nonprofit,Bachelor,www.marian.edu/,www.marian.edu/admissions/tuition-and-fees/net-price-calculator,2266,0.9546,56258.0,40664.0,40664.0,24018.0,23195.0,19896.0,21690.0,26092.0,26671.0,0.6444,0.4882,27000.0,61718.0,72150.0,64193.0,55704.0,58759.0,96072.0,0.6116142060121575,0.3941241943542343
152530,Taylor University,Upland,IN,Private nonprofit,Bachelor,https://www.taylor.edu/,https://www.taylor.edu/admissions/tuition-funding/net-price-calculator,2025,0.7353,53405.0,40490.0,40490.0,24865.0,16143.0,17262.0,18100.0,23504.0,30050.0,0.7508,0.6641,20500.0,39248.0,51779.0,51838.0,45142.0,52198.0,99460.0,0.524813995576111,0.39403034787854413
130226,Quinnipiac University,Hamden,CT,Private nonprofit,Bachelor,www.qu.edu/,https://www.qu.edu/paying-for-college/undergraduate/costs-and-budgets/net-price-calculator/,6531,0.7215,72215.0,55480.0,55480.0,40675.0,33649.0,35827.0,36507.0,39096.0,42891.0,0.765,0.7142,26000.0,56569.0,84363.0,79421.0,65744.0,83759.0,162700.0,0.5148063921327597,0.3938268899815612
142294,The College of Idaho,Caldwell,ID,Private nonprofit,Bachelor,www.collegeofidaho.edu/,https://www.collegeofidaho.edu/admission-aid/cost/net-price-calculator,1041,0.491,50542.0,37845.0,37845.0,19481.0,14026.0,16218.0,17773.0,19729.0,23095.0,0.633,0.5795,24500.0,32139.0,52628.0,49796.0,42097.0,48473.0,77924.0,0.6220548226477081,0.3937607027359992
219383,University of Sioux Falls,Sioux Falls,SD,Private nonprofit,Bachelor,www.usiouxfalls.edu/,https://apps.usiouxfalls.edu/npc?ref=fa,1218,0.8289,34274.0,21750.0,21750.0,21383.0,18145.0,17804.0,17992.0,21375.0,24038.0,0.6177,0.4915,23249.0,48907.0,58903.0,57154.0,46712.0,54521.0,85532.0,0.6374339428517981,0.3937429464995557
153108,Central College,Pella,IA,Private nonprofit,Bachelor,www.central.edu/,www.central.edu/financial-aid/net-price-calculator/,1070,0.8617,37773.0,20988.0,20988.0,23377.0,16231.0,16237.0,19532.0,21936.0,27165.0,0.6778,0.5683,26984.0,41714.0,55693.0,51385.0,49115.0,54317.0,93508.0,0.580880780254096,0.3937209928562262
220400,Jackson State Community College,Jackson,TN,Public,Associate,www.jscc.edu/,www.jscc.edu/calculator/,2511,,15183.0,4740.0,17724.0,6236.0,5847.0,5426.0,7485.0,9080.0,,0.2788,0.1532,,42560.0,48313.0,46853.0,32274.0,35224.0,24944.0,1.412123155869147,0.39369993585631813
203535,Kenyon College,Gambier,OH,Private nonprofit,Bachelor,https://www.kenyon.edu/,www.kenyon.edu/admissions-aid/financial-aid-scholarships/estimate-financial-aid/,1732,0.3103,87590.0,71520.0,71520.0,38512.0,18242.0,26319.0,19156.0,23757.0,51432.0,0.8436,0.6599,18527.0,30779.0,57786.0,54810.0,46627.0,71830.0,154048.0,0.4662832363938513,0.39335653822185296
186584,Seton Hall University,South Orange,NJ,Private nonprofit,Bachelor,https://www.shu.edu/,https://www.shu.edu/undergraduate-admissions/cost-calculator.html,6036,0.7326,68263.0,53170.0,53170.0,31446.0,19623.0,21869.0,27194.0,36516.0,41783.0,0.7046,0.6398,22750.0,54409.0,76919.0,76204.0,60291.0,70196.0,125784.0,0.5580677987661388,0.3932145710106214
179557,Southeast Missouri State University,Cape Girardeau,MO,Public,Bachelor,https://www.semo.edu/,https://tcc.ruffalonl.com/Southeast Missouri State University/Freshman-Students,6373,0.7352,25177.0,9903.0,9903.0,15882.0,12704.0,13342.0,15338.0,17395.0,21267.0,0.5673,0.408,21500.0,38184.0,51502.0,49147.0,38150.0,44030.0,63528.0,0.6930802165974058,0.3931844068757083
153472,Indian Hills Community College,Ottumwa,IA,Public,Associate,https://www.indianhills.edu/,https://www.indianhills.edu/payingforcollege/netprice/npcalc.htm,1495,,17791.0,5040.0,6120.0,10693.0,9561.0,8407.0,10960.0,12515.0,15397.0,0.4151,0.3541,10500.0,39862.0,50322.0,47826.0,38540.0,40507.0,42772.0,0.9470447956607126,0.39311829467876186
174899,The College of Saint Scholastica,Duluth,MN,Private nonprofit,Bachelor,www.css.edu/,www.css.edu/admissions-and-aid/financial-aid/forms-and-resources/net-price-calculator/,1765,0.9296,55103.0,41778.0,41778.0,27846.0,14433.0,20420.0,23562.0,26047.0,36051.0,0.664,0.6146,20000.0,64303.0,75595.0,72324.0,62332.0,65934.0,111384.0,0.5919521654815773,0.3930562378797673
228158,South Plains College,Levelland,TX,Public,Associate,www.southplainscollege.edu/,www.collegeforalltexans.com/apps/CollegeMoney/,6005,,13784.0,2731.0,5155.0,6791.0,5394.0,5369.0,8721.0,12059.0,13314.0,0.2586,0.1774,10500.0,30401.0,45944.0,42595.0,35025.0,41276.0,27164.0,1.5195111176557208,0.3929455750257694
174358,Minnesota State University Moorhead,Moorhead,MN,Public,Bachelor,https://www.mnstate.edu/,https://www.mnstate.edu/cost-aid/net-price-calculator/,3072,0.5876,25197.0,10428.0,10428.0,17997.0,11129.0,11547.0,13907.0,18644.0,22420.0,0.5595,0.4038,20000.0,44449.0,55083.0,53486.0,45873.0,50527.0,71988.0,0.7018808690337278,0.3927023462243707
214759,Pennsylvania State University-Penn State Fayette- Eberly,Lemont Furnace,PA,Public,Bachelor,https://fayette.psu.edu/,https://tuition.psu.edu/student-tuition-calculators,402,0.9547,25154.0,14408.0,24134.0,14596.0,9445.0,8574.0,11644.0,13165.0,22545.0,0.3614,0.2952,25000.0,54468.0,76659.0,72964.0,55620.0,63435.0,58384.0,1.0865134283365305,0.39266595300082213
206525,Wittenberg University,Springfield,OH,Private nonprofit,Bachelor,www.wittenberg.edu/,www.wittenberg.edu/admission/facalc,1215,0.7235,57799.0,45940.0,45940.0,18649.0,17609.0,16328.0,17197.0,19178.0,25058.0,0.5328,0.4793,27000.0,37912.0,54622.0,53766.0,42437.0,54947.0,74596.0,0.736594455466781,0.392457525872701
192749,Manhattanville University,Purchase,NY,Private nonprofit,Bachelor,https://www.mville.edu/,https://www.mville.edu/admissions-and-aid/financial-aid/net-price-calculator.php,1362,0.8734,53499.0,44604.0,44604.0,20991.0,13548.0,15131.0,18072.0,23287.0,27319.0,0.5601,0.5077,25000.0,37289.0,68011.0,58230.0,45056.0,58832.0,83964.0,0.7006812443428135,0.39245156495640987
198552,Forsyth Technical Community College,Winston-Salem,NC,Public,Associate,https://www.forsythtech.edu/,https://www.forsythtech.edu/static/netpricecalculator/npcalc.htm,7113,,14101.0,2276.0,6884.0,7200.0,6292.0,6955.0,7827.0,10834.0,12993.0,0.3307,0.2272,10000.0,39115.0,48625.0,44959.0,30285.0,34139.0,28800.0,1.1853819444444444,0.39200580902777776
204024,Miami University-Oxford,Oxford,OH,Public,Bachelor,miamioh.edu/,miamioh.edu/onestop/paying-for-college/costs/net-price-calculators/index.html,16656,0.754,38757.0,18161.0,41221.0,28384.0,16015.0,18193.0,23806.0,29048.0,31431.0,0.808,0.7033,23000.0,49538.0,70785.0,65273.0,49773.0,55076.0,113536.0,0.4850972378804961,0.39195856820744085
213996,Messiah University,Mechanicsburg,PA,Private nonprofit,Bachelor,www.messiah.edu/,www.messiah.edu/info/21387/net_price_calculator,2259,0.7897,55875.0,42240.0,42240.0,26502.0,19393.0,20317.0,20916.0,23574.0,31847.0,0.7683,0.7048,25621.0,45768.0,58620.0,54275.0,50192.0,54064.0,106008.0,0.5099992453399743,0.39183242019470227
235422,Heritage University,Toppenish,WA,Private nonprofit,Bachelor,www.heritage.edu/,www.heritage.edu/net-price-calculator.htm,812,,31209.0,20928.0,20928.0,14598.0,15114.0,12383.0,14119.0,17053.0,20749.0,0.463,0.2418,14573.0,41593.0,62898.0,60934.0,47001.0,49416.0,58392.0,0.8462803123715578,0.39182778462803125
218645,University of South Carolina Aiken,Aiken,SC,Public,Bachelor,https://www.usca.edu/,https://ie.usca.edu/NetPrice/npcalc.htm,2962,0.7854,21540.0,10760.0,21218.0,11641.0,8987.0,8435.0,11440.0,16046.0,17502.0,0.3998,0.2325,24275.0,41170.0,53299.0,50627.0,39689.0,45603.0,46564.0,0.9793617386822437,0.39154882312516104
125727,Westmont College,Santa Barbara,CA,Private nonprofit,Bachelor,www.westmont.edu/,www.westmont.edu/a/net-price-calculator.html,1302,0.7705,71150.0,53584.0,53584.0,29053.0,20899.0,15492.0,19867.0,24524.0,38124.0,0.7022,0.6395,23250.0,37671.0,64044.0,61349.0,53737.0,64778.0,116212.0,0.5574123154235363,0.3914149278904072
201885,University of Cincinnati-Main Campus,Cincinnati,OH,Public,Bachelor,www.uc.edu/,https://uc.studentaidcalculator.com/survey.aspx,29882,0.8529,32171.0,13976.0,29310.0,25648.0,17974.0,18092.0,22492.0,27596.0,29616.0,0.7325,0.4218,21250.0,53819.0,72188.0,63845.0,48310.0,54810.0,102592.0,0.5342521834061136,0.3913397243449782
186283,Rider University,Lawrenceville,NJ,Private nonprofit,Bachelor,www.rider.edu/,https://www.rider.edu/tuition-aid/financial-aid/net-price-calculator,3106,0.7864,55967.0,41120.0,41120.0,24792.0,15824.0,18090.0,22119.0,28445.0,31574.0,0.6237,0.5359,26130.0,45376.0,63250.0,60862.0,51289.0,62208.0,99168.0,0.6272991287512101,0.39124646660212975
191241,Fordham University,Bronx,NY,Private nonprofit,Bachelor,https://www.fordham.edu/,https://www.fordham.edu/undergraduate-financial-aid/financing-your-fordham-education/net-price-calculator/,10512,0.5931,82762.0,64915.0,64915.0,44338.0,32474.0,31657.0,37313.0,42030.0,52228.0,0.8109,0.76,24300.0,51779.0,84203.0,81207.0,68008.0,85569.0,177352.0,0.48248116739591324,0.391243978641346
196264,Empire State University,Saratoga Springs,NY,Public,Bachelor,www.sunyempire.edu/,www.sunyempire.edu/tuition-financial-aid/tuition-rates/net-price-calculator/,7585,,19699.0,7648.0,17558.0,11676.0,8989.0,10507.0,14812.0,16481.0,19679.0,0.3377,0.284,18730.0,52821.0,63250.0,60241.0,50167.0,54080.0,46704.0,1.157930798218568,0.39103323055841044
102614,University of Alaska Fairbanks,Fairbanks,AK,Public,Bachelor,www.uaf.edu/,uaf.edu/finaid/costs/net-price-calculator.php,4207,,22407.0,8736.0,22320.0,10892.0,7992.0,6065.0,11323.0,15526.0,17512.0,0.3486,0.2538,20291.0,48072.0,67252.0,58051.0,40746.0,48866.0,43568.0,1.1216030113845024,0.39099080976863754
167376,Northern Essex Community College,Haverhill,MA,Public,Associate,www.necc.mass.edu/,www.necc.mass.edu/afford/tuition-costs/estimating-costs/net-price-calculator/,3685,,13201.0,6732.0,12516.0,6046.0,5256.0,4728.0,6211.0,6628.0,12476.0,0.2205,0.0925,9000.0,40197.0,52743.0,48978.0,36235.0,42862.0,24184.0,1.7723288124379755,0.3907985031425736
167288,Massachusetts College of Liberal Arts,North Adams,MA,Public,Bachelor,https://www.mcla.edu/,https://www.mcla.edu/admission-aid/paying-for-college/financial-aid/calculator_2023.inc,713,0.8974,26026.0,12436.0,21381.0,16068.0,9845.0,10762.0,13250.0,15958.0,22698.0,0.5221,0.463,23750.0,35271.0,48835.0,46580.0,36803.0,48102.0,64272.0,0.7484129947722181,0.39074642457057507
185572,Monmouth University,West Long Branch,NJ,Private nonprofit,Bachelor,https://www.monmouth.edu/,https://monmouth.studentaidcalculator.com/survey.aspx,3684,0.8902,62904.0,46552.0,46552.0,30988.0,18924.0,19404.0,25331.0,33773.0,39015.0,0.7111,0.6457,27000.0,44022.0,68968.0,65295.0,55825.0,67991.0,123952.0,0.5485268491028785,0.3900574423970569
195809,St. John's University-New York,Queens,NY,Private nonprofit,Bachelor,www.stjohns.edu/,apply.stjohns.edu/register/npc?token=RINYVbexS5VOyxhnL4TgsxAT-H8-04ZTZzaikRtfabo,9477,0.8343,65527.0,53020.0,53020.0,29999.0,27787.0,27654.0,29280.0,32208.0,33661.0,0.6724,0.5192,25000.0,44105.0,77868.0,71559.0,54189.0,69571.0,119996.0,0.5797776592553086,0.3898424980832695
176035,Mississippi University for Women,Columbus,MS,Public,Bachelor,https://www.muw.edu/,https://app.meadowfi.com/the_w,1605,0.9031,22225.0,8492.0,8492.0,12411.0,10676.0,10434.0,13037.0,17060.0,19285.0,0.4194,0.328,15000.0,48726.0,62987.0,59745.0,47458.0,46128.0,49644.0,0.929175731206188,0.3896963016678752
170000,Grace Christian University,Wyoming,MI,Private nonprofit,Bachelor,https://www.gracechristian.edu/,https://gracechristian.edu/wp-content/uploads/2024/04/index-edit.html,716,0.9916,26166.0,18690.0,18690.0,12404.0,9538.0,10935.0,10037.0,12379.0,20834.0,0.464,0.2895,24375.0,34910.0,43821.0,38877.0,31450.0,41663.0,49616.0,0.8397089648500484,0.3896249596904225
217402,Providence College,Providence,RI,Private nonprofit,Bachelor,https://www.providence.edu/,https://npc.collegeboard.org/student/app/providence,4229,0.5089,80466.0,63550.0,63550.0,48523.0,28152.0,21835.0,25296.0,33169.0,56699.0,0.8681,0.8332,27000.0,53409.0,83143.0,79344.0,69326.0,87054.0,194092.0,0.44851925890814665,0.38935956865816207
160074,Franciscan Missionaries of Our Lady University,Baton Rouge,LA,Private nonprofit,Bachelor,www.franu.edu/,www.franu.edu/offices-services/office-of-financial-aid/true-cost-calculator,821,0.987,28490.0,18310.0,18310.0,18552.0,17014.0,18008.0,16370.0,16488.0,23539.0,0.4859,0.2326,27672.0,65892.0,63699.0,72865.0,55851.0,59419.0,74208.0,0.8007088184562311,0.3890644148878827
176628,Avila University,Kansas City,MO,Private nonprofit,Bachelor,https://www.avila.edu/,https://www.avila.edu/avila-life/sleptiza-center-for-student-excellence/student-financial-services/financial-aid-office/,1312,0.878,50096.0,42000.0,42000.0,16053.0,15694.0,14939.0,14682.0,17852.0,19775.0,0.4729,0.4107,25000.0,46449.0,61078.0,58275.0,48975.0,52773.0,64212.0,0.8218557279013269,0.38865557372453746
194958,Roberts Wesleyan University,Rochester,NY,Private nonprofit,Bachelor,www.roberts.edu/,www.roberts.edu/undergraduate/tuition-and-aid/net-price-calculator.aspx,1149,0.7063,52919.0,38826.0,38826.0,23130.0,22922.0,14396.0,19241.0,23788.0,27297.0,0.6533,0.5746,23750.0,58024.0,64802.0,59877.0,56275.0,55031.0,92520.0,0.5948011240812797,0.3885835743623
147828,Olivet Nazarene University,Bourbonnais,IL,Private nonprofit,Bachelor,https://www.olivet.edu/,https://olivet.studentaidcalculator.com/survey.aspx,2603,0.5586,51981.0,38900.0,38900.0,20729.0,17232.0,15056.0,18019.0,23218.0,25580.0,0.6054,0.5275,25000.0,48282.0,64769.0,61936.0,49278.0,53213.0,82916.0,0.641769984080274,0.3885275483621979
159939,University of New Orleans,New Orleans,LA,Public,Bachelor,new.uno.edu/,www.uno.edu/financial-aid/cost-of-education/net-price-calculator,4638,0.7431,23431.0,9172.0,14008.0,12384.0,11532.0,10506.0,13222.0,16942.0,17504.0,0.4018,0.2313,18750.0,39311.0,56037.0,51173.0,38410.0,47872.0,49536.0,0.9664082687338501,0.388302842377261
129242,Fairfield University,Fairfield,CT,Private nonprofit,Bachelor,fairfield.edu/,npc.collegeboard.org/app/fairfield,5373,0.3329,76074.0,58350.0,58350.0,48095.0,33302.0,35155.0,26953.0,44077.0,50773.0,0.8406,0.8182,26000.0,61503.0,91378.0,88011.0,73693.0,88794.0,192380.0,0.4615552552240358,0.38798334754132446
129215,Eastern Connecticut State University,Willimantic,CT,Public,Bachelor,https://www.easternct.edu/,https://www.easternct.edu/financial-aid/costs/net-price-calculator.html,3418,0.8298,31983.0,13928.0,17428.0,21067.0,17654.0,16943.0,19340.0,21109.0,24346.0,0.5782,0.4585,24250.0,37509.0,57759.0,55034.0,47289.0,56469.0,84268.0,0.6701120235439313,0.3874587720131011
198950,Meredith College,Raleigh,NC,Private nonprofit,Bachelor,www.meredith.edu/,https://tcc.ruffalonl.com/Meredith College/Net-Price-Calculator,1188,0.7418,57313.0,45630.0,45630.0,22488.0,17207.0,19006.0,18064.0,23678.0,29117.0,0.6754,0.6284,25000.0,39730.0,54650.0,49359.0,45293.0,51539.0,89952.0,0.5729611348274636,0.3869779504624689
161253,University of Maine,Orono,ME,Public,Bachelor,www.umaine.edu/,https://go.umaine.edu/netpricecalculator/,8496,0.9664,27328.0,13326.0,36756.0,17510.0,12642.0,13280.0,14631.0,18508.0,22018.0,0.5569,0.4131,25000.0,43355.0,63056.0,57355.0,43124.0,48653.0,70040.0,0.6946459166190748,0.38684831096516276
187985,University of New Mexico-Main Campus,Albuquerque,NM,Public,Bachelor,www.unm.edu/,https://npc.collegeboard.org/student/app/unm,17244,0.9518,21259.0,10140.0,33060.0,15489.0,11938.0,13045.0,16196.0,17906.0,19053.0,0.535,0.3745,18450.0,42863.0,59818.0,53654.0,37150.0,44792.0,61956.0,0.7229646846148879,0.3867861062689651
156541,University of the Cumberlands,Williamsburg,KY,Private nonprofit,Bachelor,www.ucumberlands.edu/,https://www.ucumberlands.edu/npc,6941,0.9881,25567.0,9875.0,9875.0,14107.0,10736.0,11147.0,12572.0,16441.0,18846.0,0.4843,0.4013,14911.0,45499.0,51882.0,48890.0,39046.0,45036.0,56428.0,0.7981144112851776,0.3865268093854115
213321,King's College,Wilkes-Barre,PA,Private nonprofit,Bachelor,www.kings.edu/,https://www.kings.edu/cost-aid/business_office/net-price-calculator.html,1484,0.9311,57973.0,44100.0,44100.0,23093.0,17283.0,17259.0,19692.0,23657.0,28391.0,0.6,0.5191,27000.0,40139.0,67122.0,59082.0,51734.0,59498.0,92372.0,0.6441129346555233,0.38646776079331396
169798,Eastern Michigan University,Ypsilanti,MI,Public,Bachelor,www.emich.edu/,www.emich.edu/finaid/calculator/,10055,0.7964,29640.0,16240.0,16240.0,15407.0,13250.0,12863.0,13748.0,18243.0,21036.0,0.4593,0.2396,25000.0,43457.0,59616.0,55310.0,43148.0,51793.0,61628.0,0.8404134484325306,0.3860018968650613
207458,Oklahoma City University,Oklahoma City,OK,Private nonprofit,Bachelor,www.okcu.edu/,www.okcu.edu/paying-for-ocu/net-price-calculator,1514,0.7702,47247.0,35648.0,35648.0,22857.0,15187.0,18079.0,20511.0,26803.0,29358.0,0.6457,0.571,20835.0,48180.0,64450.0,59230.0,42312.0,54655.0,91428.0,0.5977927987049919,0.3859948101238133
188304,Western New Mexico University,Silver City,NM,Public,Bachelor,wnmu.edu/,wnmu.edu/external_content/NetPriceCalculator2023 - nohousing/,2026,,21562.0,7856.0,14342.0,8522.0,8381.0,8336.0,12493.0,,13210.0,0.3365,0.1546,23000.0,42262.0,54074.0,50227.0,31166.0,39095.0,34088.0,1.1468845341469138,0.3859266457404365
195003,Rochester Institute of Technology,Rochester,NY,Private nonprofit,Bachelor,www.rit.edu/,https://npc.collegeboard.org/app/rit,13215,0.6693,74626.0,59274.0,59274.0,34906.0,24680.0,24820.0,28874.0,34510.0,44970.0,0.7034,0.2821,26778.0,64393.0,84133.0,79755.0,65457.0,76571.0,139624.0,0.5484085830516243,0.3857505973185126
231581,Bridgewater College,Bridgewater,VA,Private nonprofit,Bachelor,https://www.bridgewater.edu/,https://www.bridgewater.edu/admissions-aid/tuition-and-financial-aid/tuition-and-costs/net-price-calculator/,1400,0.9172,58702.0,16090.0,16090.0,17800.0,13283.0,12468.0,15046.0,20582.0,21448.0,0.5134,0.4475,26000.0,35535.0,55722.0,50477.0,45620.0,53453.0,71200.0,0.750744382022472,0.38543216573033706
237066,Whitworth University,Spokane,WA,Private nonprofit,Bachelor,www.whitworth.edu/,https://publicforms.whitworth.edu/financial-aid/net-price-calculator/firstyear,1858,0.8978,68516.0,52880.0,52880.0,26534.0,16788.0,18242.0,20358.0,26525.0,34641.0,0.6984,0.6254,25000.0,40434.0,61291.0,59421.0,49510.0,58561.0,106136.0,0.5517543529057058,0.38534524006934495
163657,Prince George's Community College,Largo,MD,Public,Associate,https://www.pgcc.edu/,scripts.pgcc.edu/netprice/npcalc.html,8815,,15544.0,4034.0,8762.0,8672.0,7314.0,7802.0,9195.0,11300.0,12979.0,0.281,0.068,10500.0,44417.0,62100.0,65781.0,37482.0,47548.0,34688.0,1.3707333948339484,0.3851760839483395
450933,Columbia Southern University,Orange Beach,AL,Private for-profit,Bachelor,www.columbiasouthern.edu/,www.columbiasouthern.edu/tuition-financing,12176,,18226.0,6760.0,6760.0,14580.0,12913.0,13455.0,15569.0,16226.0,17408.0,0.3532,0.2442,21339.0,68574.0,80589.0,73127.0,55140.0,63534.0,58320.0,1.08940329218107,0.3847772427983539
179715,North Central Missouri College,Trenton,MO,Public,Associate,www.ncmissouri.edu/,www.ncmissouri.edu/financialaid/netpricecalculator,1286,,18498.0,5370.0,8820.0,13626.0,11951.0,12963.0,14548.0,16892.0,17702.0,0.5131,0.4298,10500.0,43868.0,52845.0,44254.0,36289.0,40837.0,54504.0,0.7492477616321738,0.38443902649346834
139719,Fort Valley State University,Fort Valley,GA,Public,Bachelor,www.fvsu.edu/,www.fvsu.edu/about-fvsu/office-of-financial-aid,2684,0.6587,19879.0,5526.0,16932.0,10338.0,9017.0,9021.0,11502.0,15571.0,16914.0,0.4324,0.1884,31000.0,28523.0,44844.0,43997.0,28649.0,36666.0,41352.0,0.886680208937899,0.38340052234474753
162760,Hood College,Frederick,MD,Private nonprofit,Bachelor,www.hood.edu/,https://www.hood.edu/net-price-calculator,1194,0.7777,61219.0,47700.0,47700.0,20873.0,12424.0,14454.0,19837.0,23638.0,29078.0,0.5607,0.4351,25000.0,55348.0,70173.0,61197.0,48415.0,57089.0,83492.0,0.6837661093278398,0.3833876575001197
144740,DePaul University,Chicago,IL,Private nonprofit,Bachelor,https://www.depaul.edu/,https://collegepricecalculator.com/DepaulUniversity,14090,0.7589,63052.0,45999.0,45999.0,30902.0,27359.0,25950.0,28687.0,31057.0,37092.0,0.6889,0.5497,23168.0,47990.0,73466.0,70714.0,54695.0,68751.0,123608.0,0.5562018639570254,0.3831674640799948
218742,University of South Carolina-Upstate,Spartanburg,SC,Public,Bachelor,www.uscupstate.edu/,netprice.uscupstate.edu/,4038,0.6726,25124.0,11588.0,23090.0,13557.0,11618.0,11537.0,13394.0,17356.0,19325.0,0.4275,0.2853,22310.0,43015.0,55994.0,52851.0,43339.0,48587.0,54228.0,0.8959762484325441,0.3830298462049126
220215,Freed-Hardeman University,Henderson,TN,Private nonprofit,Bachelor,www.fhu.edu/,www.fhu.edu/npc,1212,0.5968,38315.0,25620.0,25620.0,21574.0,20988.0,21788.0,19639.0,21308.0,23618.0,0.6956,0.6414,21500.0,39905.0,50701.0,45541.0,40086.0,47485.0,86296.0,0.55025725410216,0.3827589459534625
122612,University of San Francisco,San Francisco,CA,Private nonprofit,Bachelor,https://www.usfca.edu/,https://www.usfca.edu/admission/financial-aid/net-price-calculator,5287,0.6171,80141.0,60492.0,60492.0,41431.0,31537.0,33207.0,34315.0,38933.0,52497.0,0.706,0.6279,23000.0,59470.0,91483.0,87516.0,69951.0,89812.0,165724.0,0.5419371967850161,0.3826076609302213
191083,Erie Community College,Buffalo,NY,Public,Associate,www.ecc.edu/,www.suny.edu/howmuch/,6099,,14348.0,6100.0,11300.0,7765.0,5730.0,7506.0,9571.0,11798.0,13912.0,0.2881,0.1961,9250.0,34583.0,48895.0,45231.0,34042.0,41228.0,31060.0,1.327366387636832,0.3824142562781713
140696,Oglethorpe University,Atlanta,GA,Private nonprofit,Bachelor,oglethorpe.edu/,oglethorpe.edu/costcalculator/,1352,0.8845,60581.0,47590.0,47590.0,19509.0,16207.0,17558.0,18745.0,23924.0,22055.0,0.5401,0.4347,25000.0,29791.0,52138.0,53234.0,42691.0,55232.0,78036.0,0.7077758983033472,0.3822697626736378
176479,William Carey University,Hattiesburg,MS,Private nonprofit,Bachelor,https://www.wmcarey.edu/,https://wmcarey.clearcostcalculator.com/student/default/netpricecalculator/survey,2201,0.6029,29651.0,15480.0,15480.0,14258.0,12224.0,12411.0,15320.0,18436.0,19701.0,0.5058,0.4525,20832.0,41135.0,54242.0,45397.0,37639.0,43087.0,57032.0,0.7554881470051901,0.3821259047552252
181534,Peru State College,Peru,NE,Public,Bachelor,www.peru.edu/,www.peru.edu/net-price/,1092,,22240.0,8640.0,8640.0,11632.0,9986.0,9779.0,12845.0,12313.0,13450.0,0.3767,0.2294,21875.0,40596.0,53258.0,50192.0,39150.0,47071.0,46528.0,1.0116703920220083,0.3810962366746905
212009,Dickinson College,Carlisle,PA,Private nonprofit,Bachelor,https://www.dickinson.edu/,https://npc.collegeboard.org/student/app/dickinson,2273,0.4209,82902.0,65650.0,65650.0,37607.0,40755.0,15081.0,16316.0,22696.0,45175.0,0.8156,0.6777,19000.0,38320.0,67139.0,71404.0,57110.0,70204.0,150428.0,0.4666950301805515,0.3806364666152578
219259,Northern State University,Aberdeen,SD,Public,Bachelor,https://northern.edu/,https://northern.edu/sites/default/files/net-price-calculator/index.html,1273,0.93,22077.0,8845.0,11947.0,15812.0,10762.0,12087.0,15293.0,18372.0,17933.0,0.5054,0.3451,22320.0,42847.0,53116.0,51509.0,41536.0,47618.0,63248.0,0.7528775613458133,0.380504319504174
107512,Ouachita Baptist University,Arkadelphia,AR,Private nonprofit,Bachelor,obu.edu/,https://admissions.obu.edu/register/netpricecalculator,1602,0.6752,47321.0,34500.0,34500.0,22409.0,15207.0,15954.0,18007.0,19151.0,26281.0,0.6597,0.5738,21050.0,32385.0,49862.0,48168.0,41697.0,51673.0,89636.0,0.5764759694765496,0.3803011970636797
183123,Lakes Region Community College,Laconia,NH,Public,Associate,www.lrcc.edu/,www.lrcc.edu/paying-for-lrcc/financial-aid-at-lrcc/financial-aid-forms/,482,,21494.0,6720.0,14970.0,13124.0,12270.0,17404.0,,21171.0,20947.0,0.3898,0.3846,18525.0,,49311.0,50161.0,37104.0,51182.0,52496.0,0.9749695214873514,0.3800431194757696
209409,Bushnell University,Eugene,OR,Private nonprofit,Bachelor,www.bushnell.edu/,www.bushnell.edu/admissions/undergraduate/tuition-scholarships-financial-aid/net-price-calculator/,517,0.6728,47143.0,35800.0,35800.0,20789.0,17924.0,21033.0,12656.0,22084.0,23361.0,0.5891,0.53,23500.0,45673.0,59969.0,54483.0,43484.0,53623.0,83156.0,0.6448482370484391,0.37988009644523546
233295,Randolph-Macon College,Ashland,VA,Private nonprofit,Bachelor,https://www.rmc.edu/,https://www.rmc.edu/admissions-and-aid/tuition-and-aid/cost-of-attendance/#Net-Price-Calculator,1639,0.8661,63985.0,49466.0,49466.0,27866.0,16601.0,20983.0,23357.0,26303.0,32226.0,0.7242,0.6286,27000.0,40654.0,61824.0,57369.0,48067.0,58448.0,111464.0,0.5243666116414268,0.3797463001507213
217998,Erskine College,Due West,SC,Private nonprofit,Bachelor,www.erskine.edu/,https://erskine.studentaidcalculator.com/survey.aspx,766,0.6274,55248.0,36710.0,36710.0,16525.0,14555.0,12666.0,18652.0,16405.0,18942.0,0.4694,0.3795,27000.0,33130.0,48305.0,45277.0,39618.0,53459.0,66100.0,0.8087594553706505,0.3796316883509833
185721,Eastwick College-Nutley,Nutley,NJ,Private for-profit,Associate,www.eastwickcollege.edu/,www.eastwickcollege.edu/Net_Price.php,618,,26454.0,15848.0,15848.0,17206.0,16275.0,16590.0,18531.0,19777.0,23728.0,0.61,0.5538,11775.0,35152.0,46087.0,41855.0,39332.0,42827.0,68824.0,0.6222683947460188,0.37958372079507147
195058,Rockland Community College,Suffern,NY,Public,Associate,www.sunyrockland.edu/,www.suny.edu/howmuch/netpricecalculator.xhtml?id=63,3834,,18713.0,6862.0,6862.0,11282.0,9248.0,9991.0,12807.0,15684.0,18431.0,0.3406,0.2913,8497.0,29167.0,48706.0,49094.0,37430.0,50243.0,45128.0,1.1133442652012056,0.37920505672753063
160038,Northwestern State University of Louisiana,Natchitoches,LA,Public,Bachelor,https://www.nsula.edu/,https://www.nsula.edu/NetPriceCalculator/,5519,0.9254,25431.0,8864.0,19652.0,13606.0,11693.0,12261.0,12549.0,17777.0,19077.0,0.4387,0.2962,25000.0,45870.0,56762.0,52428.0,39485.0,47021.0,54424.0,0.8639754520064677,0.3790260307952374
212106,Duquesne University,Pittsburgh,PA,Private nonprofit,Bachelor,www.duq.edu/,www.duq.edu/admissions-and-aid/tuition/net-price-calculator,5350,0.8356,67776.0,48986.0,48986.0,37730.0,29986.0,31729.0,32102.0,35611.0,41273.0,0.765,0.6728,26244.0,55257.0,74665.0,71684.0,62627.0,74742.0,150920.0,0.49524251258945134,0.3788605221309303
237969,West Virginia Wesleyan College,Buckhannon,WV,Private nonprofit,Bachelor,www.wvwc.edu/,https://wvwc.studentaidcalculator.com/survey.aspx,954,0.9334,48190.0,34090.0,34090.0,18083.0,12611.0,14807.0,14848.0,19834.0,24004.0,0.5305,0.4472,27000.0,32559.0,55915.0,55052.0,42672.0,51593.0,72332.0,0.7132804291323342,0.37839526765470327
195128,Russell Sage College,Troy,NY,Private nonprofit,Bachelor,sage.edu/,https://sage.edu/admission/financial-aid/loan-fee-calculator/,1244,0.5326,50607.0,38164.0,38164.0,22917.0,6662.0,41141.0,21326.0,24302.0,26526.0,0.5947,0.4363,22000.0,55116.0,66409.0,60748.0,51139.0,58316.0,91668.0,0.6361652921412052,0.37832749923637476
127060,University of Denver,Denver,CO,Private nonprofit,Bachelor,www.du.edu/,https://www.du.edu/financialaid/undergraduate/calculator/,6025,0.7781,78476.0,61398.0,61398.0,36131.0,20097.0,16211.0,22940.0,31759.0,47222.0,0.7678,0.663,21844.0,49181.0,78504.0,74242.0,57118.0,71155.0,144524.0,0.49234037253328167,0.3780189380310537
153162,Cornell College,Mount Vernon,IA,Private nonprofit,Bachelor,https://www.cornellcollege.edu/,https://www.cornellcollege.edu/financial-assistance/net-price-calculator/index.shtml,1086,0.799,66249.0,52660.0,52660.0,23634.0,16409.0,18513.0,20177.0,22944.0,29298.0,0.6678,0.5845,27000.0,34521.0,48353.0,48083.0,39299.0,53460.0,94536.0,0.5654988575780655,0.3776401370906321
232609,University of Lynchburg,Lynchburg,VA,Private nonprofit,Bachelor,www.lynchburg.edu/,https://www.lynchburg.edu/undergraduate-admission/financial-aid/estimating-costs/,1577,0.4301,50067.0,36750.0,36750.0,22235.0,20692.0,18303.0,18649.0,20707.0,25063.0,0.5954,0.5174,27000.0,45005.0,60701.0,55700.0,44261.0,56380.0,88940.0,0.6339105014616595,0.3774303125702721
201548,Capital University,Columbus,OH,Private nonprofit,Bachelor,https://www.capital.edu/,https://www.capital.edu/admission-aid/office-of-financial-aid/,1585,0.7022,57130.0,43234.0,43234.0,22576.0,19062.0,18574.0,20331.0,23348.0,27299.0,0.6292,0.5531,26889.0,45255.0,59121.0,55095.0,45767.0,54143.0,90304.0,0.5995636959603118,0.3772454774982282
127741,University of Northern Colorado,Greeley,CO,Public,Bachelor,https://www.unco.edu/,https://www.unco.edu/financial-aid/resources/net-price-calculator.aspx,5598,0.8585,29254.0,12416.0,27266.0,17760.0,12695.0,13290.0,16038.0,18441.0,24306.0,0.5129,0.3796,20470.0,41691.0,56930.0,51185.0,43756.0,52231.0,71040.0,0.7352336711711712,0.3771013499436937
204440,Northwest State Community College,Archbold,OH,Public,Associate,https://northweststate.edu/,https://northweststate.edu/wp-content/uploads/calc/,1115,,17994.0,4698.0,9170.0,13555.0,13166.0,13461.0,13785.0,13987.0,14904.0,0.5109,0.2752,9750.0,41925.0,50785.0,43447.0,36106.0,40004.0,54220.0,0.7378089265953522,0.3769465805975655
146427,Knox College,Galesburg,IL,Private nonprofit,Bachelor,https://www.knox.edu/,www.knox.edu/admission/cost-and-financial-aid/scholarship-and-cost-estimator,1127,0.7079,68134.0,57903.0,57903.0,24595.0,17134.0,17363.0,23844.0,25402.0,31983.0,0.6762,0.4942,27000.0,26306.0,49217.0,47902.0,37757.0,54820.0,98380.0,0.5572270786745274,0.3767969505997154
177117,Cottey College,Nevada,MO,Private nonprofit,Bachelor,https://www.cottey.edu/,https://www.cottey.edu/NetPriceCalculator/index.html,254,0.6918,39269.0,27562.0,27562.0,13805.0,14093.0,10634.0,12063.0,15732.0,18130.0,0.5866,0.3182,19043.0,22183.0,39529.0,38805.0,32903.0,35422.0,55220.0,0.6414704817095256,0.3762865845708077
198118,Caldwell Community College and Technical Institute,Hudson,NC,Public,Associate,https://cccti.edu/,https://cccti.edu/paying-for-college/net-price-calculator/,2393,,20188.0,2526.0,6526.0,10810.0,8827.0,10162.0,13646.0,14891.0,17271.0,0.4713,0.3257,8750.0,34593.0,43377.0,40825.0,30689.0,34515.0,43240.0,0.7982192414431082,0.37620072849213687
117706,Los Angeles Pierce College,Woodland Hills,CA,Public,Associate,www.lapc.edu/,https://misweb.cccco.edu/npc/744/npcalc.htm,13436,,21400.0,1238.0,10572.0,13270.0,12626.0,12371.0,14565.0,17337.0,18929.0,0.4478,0.1481,12936.0,31545.0,48321.0,46024.0,33606.0,44521.0,53080.0,0.8387528259231349,0.3755935154483798
160904,Xavier University of Louisiana,New Orleans,LA,Private nonprofit,Bachelor,https://www.xula.edu/,https://xula.clearcostcalculator.com/student/default/netpricecalculator/survey,2628,0.6904,40434.0,28733.0,28733.0,17127.0,14405.0,15094.0,17836.0,19118.0,24096.0,0.493,0.3646,24053.0,24449.0,49328.0,48357.0,40643.0,52184.0,68508.0,0.7617212588310854,0.3755285806037251
172264,Siena Heights University,Adrian,MI,Private nonprofit,Bachelor,https://www.sienaheights.edu/,https://www.sienaheights.edu/financial-aid/,1495,0.689,44449.0,30778.0,30778.0,17124.0,15624.0,15145.0,17260.0,18284.0,17857.0,0.4464,0.223,18750.0,49525.0,62131.0,56974.0,49913.0,57529.0,68496.0,0.8398884606400374,0.3749262088297127
162104,Cecil College,North East,MD,Public,Associate,www.cecil.edu/,https://www.cecil.edu/wp-content/documents/net-price-calculator/npcalc.htm,1363,,14700.0,5640.0,10830.0,9658.0,7850.0,9601.0,9102.0,12875.0,13157.0,0.3295,0.2192,9536.0,27866.0,50453.0,55174.0,39837.0,43952.0,38632.0,1.1377096707392835,0.37487533650859395
150604,Franklin College,Franklin,IN,Private nonprofit,Bachelor,www.franklincollege.edu/,www.franklincollege.edu/admissions-aid/tuition-and-financial-aid/tuition-and-costs/#section3,900,0.698,54178.0,38710.0,38710.0,22855.0,14790.0,15822.0,20093.0,23439.0,30316.0,0.6184,0.5655,27000.0,39590.0,53224.0,53315.0,45635.0,55376.0,91420.0,0.6057317873550645,0.37458453730037183
198516,Elon University,Elon,NC,Private nonprofit,Bachelor,https://www.elon.edu/,https://www.elon.edu/u/admissions/undergraduate/financial-aid/tuition-and-aid/,6452,0.6635,62266.0,46958.0,46958.0,41555.0,26523.0,23514.0,24064.0,34472.0,49743.0,0.8352,0.7986,20500.0,45880.0,77800.0,70407.0,58082.0,74545.0,166220.0,0.44847190470460835,0.3745637348092889
175078,Southwest Minnesota State University,Marshall,MN,Public,Bachelor,www.smsu.edu/,www.minnstate.edu/admissions/calculator/southwestmsu.html?_ga=2.135537657.998509588.1537211262-179850922.1537211262,2315,0.6218,24757.0,10361.0,10361.0,15291.0,10559.0,11175.0,13153.0,18283.0,20701.0,0.4459,0.2997,20500.0,44949.0,55009.0,52326.0,43282.0,51342.0,61164.0,0.83941534235825,0.37429530115754367
217536,Salve Regina University,Newport,RI,Private nonprofit,Bachelor,www.salve.edu/,salve.wbnpc.com/,2121,0.6817,70630.0,50100.0,50100.0,36967.0,26939.0,30844.0,31264.0,34374.0,39244.0,0.7581,0.716,27000.0,53383.0,70451.0,69695.0,55027.0,72975.0,147868.0,0.4935144858928233,0.37413333175534935
243151,University of Puerto Rico at Cayey,Cayey,PR,Public,Bachelor,www.cayey.upr.edu/,https://www.upr.edu/netprice/cayey.html,2069,0.53,15909.0,5354.0,5354.0,10176.0,9495.0,9682.0,11897.0,12913.0,13433.0,0.4917,0.0864,5000.0,13977.0,32963.0,29334.0,21819.0,30958.0,40704.0,0.760564072327044,0.37396935436320755
232672,Mary Baldwin University,Staunton,VA,Private nonprofit,Bachelor,https://www.marybaldwin.edu/,https://marybaldwin.edu/financial-aid/net-price-calculator/,1090,,45935.0,34152.0,34152.0,12756.0,12717.0,9527.0,11537.0,14801.0,14806.0,0.4295,0.3171,26586.0,38267.0,51402.0,46096.0,39075.0,44427.0,51024.0,0.8707079021636877,0.37396904397930386
186469,Salem Community College,Carneys Point,NJ,Public,Associate,https://www.salemcc.edu/,https://www.salemcc.edu/netpricecalculator/,910,,17857.0,6360.0,10260.0,10816.0,9845.0,8997.0,11702.0,14568.0,16712.0,0.4254,0.2754,9500.0,36523.0,50664.0,47752.0,32880.0,38020.0,43264.0,0.8787906804733728,0.37383755547337283
112826,Contra Costa College,San Pablo,CA,Public,Associate,https://www.contracosta.edu/,https://misweb.cccco.edu/npc/311/npcalc.htm,5203,,18422.0,1312.0,10320.0,9490.0,8523.0,8111.0,9742.0,14269.0,9567.0,0.3473,0.0604,,,95545.0,103363.0,34342.0,40850.0,37960.0,1.0761327713382507,0.3737409114857745
154235,Saint Ambrose University,Davenport,IA,Private nonprofit,Bachelor,www.sau.edu/,sau.edu/tuition-financial-aid/net-price-calculator,1916,0.7733,51141.0,36658.0,36658.0,24691.0,22037.0,21729.0,22408.0,24776.0,27807.0,0.6197,0.5487,25000.0,51020.0,67026.0,63455.0,51616.0,59531.0,98764.0,0.6027601150216678,0.37353044327892754
192819,Marist University,Poughkeepsie,NY,Private nonprofit,Bachelor,www.marist.edu/,https://marist.studentaidcalculator.com/survey.aspx,5182,0.5651,67574.0,47750.0,47750.0,41544.0,26083.0,27200.0,36178.0,42001.0,45643.0,0.7972,0.6967,25000.0,49831.0,78561.0,76528.0,62546.0,77819.0,166176.0,0.4682926535721163,0.37332290342769114
184773,Georgian Court University,Lakewood,NJ,Private nonprofit,Bachelor,https://georgian.edu/,https://npc.collegeboard.org/app/gcu,1195,0.7884,50671.0,37260.0,37260.0,19285.0,12683.0,13347.0,15084.0,27407.0,26708.0,0.5423,0.2286,21816.0,48079.0,62671.0,55726.0,44627.0,53096.0,77140.0,0.6883069743323826,0.37326887218045113
218353,Midlands Technical College,West Columbia,SC,Public,Associate,https://www.midlandstech.edu/,www.midlandstech.edu/net-price-calculator,7564,,14274.0,5100.0,14700.0,4647.0,3429.0,3549.0,5157.0,8378.0,9503.0,0.1925,0.0958,12000.0,37657.0,46832.0,45681.0,33067.0,38701.0,18588.0,1.93505,0.372497125
214041,Millersville University of Pennsylvania,Millersville,PA,Public,Bachelor,www.millersville.edu/,www.millersville.edu/finaid/npc.php,5728,0.8619,26913.0,11128.0,22952.0,20787.0,14565.0,15313.0,17961.0,22010.0,24541.0,0.5602,0.3891,23507.0,43533.0,57515.0,54150.0,44813.0,55246.0,83148.0,0.6644296916341944,0.37221351325347574
106704,University of Central Arkansas,Conway,AR,Public,Bachelor,www.uca.edu/,uca.edu/financialaid/financial-aid-net-price-calculator/,7762,0.8949,25029.0,10523.0,18023.0,16511.0,14656.0,13988.0,16203.0,20318.0,20157.0,0.5344,0.4192,20346.0,39167.0,52203.0,51207.0,36670.0,45938.0,66044.0,0.6955665919689904,0.37171078674822844
152567,Trine University,Angola,IN,Private nonprofit,Bachelor,www.trine.edu/,www.trine.edu/admission-aid/tuition-aid/trine-net-price-calculator.aspx,2324,0.8548,51109.0,36560.0,36560.0,25355.0,19661.0,20470.0,19463.0,24031.0,29066.0,0.6594,0.5234,25000.0,52025.0,67814.0,63278.0,53010.0,57165.0,101420.0,0.5636462236245317,0.3716683198580162
492801,Drury University-College of Continuing Professional Studies,Springfield,MO,Private nonprofit,Bachelor,www.drury.edu/go/,tcc.ruffalonl.com/Drury University/Freshman-Students,632,,19698.0,8054.0,8054.0,10566.0,9291.0,11756.0,10486.0,12937.0,13948.0,0.3858,0.1765,20979.0,37849.0,47568.0,43424.0,37508.0,40694.0,42264.0,0.9628525459019497,0.37146851220897215
146719,Loyola University Chicago,Chicago,IL,Private nonprofit,Bachelor,https://www.luc.edu/,https://www.luc.edu/undergrad/tuitionandfinancialaid/netpricecalculator/,11737,0.816,67408.0,53710.0,53710.0,36079.0,28992.0,28663.0,32432.0,36853.0,42346.0,0.7494,0.6568,24157.0,50621.0,73865.0,70419.0,58411.0,71530.0,144316.0,0.4956484381496161,0.3714389395493223
240338,Wisconsin Lutheran College,Milwaukee,WI,Private nonprofit,Bachelor,www.wlc.edu/,https://www.wlc.edu/Net-Price-Calculator/,943,0.7816,48785.0,36110.0,36110.0,23245.0,18190.0,15913.0,20519.0,20475.0,28019.0,0.6317,0.5223,26000.0,47697.0,57728.0,59482.0,49095.0,54664.0,92980.0,0.5879113787911379,0.3713836179823618
241216,Atlantic University,Guaynabo,PR,Private nonprofit,Bachelor,www.atlanticu.edu/,atlanticu.edu/net-price-calculator/,1451,,12986.0,8280.0,8280.0,6425.0,5705.0,6558.0,8858.0,9440.0,,0.3772,0.2231,5457.0,15229.0,22917.0,25626.0,19079.0,25272.0,25700.0,0.9833463035019455,0.37091822568093386
196219,SUNY at Purchase College,Purchase,NY,Public,Bachelor,www.purchase.edu/,www.purchase.edu/offices/student-financial-services/,3197,0.7405,29043.0,8953.0,19203.0,18913.0,11835.0,15230.0,19658.0,20886.0,25428.0,0.6221,0.5176,21067.0,21082.0,45570.0,41643.0,31229.0,45092.0,75652.0,0.5960450483794215,0.37079962459683813
183080,Plymouth State University,Plymouth,NH,Public,Bachelor,www.plymouth.edu/,www.plymouth.edu/student-financial-services/financial-aid,3153,0.8754,29644.0,14626.0,25566.0,19216.0,14676.0,14714.0,17030.0,21157.0,23020.0,0.4971,0.4512,26000.0,40257.0,57351.0,56500.0,46466.0,57304.0,76864.0,0.7455245628642798,0.3706002601998335
181640,Southeast Community College Area,Lincoln,NE,Public,Associate,www.southeast.edu/,https://www.southeast.edu/paying-for-scc/net-price-calculator.php,6773,,13186.0,3690.0,4320.0,9171.0,6687.0,7587.0,8987.0,11899.0,13054.0,0.3129,0.2533,11000.0,45486.0,54277.0,49900.0,39103.0,43405.0,36684.0,1.1832133900338022,0.3702274697415767
165194,Cape Cod Community College,West Barnstable,MA,Public,Associate,www.capecod.edu/,https://www.capecod.edu/paying-for-college/net-price-calculator/,2911,,15053.0,6000.0,10944.0,8296.0,8253.0,5991.0,7089.0,10381.0,14779.0,0.2813,0.0976,12000.0,42250.0,54922.0,48523.0,39296.0,43670.0,33184.0,1.3159956605593057,0.3701895793153327
154688,Baker University,Baldwin City,KS,Private nonprofit,Bachelor,https://www.bakeru.edu/,https://www.bakeru.edu/fa-calculator/npcalc.htm,1100,0.9419,50918.0,35300.0,35300.0,25301.0,21057.0,18530.0,23470.0,27166.0,30800.0,0.586,0.4918,25000.0,57061.0,69904.0,67533.0,54747.0,63855.0,101204.0,0.6309533220030829,0.3697386466938065
191676,Houghton University,Houghton,NY,Private nonprofit,Bachelor,www.houghton.edu/,https://admission.houghton.edu/register/calculator,753,0.8866,31143.0,18430.0,18430.0,20519.0,19147.0,18503.0,19312.0,19974.0,22424.0,0.6493,0.5479,25250.0,27345.0,41835.0,43607.0,36376.0,46721.0,82076.0,0.569240703737999,0.3696079889370827
175421,Belhaven University,Jackson,MS,Private nonprofit,Bachelor,https://www.belhaven.edu/,www.belhaven.edu/admission/financial-aid/net-price-calculator.html,1471,0.4975,39793.0,30250.0,30250.0,15676.0,10551.0,12820.0,16967.0,19476.0,20928.0,0.4988,0.3786,26333.0,38216.0,51795.0,48434.0,38987.0,46440.0,62704.0,0.7406226078081143,0.36942255677468744
183974,Centenary University,Hackettstown,NJ,Private nonprofit,Bachelor,www.centenaryuniversity.edu/,https://www.centenaryuniversity.edu/NetPrice/index.html,910,0.8308,52362.0,37732.0,37732.0,20503.0,13329.0,16047.0,21277.0,23306.0,28735.0,0.5631,0.4484,23163.0,42727.0,63207.0,57159.0,46049.0,53726.0,82012.0,0.6550992537677413,0.36888638979661514
144209,City Colleges of Chicago-Harold Washington College,Chicago,IL,Public,Associate,www.ccc.edu/colleges/washington/Pages/default.aspx,www.ccc.edu/colleges/washington/services/Pages/Find-Out-How-Much-College-Will-Cost.aspx,4207,,14726.0,4590.0,15150.0,7397.0,6911.0,6728.0,9347.0,9922.0,11657.0,0.2986,0.0928,5750.0,30222.0,45722.0,42636.0,29483.0,36531.0,29588.0,1.234655941597945,0.36866826416114634
102094,University of South Alabama,Mobile,AL,Public,Bachelor,www.southalabama.edu/,www.southalabama.edu/departments/finaid/netpricecalculator/,8879,0.7096,25476.0,10116.0,19092.0,17648.0,12657.0,13265.0,16277.0,23252.0,25322.0,0.5262,0.3671,24929.0,46120.0,62459.0,55913.0,41307.0,49379.0,70592.0,0.6994985267452403,0.36807612477334545
243665,University of the Virgin Islands,Charlotte Amalie,VI,Public,Bachelor,www.uvi.edu/,https://www.uvi.edu/netprice/index.html,1518,0.9898,17771.0,5957.0,16557.0,7469.0,6578.0,5968.0,8551.0,11160.0,11863.0,0.284,0.0819,16800.0,40480.0,50834.0,49634.0,32360.0,38681.0,29876.0,1.2947181684295086,0.3676999598339804
175616,Delta State University,Cleveland,MS,Public,Bachelor,https://www.deltastate.edu/,www.deltastate.edu/financial-aid/net-price-calculator/,1620,1.0,22445.0,8605.0,8605.0,13540.0,12223.0,10615.0,10625.0,17170.0,16950.0,0.4742,0.318,20390.0,37687.0,47248.0,45755.0,36265.0,41991.0,54160.0,0.7753138847858198,0.36765384416543573
233718,Sweet Briar College,Sweet Briar,VA,Private nonprofit,Bachelor,www.sbc.edu/,https://tcc.ruffalonl.com/Sweet Briar College/Freshman-Students,443,0.7554,43898.0,26160.0,26160.0,17758.0,11734.0,12568.0,15247.0,20188.0,24710.0,0.5026,0.4364,27000.0,21090.0,52366.0,50944.0,35533.0,51943.0,71032.0,0.731261966437662,0.36753226433156894
155335,Newman University,Wichita,KS,Private nonprofit,Bachelor,www.newmanu.edu/,newmanu.edu/admissions/financial-aid/net-price-calculator,851,0.7398,46489.0,35500.0,35500.0,19971.0,18060.0,16366.0,21234.0,17142.0,21774.0,0.5333,0.4651,20801.0,45412.0,56857.0,55690.0,47051.0,55041.0,79884.0,0.6890115667718192,0.36744986855941114
122339,San Diego City College,San Diego,CA,Public,Associate,www.sdcity.edu/,misweb.cccco.edu/npc/071/npcalc.htm,10441,,21202.0,1146.0,10002.0,7935.0,7181.0,8159.0,10265.0,15594.0,17766.0,0.3029,0.0625,7689.0,27254.0,40124.0,41078.0,31504.0,38503.0,31740.0,1.213074984247007,0.36744041272841843
203128,Hiram College,Hiram,OH,Private nonprofit,Bachelor,www.hiram.edu/,www.hiram.edu/admissions-aid/student-financial-services/net-price-calculator/,777,0.9353,40572.0,27600.0,27600.0,21058.0,16550.0,16382.0,18515.0,22236.0,26698.0,0.5694,0.4893,27000.0,34822.0,52304.0,53876.0,40270.0,54311.0,84232.0,0.6447787064298603,0.3671369954411625
243115,University of Puerto Rico-Arecibo,Arecibo,PR,Public,Bachelor,www.upra.edu/,docs.upra.edu/admisiones/NetPriceCalculator/npcalc.htm,2669,0.5918,17710.0,5354.0,5354.0,10680.0,10332.0,11033.0,12065.0,12960.0,,0.5137,0.1478,4500.0,10901.0,30977.0,29208.0,19546.0,30512.0,42720.0,0.7142322097378278,0.36690108614232214
213233,Johnson College,Scranton,PA,Private nonprofit,Associate,www.johnson.edu/,https://www.johnson.edu/net-price-calculator/,590,0.9793,27354.0,21225.0,21225.0,19954.0,15861.0,17553.0,19368.0,23558.0,26946.0,0.5294,0.5368,12000.0,38690.0,51602.0,48634.0,44043.0,55194.0,79816.0,0.6915154856169189,0.36608829808559684
139764,Georgia Southwestern State University,Americus,GA,Public,Bachelor,https://gsw.edu/,https://gsw.edu/financial-aid/files/netpricecalc2023,2424,0.7517,20484.0,5220.0,16572.0,12019.0,10477.0,10935.0,13508.0,16373.0,15415.0,0.3608,0.2488,18851.0,43243.0,62132.0,55128.0,42047.0,48757.0,48076.0,1.0141650719693818,0.365910757966553
238661,Edgewood College,Madison,WI,Private nonprofit,Bachelor,www.edgewood.edu/,www.edgewood.edu/admissions/tuition-and-financial-aid/net-price-calculator-freshman,1107,0.7573,50903.0,35860.0,35860.0,26113.0,22291.0,19089.0,22573.0,23493.0,30913.0,0.6398,0.4449,24424.0,56026.0,68625.0,60485.0,53843.0,59728.0,104452.0,0.5718224639068663,0.36585201240761306
166133,Holyoke Community College,Holyoke,MA,Public,Associate,www.hcc.edu/,www.hcc.edu/tuition-and-aid/tuition-and-fees/net-price-calculator,3591,,15043.0,5988.0,10932.0,8068.0,6522.0,6637.0,8688.0,9415.0,13014.0,0.3167,0.1374,8250.0,34858.0,46724.0,43990.0,32437.0,37277.0,32272.0,1.1550880019831433,0.36581637022806146
179344,Missouri State University-West Plains,West Plains,MO,Public,Associate,wp.missouristate.edu/,wp.missouristate.edu/Costs/default.htm,965,,16592.0,5936.0,8106.0,9750.0,9115.0,8729.0,10540.0,10951.0,12298.0,0.3861,0.3271,10000.0,32609.0,40257.0,35949.0,30926.0,36922.0,39000.0,0.9467179487179487,0.36552779999999996
215275,University of Pittsburgh-Greensburg,Greensburg,PA,Public,Bachelor,www.greensburg.pitt.edu/,pitt.studentaidcalculator.com/survey.aspx,1305,0.9521,30141.0,14710.0,26584.0,17945.0,9514.0,10146.0,15877.0,21381.0,24751.0,0.3966,0.3241,24250.0,49721.0,73701.0,69754.0,54240.0,66125.0,71780.0,0.9212176093619393,0.3653549038729451
201104,Ashland University,Ashland,OH,Private nonprofit,Bachelor,https://www.ashland.edu/,https://app.meadowfi.com/ashland,2199,0.764,43434.0,31210.0,31210.0,21988.0,16489.0,17893.0,19052.0,24229.0,26507.0,0.6061,0.4867,25000.0,53021.0,59855.0,56218.0,47722.0,52928.0,87952.0,0.6017827906130617,0.3647405493905767
204194,Mount Vernon Nazarene University,Mount Vernon,OH,Private nonprofit,Bachelor,mvnu.edu/,https://calculator.mvnu.edu/,1358,0.8415,49858.0,37158.0,37158.0,22421.0,22358.0,20508.0,18116.0,21486.0,26271.0,0.66,0.5622,25000.0,39999.0,53516.0,49869.0,43046.0,49555.0,89684.0,0.5525511796976049,0.3646837786004193
142115,Boise State University,Boise,ID,Public,Bachelor,https://www.boisestate.edu/,https://fs.boisestate.edu/financialaid/Net+Price+Calculator.html,17674,0.8721,28224.0,9048.0,27788.0,21610.0,18165.0,17974.0,20731.0,23573.0,25893.0,0.6102,0.4142,20500.0,46808.0,64791.0,59573.0,45251.0,51658.0,86440.0,0.5976168440536789,0.3646657982415548
227845,Saint Edward's University,Austin,TX,Private nonprofit,Bachelor,https://www.stedwards.edu/,https://stedwards.studentaidcalculator.com/survey.aspx,2493,0.8142,66719.0,51384.0,51384.0,25578.0,20799.0,20136.0,22944.0,26687.0,38389.0,0.6338,0.5224,24803.0,37814.0,59999.0,56788.0,47743.0,58826.0,102312.0,0.574966768316522,0.3644139377590117
198154,Cape Fear Community College,Wilmington,NC,Public,Associate,www.cfcc.edu/,cfcc.edu/resources/netprice/,9764,,14740.0,2748.0,8892.0,9610.0,7221.0,11035.0,10335.0,14030.0,14507.0,0.3619,0.2756,9500.0,35317.0,48346.0,44941.0,32234.0,38654.0,38440.0,1.005567117585848,0.3639147398543184
171535,Oakland Community College,Auburn Hills,MI,Public,Associate,https://www.oaklandcc.edu/,https://www.oaklandcc.edu/NetPriceCalculator/,12748,,12353.0,3020.0,5560.0,5777.0,3590.0,4325.0,7232.0,10132.0,12314.0,0.2248,0.1258,9105.0,43679.0,53677.0,47117.0,29877.0,37395.0,23108.0,1.6182707287519473,0.36378725982343774
142276,Idaho State University,Pocatello,ID,Public,Bachelor,www.isu.edu/,https://www.isu.edu/financialaid/consumer-information/net-price-calculator/,7583,,21527.0,8610.0,27720.0,12193.0,10593.0,10011.0,11538.0,14483.0,16288.0,0.3884,0.1945,20039.0,45217.0,58142.0,53592.0,41377.0,45608.0,48772.0,0.9351267120478963,0.36320321495940294
213987,Mercyhurst University,Erie,PA,Private nonprofit,Bachelor,www.mercyhurst.edu/,https://mercyhurst.edu/npc,2191,0.8102,59557.0,45770.0,45770.0,19444.0,22626.0,22429.0,17197.0,21665.0,16748.0,0.5948,0.5758,25305.0,39521.0,57293.0,52189.0,39565.0,47452.0,77776.0,0.6101110882534458,0.3628940752931496
134945,Jacksonville University,Jacksonville,FL,Private nonprofit,Bachelor,https://www.ju.edu/index.php,https://ju.studentaidcalculator.com/survey.aspx,2930,0.5694,63969.0,47830.0,47830.0,25180.0,21893.0,19733.0,23974.0,27936.0,29653.0,0.5369,0.4032,22000.0,65551.0,77058.0,78212.0,61991.0,68010.0,100720.0,0.6752382843526609,0.36253543486894363
218706,University of South Carolina-Union,Union,SC,Public,Associate,www.sc.edu/about/system_and_campuses/union/index.php,sc.edu/pcnetprice/union/,270,0.6222,19112.0,7558.0,18238.0,8065.0,7340.0,5918.0,7482.0,13146.0,12638.0,0.3469,0.4759,11000.0,19993.0,33838.0,39773.0,34202.0,33699.0,32260.0,1.0446063236205827,0.36237393366398013
173203,Central Lakes College-Brainerd,Brainerd,MN,Public,Associate,www.clcmn.edu/,www.minnstate.edu/admissions/calculator/centrallakes.html,1614,,19543.0,6249.0,6249.0,13869.0,12264.0,10454.0,12970.0,15489.0,18686.0,0.4765,0.4425,11000.0,40007.0,50357.0,48864.0,39389.0,42162.0,55476.0,0.7600043261951114,0.36214206143197053
220075,East Tennessee State University,Johnson City,TN,Public,Bachelor,https://www.etsu.edu/,https://www.etsu.edu/financial-aid-and-scholarships/cost/netprice.php,10004,0.8619,27042.0,10472.0,14522.0,15983.0,12433.0,14289.0,16400.0,20588.0,21193.0,0.5152,0.3969,19442.0,39962.0,53033.0,48534.0,38704.0,44859.0,63932.0,0.701667396608897,0.36149904273290373
227526,Prairie View A & M University,Prairie View,TX,Public,Bachelor,www.pvamu.edu/,https://www.pvamu.edu/faid/cost-of-attendance/#cost,8877,0.7931,26362.0,11299.0,26874.0,13570.0,12120.0,13465.0,16024.0,17753.0,16376.0,0.4321,0.203,27000.0,41904.0,60602.0,57526.0,36350.0,45411.0,54280.0,0.8366064848931466,0.36149766212232864
213358,La Roche University,Pittsburgh,PA,Private nonprofit,Bachelor,www.laroche.edu/,www.laroche.edu/Financial_Aid/Net_Price_Calculator/,751,0.7576,47111.0,34052.0,34052.0,20794.0,16152.0,15200.0,17960.0,25120.0,27145.0,0.5743,0.4608,25000.0,40716.0,57880.0,55003.0,45308.0,52341.0,83176.0,0.6292800807925363,0.3613955503991536
169275,Mott Community College,Flint,MI,Public,Associate,https://www.mcc.edu/,https://www.mcc.edu/financial-aid/net-price-calculator.shtml,5251,,15460.0,6845.0,11460.0,5687.0,3748.0,4954.0,7088.0,9921.0,12083.0,0.2526,0.1949,13000.0,37461.0,52696.0,43644.0,27146.0,32538.0,22748.0,1.43036750483559,0.36131083172147
195164,St Bonaventure University,Saint Bonaventure,NY,Private nonprofit,Bachelor,https://www.sbu.edu/,https://tccpreview.ruffalonl.com/St-Bonaventure-University/FreshmanStudents,2012,0.8165,57271.0,41735.0,41735.0,27074.0,15651.0,17949.0,24097.0,30751.0,30441.0,0.6835,0.5891,26000.0,41627.0,62639.0,58196.0,48559.0,57214.0,108296.0,0.5283112949693433,0.3611007701115461
150145,Bethel University,Mishawaka,IN,Private nonprofit,Bachelor,https://betheluniversity.edu/,https://betheluniversity.edu/admissions-aid/scholarships-and-aid/net-price-calculator/,1008,0.9766,43885.0,34600.0,34600.0,18610.0,17580.0,12572.0,12673.0,18645.0,25871.0,0.5496,0.4144,25000.0,43523.0,53289.0,52788.0,44271.0,48860.0,74440.0,0.6563675443310049,0.36073960236432023
128391,Western Colorado University,Gunnison,CO,Public,Bachelor,www.western.edu/,western.edu/admissions-aid/tuition-costs/net-price-calculator/,1586,0.9971,25736.0,11318.0,24434.0,16425.0,11490.0,10868.0,13908.0,16928.0,21396.0,0.5058,0.3453,20250.0,33273.0,50666.0,48723.0,40037.0,46833.0,65700.0,0.7128310502283105,0.36054994520547945
107983,Southern Arkansas University Main Campus,Magnolia,AR,Public,Bachelor,https://www.saumag.edu/,https://www.saumag.edu/netprice/,2708,0.7533,24951.0,9960.0,15690.0,14027.0,13187.0,12827.0,13790.0,15654.0,19244.0,0.4768,0.336,18750.0,37011.0,49008.0,48919.0,37008.0,42386.0,56108.0,0.7554359449632851,0.36019185855849434
171492,Northwood University,Midland,MI,Private nonprofit,Bachelor,www.northwood.edu/,www.northwood.edu/webapps/finaid/coa/,1974,0.6451,48780.0,34400.0,34400.0,27232.0,25700.0,25913.0,25906.0,26016.0,28224.0,0.6219,0.5019,20842.0,50584.0,67409.0,63925.0,54058.0,63075.0,108928.0,0.5790522179788484,0.3601125743610458
145619,Benedictine University,Lisle,IL,Private nonprofit,Bachelor,https://ben.edu/,https://ben.edu/net-price-calculator-lisle/,1942,0.9523,46713.0,35940.0,35940.0,22313.0,20168.0,17869.0,18628.0,23517.0,27454.0,0.5063,0.3863,22500.0,51737.0,72460.0,66132.0,50222.0,63446.0,89252.0,0.7108636221037063,0.3599102518711065
214157,Moravian University,Bethlehem,PA,Private nonprofit,Bachelor,www.moravian.edu/,www.moravian.edu/admissions/resources/calculator,1949,0.5417,65601.0,53500.0,53500.0,30670.0,24609.0,28271.0,26390.0,30595.0,34834.0,0.7137,0.6674,26793.0,49444.0,67097.0,62564.0,53471.0,61860.0,122680.0,0.5042386697098141,0.35987513857189435
165112,Bunker Hill Community College,Boston,MA,Public,Associate,www.bhcc.edu/,www.bhcc.edu/financialaid/costofattendanceanddeterminingneed/,8612,,14899.0,6168.0,11112.0,7818.0,7120.0,7827.0,8516.0,10091.0,13790.0,0.2363,0.1323,10500.0,43564.0,56376.0,51914.0,39847.0,47618.0,31272.0,1.5227040163724739,0.3598149590688156
141990,Windward Community College,Kaneohe,HI,Public,Associate,https://windward.hawaii.edu/,https://windward.hawaii.edu/paying-for-college/financial-aid/net-price-calculator/,1159,,15522.0,3194.0,8330.0,8169.0,6750.0,8123.0,9900.0,10873.0,13794.0,0.3058,0.1679,9500.0,32905.0,41285.0,36297.0,30631.0,38439.0,32676.0,1.1763679764965111,0.3597333272126331
170037,Cornerstone University,Grand Rapids,MI,Private nonprofit,Bachelor,www.cornerstone.edu/,www.cornerstone.edu/undergraduate/costs-aid/financial-aid/net-price-calculator/,1298,0.7777,42043.0,23000.0,23000.0,20301.0,20177.0,17674.0,17872.0,18489.0,23135.0,0.6172,0.556,25000.0,42379.0,53010.0,49262.0,42598.0,47314.0,81204.0,0.5826560267967095,0.3596152997389291
104586,Embry-Riddle Aeronautical University-Prescott,Prescott,AZ,Private nonprofit,Bachelor,prescott.erau.edu/,prescott.erau.edu/financial-aid/net-price-calculator,3218,0.7658,62798.0,44149.0,44149.0,40287.0,39171.0,37924.0,37346.0,37587.0,42834.0,0.6882,0.4605,23666.0,67135.0,93582.0,89839.0,65391.0,84131.0,161148.0,0.522072877106759,0.35929055402487153
161518,Saint Joseph's College of Maine,Standish,ME,Private nonprofit,Bachelor,www.sjcme.edu/,https://www.sjcme.edu/admissions/oncampus/costs-and-billing/calculators/,964,0.8351,59782.0,44420.0,44420.0,27555.0,20728.0,20376.0,24886.0,28819.0,32613.0,0.6704,0.4394,27000.0,58171.0,73164.0,68578.0,52884.0,59045.0,110220.0,0.5357013246234803,0.3591341680275812
207306,Northwestern Oklahoma State University,Alva,OK,Public,Bachelor,www.nwosu.edu/,www.nwosu.edu/uploads//npc.html,1498,0.6545,18672.0,5970.0,11664.0,10104.0,6439.0,7828.0,10539.0,12638.0,16065.0,0.327,0.2249,17355.0,42685.0,51228.0,48321.0,39997.0,44358.0,40416.0,1.0975356294536818,0.35889415083135395
187620,New Mexico State University-Dona Ana,Las Cruces,NM,Public,Associate,dacc.nmsu.edu/,https://fa.nmsu.edu/npc/index.html,5177,,14397.0,2322.0,6360.0,6048.0,5475.0,5904.0,7663.0,10624.0,13381.0,0.2215,0.0554,17095.0,38119.0,54874.0,47377.0,32960.0,39067.0,24192.0,1.6148726851851851,0.3576942997685185
200846,University of Akron Wayne College,Orrville,OH,Public,Bachelor,https://wayne.uakron.edu/,https://1st-aid.org/schools/2447/surveys/new,457,0.8992,15993.0,7723.0,15403.0,6032.0,3982.0,4100.0,6663.0,11082.0,12160.0,0.1852,,23250.0,47979.0,62809.0,56971.0,42269.0,46600.0,24128.0,1.931366047745358,0.3576889920424403
210304,Warner Pacific University,Portland,OR,Private nonprofit,Bachelor,https://www.warnerpacific.edu/,www.warnerpacific.edu/admissions-aid/net-price-calculator/,375,0.7114,38948.0,22220.0,22220.0,25629.0,18577.0,27432.0,23495.0,30169.0,32393.0,0.6641,0.2459,25000.0,47514.0,65093.0,58144.0,45660.0,55204.0,102516.0,0.5384915525381404,0.35761224004057907
191931,Iona University,New Rochelle,NY,Private nonprofit,Bachelor,www.iona.edu/,https://www.iona.edu/offices/student-financial-services/costs-attendance/net-price-calculator,2951,0.8694,60247.0,47260.0,47260.0,29188.0,25785.0,27075.0,28601.0,29598.0,32295.0,0.5672,0.4988,25999.0,40168.0,69776.0,69867.0,51218.0,73595.0,116752.0,0.630353227353707,0.35753635055502264
204015,Miami University-Middletown,Middletown,OH,Public,Bachelor,miamioh.edu/regionals/,miamioh.edu/onestop/paying-for-college/costs/net-price-calculators/index.html,837,,14890.0,7491.0,19407.0,10809.0,7452.0,8415.0,10126.0,13331.0,13354.0,0.28,0.1975,23000.0,49538.0,70785.0,65273.0,49773.0,55076.0,43236.0,1.273845869183088,0.3566768433712647
165936,Gordon College,Wenham,MA,Private nonprofit,Bachelor,www.gordon.edu/,www.gordon.edu/netpricecalculator,1278,0.6923,42446.0,30700.0,30700.0,24883.0,21829.0,18900.0,21004.0,24380.0,27138.0,0.6809,0.6056,26250.0,37667.0,57638.0,53021.0,45839.0,52119.0,99532.0,0.5236406381867138,0.3565469105413334
125763,Whittier College,Whittier,CA,Private nonprofit,Bachelor,www.whittier.edu/,www.whittier.edu/financialaid/npc,764,0.8079,63664.0,51350.0,51350.0,25757.0,21718.0,19928.0,24973.0,26718.0,30599.0,0.6172,0.5264,24937.0,27082.0,57988.0,57770.0,46025.0,59492.0,103028.0,0.5774352603175835,0.3563930426680125
166823,Massasoit Community College,Brockton,MA,Public,Associate,https://www.massasoit.edu/,www.massasoit.edu/enrollment/paying-for-college/financial-aid/net-price-calculator/,4235,,14904.0,5376.0,10320.0,8460.0,7194.0,7904.0,7678.0,10938.0,14416.0,0.2613,0.0961,10000.0,39651.0,54288.0,45532.0,38606.0,46111.0,33840.0,1.3626182033096927,0.3560521365248227
207351,Oklahoma Panhandle State University,Goodwell,OK,Public,Bachelor,https://opsu.edu/,https://opsu.edu/net-price/,917,,15055.0,8092.0,8673.0,7413.0,7302.0,,15055.0,15055.0,,0.2347,0.1699,12500.0,57321.0,56708.0,47814.0,39089.0,44933.0,29652.0,1.5153446647780926,0.35565139282341834
219949,Cumberland University,Lebanon,TN,Private nonprofit,Bachelor,www.cumberland.edu/,www.cumberland.edu/net-price-calculator/,2104,0.6733,43358.0,27840.0,27840.0,18759.0,17882.0,18048.0,19609.0,20333.0,20917.0,0.4626,0.2834,17952.0,45973.0,58091.0,69575.0,52246.0,57687.0,75036.0,0.7687909803294418,0.3556427075003998
110361,California Baptist University,Riverside,CA,Private nonprofit,Bachelor,www.calbaptist.edu/,https://calbaptist.studentaidcalculator.com/welcome.aspx,8179,0.8488,54038.0,41228.0,41228.0,26285.0,22298.0,21941.0,22620.0,26179.0,33971.0,0.6078,0.4419,26063.0,47533.0,68600.0,63882.0,52336.0,61504.0,105140.0,0.5849724177287426,0.35554623549552977
153001,Buena Vista University,Storm Lake,IA,Private nonprofit,Bachelor,https://www.bvu.edu/,https://www.bvu.edu/admissions/financial-assistance/calculator,1366,0.7761,54222.0,41798.0,41798.0,18846.0,12901.0,14838.0,18094.0,19571.0,24967.0,0.5446,0.5373,25000.0,41622.0,50318.0,49392.0,43572.0,49156.0,75384.0,0.6520747108139658,0.3551198875092858
131159,American University,Washington,DC,Private nonprofit,Bachelor,www.american.edu/,www.american.edu/financialaid/Net-Price-Calculator-Form.cfm,7266,0.6196,76058.0,58771.0,58771.0,41943.0,23233.0,20444.0,26035.0,30063.0,53673.0,0.77,0.676,22750.0,50329.0,79081.0,72598.0,61328.0,77370.0,167772.0,0.46116157642514843,0.3550944138473643
139366,Columbus State University,Columbus,GA,Public,Bachelor,www.columbusstate.edu/,https://columbusstate.edu/financial-aid/net-price.php,5625,0.9912,21676.0,5898.0,17610.0,13115.0,11271.0,11873.0,13786.0,16542.0,18329.0,0.4175,0.2318,26000.0,44821.0,60912.0,53931.0,39190.0,44544.0,52460.0,0.8491040792985132,0.35450095310712926
173911,South Central College,North Mankato,MN,Public,Associate,southcentral.edu/,https://southcentral.edu/financial-aid/net-price-calculator.html,1946,,15401.0,6146.0,6146.0,9082.0,6470.0,8439.0,9368.0,10947.0,15132.0,0.2853,0.2959,12000.0,42874.0,52003.0,49648.0,40637.0,45068.0,36328.0,1.2405857740585775,0.35393912133891214
178341,Missouri Southern State University,Joplin,MO,Public,Bachelor,www.mssu.edu/,www.mssu.edu/student-affairs/financial-aid/netcalc.php,3019,0.9703,19568.0,8960.0,17080.0,12007.0,9759.0,10132.0,11233.0,14578.0,15083.0,0.3987,0.2526,19174.0,38813.0,52419.0,49630.0,37866.0,42620.0,48028.0,0.8873990172399434,0.35380598817356546
113856,East Los Angeles College,Monterey Park,CA,Public,Associate,www.elac.edu/,https://misweb.cccco.edu/npc/748/npcalc.htm,27753,,19193.0,1238.0,10572.0,10852.0,10536.0,10059.0,11971.0,15346.0,16430.0,0.3656,0.1238,10500.0,35502.0,49823.0,47835.0,33032.0,42006.0,43408.0,0.9677018061186878,0.35379178031699227
159656,Loyola University New Orleans,New Orleans,LA,Private nonprofit,Bachelor,www.loyno.edu/,www.loyno.edu/admissions/tuition-financial-aid/net-price-calculator,2812,0.9305,64157.0,49440.0,49440.0,23696.0,20131.0,21956.0,22042.0,25584.0,29072.0,0.6332,0.4804,26000.0,28735.0,52459.0,53140.0,34092.0,52927.0,94784.0,0.558395931802836,0.35357630401755574
211431,Carlow University,Pittsburgh,PA,Private nonprofit,Bachelor,www.carlow.edu/,www.carlow.edu/admissions-aid/tuition-financial-aid/net-price-calculators/,1348,0.8695,49327.0,35874.0,35874.0,20786.0,17901.0,15748.0,19517.0,21601.0,25214.0,0.5758,0.4858,25500.0,60011.0,67381.0,60804.0,44876.0,51051.0,83144.0,0.6140070239584335,0.353545244395266
216931,Wilkes University,Wilkes-Barre,PA,Private nonprofit,Bachelor,https://www.wilkes.edu/,https://www.wilkes.edu/admissions/financial-aid/undergraduate-aid/net-price-calculator.aspx,1985,0.9064,56765.0,43496.0,43496.0,27743.0,25062.0,23440.0,26432.0,27843.0,31638.0,0.6182,0.5365,26000.0,59604.0,69197.0,68279.0,54128.0,63454.0,110972.0,0.5718018959737592,0.3534879320909779
166850,Merrimack College,North Andover,MA,Private nonprofit,Bachelor,https://www.merrimack.edu/,https://www.merrimack.edu/aid/net-price-calculator/,3916,0.7002,70038.0,53962.0,53962.0,37927.0,31710.0,29417.0,31962.0,36045.0,41050.0,0.7095,0.6301,27000.0,47761.0,65506.0,66201.0,54316.0,75584.0,151708.0,0.4982202652463944,0.35348727819231684
191986,Jamestown Community College,Jamestown,NY,Public,Associate,https://www.sunyjcc.edu/,https://www.suny.edu/howmuch/netpricecalculator.xhtml,1739,,18243.0,6840.0,6840.0,9850.0,7229.0,8662.0,11895.0,13776.0,16306.0,0.3639,0.3282,10990.0,34877.0,44726.0,43252.0,32868.0,38242.0,39400.0,0.9706091370558375,0.3532046649746193
130314,University of Saint Joseph,West Hartford,CT,Private nonprofit,Bachelor,https://www.usj.edu/,https://www.usj.edu/admissions/tuition-financial-aid/net-price-calculator/,838,0.7859,59900.0,47278.0,47278.0,27989.0,24563.0,23940.0,24054.0,27701.0,31958.0,0.66,0.5046,27000.0,67243.0,73035.0,68425.0,52053.0,59908.0,111956.0,0.5351030762085105,0.35316803029761695
221731,Tennessee Wesleyan University,Athens,TN,Private nonprofit,Bachelor,www.tnwesleyan.edu/,https://www.tnwesleyan.edu/tuition-aid/true-cost-calculator/,846,0.6885,39440.0,30814.0,30814.0,14836.0,11609.0,11088.0,12647.0,16043.0,18980.0,0.4553,0.3529,20000.0,41284.0,53707.0,51701.0,45987.0,45989.0,59344.0,0.7749561876516581,0.3528375522377999
206604,Wright State University-Main Campus,Dayton,OH,Public,Bachelor,https://www.wright.edu/,https://www.wright.edu/enrollment-services/forms-and-resources/cost-estimator,6762,0.9633,24373.0,11522.0,21222.0,15415.0,11952.0,11631.0,14501.0,18734.0,20720.0,0.4394,0.2813,22750.0,45640.0,62601.0,57485.0,42229.0,49500.0,61660.0,0.8027894907557573,0.3527457022380798
220613,Lee University,Cleveland,TN,Private nonprofit,Bachelor,www.leeuniversity.edu/,https://www.leeuniversity.edu/financial-aid/cost/,2617,0.7052,35688.0,23790.0,23790.0,18878.0,12834.0,13845.0,17029.0,19699.0,24641.0,0.6162,0.508,25750.0,35892.0,47559.0,46004.0,38082.0,43222.0,75512.0,0.5723858459582583,0.3527041582794787
180984,Concordia University-Nebraska,Seward,NE,Private nonprofit,Bachelor,www.cune.edu/,www.cune.edu/costs-and-aid/undergraduate/net-price-calculator,1283,0.8572,53292.0,40640.0,40640.0,23965.0,19107.0,20295.0,21442.0,25401.0,26433.0,0.6449,0.5112,25750.0,43591.0,53848.0,50584.0,44527.0,52415.0,95860.0,0.5467869810139787,0.3526229240559149
203517,Kent State University at Kent,Kent,OH,Public,Bachelor,www.kent.edu/,www.kent.edu/fbe-center/calculator,19320,0.8634,30567.0,13232.0,23082.0,20787.0,15280.0,15718.0,17296.0,23685.0,26278.0,0.6458,0.4897,24500.0,40674.0,56839.0,53321.0,40179.0,45388.0,83148.0,0.5458700149131669,0.3525228556309232
179645,Three Rivers College,Poplar Bluff,MO,Public,Associate,https://trcc.edu/,https://trcc.edu/pay-for-college/net-price-calculator/,1844,,18637.0,4950.0,6180.0,8496.0,8236.0,6570.0,9980.0,12034.0,,0.3691,0.2484,10000.0,33394.0,42322.0,36886.0,29566.0,32442.0,33984.0,0.9546257062146892,0.35235234816384176
212832,Gwynedd Mercy University,Gwynedd Valley,PA,Private nonprofit,Bachelor,https://www.gmercyu.edu/,https://www.gmercyu.edu/admissions-aid/financial-aid-tuition/net-price-calculator,1067,0.8963,55786.0,40122.0,40122.0,27483.0,21995.0,20617.0,22269.0,27992.0,32456.0,0.5767,0.456,25000.0,76811.0,89170.0,80331.0,65976.0,67145.0,109932.0,0.6107866681221118,0.35224067150602184
191968,Ithaca College,Ithaca,NY,Private nonprofit,Bachelor,https://www.ithaca.edu/,https://collegepricecalculator.com/ithacacollege,4242,0.6901,68699.0,53540.0,53540.0,33926.0,21901.0,23335.0,28832.0,31846.0,38785.0,0.7518,0.6613,24000.0,31574.0,60436.0,59052.0,46305.0,63548.0,135704.0,0.46828391204386016,0.3520558450745741
126605,Spartan College of Aeronautics and Technology,Broomfield,CO,Private for-profit,Associate,www.spartan.edu/,www.spartan.edu/calculator/den/,397,,37719.0,20235.0,20235.0,30065.0,29609.0,33922.0,27152.0,,,0.716,0.5224,19188.0,55289.0,78810.0,62703.0,55728.0,59093.0,120260.0,0.4913770164643273,0.35182594378845833
209922,Reed College,Portland,OR,Private nonprofit,Bachelor,https://www.reed.edu/,https://npc.collegeboard.org/app/reed,1320,0.2461,86376.0,69350.0,69350.0,33013.0,12674.0,12514.0,14513.0,23421.0,46711.0,0.7383,0.5734,21500.0,29077.0,44518.0,56263.0,38607.0,62927.0,132052.0,0.47653197225335475,0.3518235551146518
150455,Earlham College,Richmond,IN,Private nonprofit,Bachelor,https://earlham.edu/,https://www.shoppingsheet.com/Shopping/School/150455,670,0.7311,67684.0,53930.0,53930.0,24714.0,17178.0,15658.0,19768.0,26136.0,31058.0,0.6846,0.6458,23488.0,22339.0,44750.0,42038.0,35430.0,50797.0,98856.0,0.5138484259933641,0.3517806324350571
204185,University of Mount Union,Alliance,OH,Private nonprofit,Bachelor,www.mountunion.edu/,https://mountunion.aidcalc.cloud/,1995,0.782,49276.0,36600.0,36600.0,23280.0,16786.0,19428.0,17741.0,23474.0,26495.0,0.6153,0.5032,27000.0,41037.0,57955.0,55780.0,45919.0,53217.0,93120.0,0.5714884020618557,0.3516368137886598
183743,Bergen Community College,Paramus,NJ,Public,Associate,https://www.bergen.edu/,https://bergen.edu/price_calculator/index.html,10557,,17184.0,4913.0,9294.0,10345.0,8532.0,8768.0,10964.0,13927.0,16919.0,0.312,0.0815,12000.0,32872.0,51761.0,48340.0,36599.0,46624.0,41380.0,1.1267278878685356,0.3515391010149831
175342,Alcorn State University,Alcorn State,MS,Public,Bachelor,www.alcorn.edu/,nces.ed.gov/collegenavigator/?q=Alcorn+State+university&s=all&id=175342,2363,0.4533,23751.0,8785.0,8785.0,13265.0,12613.0,12344.0,16296.0,18244.0,17620.0,0.512,0.4933,27000.0,32210.0,45495.0,49285.0,27752.0,36421.0,53060.0,0.6864116094986807,0.35144274406332454
222831,Angelo State University,San Angelo,TX,Public,Bachelor,www.angelo.edu/,www.collegeforalltexans.com/apps/CollegeMoney/,5643,0.8301,23441.0,8460.0,18300.0,15091.0,12008.0,12910.0,14787.0,17958.0,22368.0,0.4233,0.3039,20000.0,40595.0,54923.0,54594.0,41050.0,50116.0,60364.0,0.8302299383738653,0.35143633291365717
187444,William Paterson University of New Jersey,Wayne,NJ,Public,Bachelor,www.wpunj.edu/,www.wpunj.edu/financial-aid/net_price_calc.html,6614,0.9008,28476.0,15704.0,25344.0,18745.0,16171.0,18287.0,18505.0,22862.0,24917.0,0.4559,0.2616,22334.0,39514.0,59272.0,58765.0,44928.0,57780.0,74980.0,0.770605494798613,0.35131904507868766
102049,Samford University,Birmingham,AL,Private nonprofit,Bachelor,www.samford.edu/,https://www.samford.edu/admission/net-price-calculator,4206,0.8236,57456.0,40150.0,40150.0,32622.0,22716.0,24812.0,31527.0,34206.0,36235.0,0.7838,0.6827,19500.0,45463.0,66567.0,58732.0,49466.0,58469.0,130488.0,0.448079516890442,0.3512047253387285
196024,SUNY College of Technology at Delhi,Delhi,NY,Public,Bachelor,www.delhi.edu/,www.delhi.edu/admission/financial-aid/cost-calculator/index.php,2843,0.8901,26944.0,8772.0,12762.0,17225.0,12025.0,14384.0,18603.0,20589.0,24827.0,0.4682,0.2316,15180.0,45539.0,56927.0,50492.0,42826.0,51629.0,68900.0,0.7493323657474601,0.35083741364296084
174473,Northland Community and Technical College,Thief River Falls,MN,Public,Associate,www.northlandcollege.edu/,www.minnstate.edu/admissions/calculator/northland.html,1554,,19638.0,6289.0,6289.0,13975.0,11348.0,10526.0,13206.0,15823.0,18536.0,0.4408,0.4802,12000.0,45991.0,54671.0,51032.0,43006.0,44425.0,55900.0,0.7947227191413238,0.3503137745974955
193584,Nazareth University,Rochester,NY,Private nonprofit,Bachelor,https://www2.naz.edu/,https://www2.naz.edu/tuition-aid/net-price-calculator,1873,0.7472,58254.0,42450.0,42450.0,29357.0,22796.0,22827.0,25663.0,31634.0,34267.0,0.7285,0.6342,26038.0,40201.0,57472.0,54813.0,47717.0,56458.0,117428.0,0.48078822767994006,0.35025422386483634
112075,Concordia University-Irvine,Irvine,CA,Private nonprofit,Bachelor,www.cui.edu/,www.cui.edu/studentlife/financial-aid/undergraduate/prospective-students-net-price-calculator,1536,0.6599,58682.0,43480.0,43480.0,28115.0,25431.0,26012.0,22202.0,26339.0,31967.0,0.6043,0.4984,24247.0,62033.0,83064.0,68691.0,53777.0,65083.0,112460.0,0.5787213231371154,0.34972129557175885
143288,Blackburn College,Carlinville,IL,Private nonprofit,Bachelor,www.blackburn.edu/,https://blackburn.edu/admissions-aid/financial-aid/net-price-calculator/,471,0.6319,37916.0,28149.0,28149.0,18460.0,16838.0,14781.0,12329.0,23013.0,23305.0,0.5513,0.503,24242.0,32120.0,46015.0,49562.0,36665.0,46802.0,73840.0,0.6338299024918743,0.3494304252437703
163453,Morgan State University,Baltimore,MD,Public,Bachelor,https://www.morgan.edu/,https://www.morgan.edu/netpricecalc/,9019,0.8223,25413.0,8229.0,19124.0,14985.0,9585.0,13420.0,16147.0,19981.0,21323.0,0.4122,0.1885,27250.0,41247.0,62308.0,59150.0,40065.0,50698.0,59940.0,0.8458124791458125,0.34864390390390393
195322,Schenectady County Community College,Schenectady,NY,Public,Associate,sunysccc.edu/,sunysccc.edu/About-Us/Consumer-Information/index.html,1507,,16830.0,6190.0,8974.0,8947.0,6410.0,8161.0,10881.0,13362.0,15537.0,0.305,0.2152,11049.0,,44040.0,41560.0,34147.0,40902.0,35788.0,1.1428970604671957,0.34858360344249467
222053,Volunteer State Community College,Gallatin,TN,Public,Associate,www.volstate.edu/,www.volstate.edu/FinancialAid/Cost.php,5339,,16401.0,4756.0,17740.0,7802.0,6733.0,7441.0,8965.0,10880.0,13530.0,0.2642,0.1844,7550.0,36410.0,47655.0,45209.0,36045.0,41150.0,31208.0,1.318572160984363,0.3483667649320687
219790,Bryan College-Dayton,Dayton,TN,Private nonprofit,Bachelor,www.bryan.edu/,www.bryan.edu/admissions/undergraduate/financial-aid/estimator/,814,,31270.0,19800.0,19800.0,20614.0,19500.0,19904.0,21807.0,20655.0,21035.0,0.5272,0.4541,23000.0,38617.0,51604.0,,45559.0,54434.0,82456.0,0.660158144950034,0.34803537401765794
118347,College of Marin,Kentfield,CA,Public,Associate,www.marin.edu/,www.marin.edu/financial_aid/NetPriceCalculator/npcalc.htm,4042,,21015.0,1558.0,9334.0,12351.0,11665.0,10739.0,14045.0,16944.0,17686.0,0.403,0.131,10062.0,49096.0,62664.0,54326.0,35698.0,42654.0,49404.0,0.8633713869322323,0.34793866893368963
213598,Lincoln University,Lincoln University,PA,Public,Bachelor,www.lincoln.edu/,www.lincoln.edu/departments/financial-aid/net-price-calculator,1539,0.6572,28505.0,12512.0,19384.0,14977.0,14011.0,13000.0,15641.0,19881.0,21303.0,0.4828,0.2972,28250.0,32398.0,50871.0,50469.0,32865.0,43167.0,59908.0,0.7205548507711825,0.34788388195232695
243133,University of Puerto Rico-Bayamon,Bayamon,PR,Public,Bachelor,www.uprb.edu/,web.uprb.edu/NetPriceTemplate/index.html,2851,0.3533,12501.0,6284.0,6284.0,8484.0,7035.0,9432.0,11088.0,11091.0,11101.0,0.3428,0.0712,5500.0,15721.0,35322.0,31304.0,22382.0,34409.0,33936.0,1.0139380009429515,0.34757794672324377
210739,DeSales University,Center Valley,PA,Private nonprofit,Bachelor,www.desales.edu/,www.desales.edu/admissions-financial-aid/undergraduate-admissions-aid/tuition-fees/net-price-calculator,2128,0.7709,62745.0,46800.0,46800.0,31643.0,24007.0,25400.0,26096.0,29982.0,34878.0,0.7166,0.644,25788.0,56152.0,74078.0,64490.0,52721.0,61295.0,126572.0,0.484269822709604,0.34702775495370225
190840,Dutchess Community College,Poughkeepsie,NY,Public,Associate,https://www.sunydutchess.edu/,https://www.sunydutchess.edu/about/facts/consumer-information,3824,,17159.0,5670.0,10670.0,10065.0,6141.0,7736.0,11586.0,14886.0,16527.0,0.3178,0.1993,10039.0,28509.0,44694.0,43325.0,34095.0,43929.0,40260.0,1.0911326378539494,0.34676195230998513
383190,Hawaii Community College,Hilo,HI,Public,Associate,www.hawaii.hawaii.edu/,https://www.hawaii.hawaii.edu/files/financialaid/netpricecalculator/,1546,,15702.0,3204.0,8340.0,8942.0,7964.0,6745.0,9929.0,11917.0,15383.0,0.3554,0.1858,10500.0,30297.0,46462.0,37206.0,29704.0,34891.0,35768.0,0.975480876761351,0.3466859036009841
197294,SUNY Westchester Community College,Valhalla,NY,Public,Associate,www.sunywcc.edu/,www.suny.edu/howmuch/netpricecalculator.xhtml,8078,,15316.0,5948.0,12486.0,9373.0,7965.0,8398.0,10505.0,12782.0,14403.0,0.2776,0.1353,10400.0,79234.0,112190.0,,35539.0,46822.0,37492.0,1.248853088658914,0.34668161741171455
228343,Southwestern University,Georgetown,TX,Private nonprofit,Bachelor,https://www.southwestern.edu/,https://www.southwestern.edu/scholarships-financial-aid/grants-loans/net-price-calculator/,1440,0.4305,67493.0,53813.0,53813.0,29224.0,22478.0,19096.0,28175.0,30387.0,36332.0,0.7123,0.6667,25000.0,35635.0,59994.0,56682.0,49249.0,56878.0,116896.0,0.4865692581439912,0.34658328257596493
160755,Tulane University of Louisiana,New Orleans,LA,Private nonprofit,Bachelor,https://tulane.edu/,https://admission.tulane.edu/tuition-aid/net-price-calculator,7767,0.1398,87004.0,68678.0,68678.0,39949.0,16126.0,18041.0,20149.0,28207.0,56667.0,0.8753,0.7874,20500.0,46903.0,73816.0,67803.0,50220.0,63268.0,159796.0,0.3959298105083982,0.34655736313800095
151263,University of Indianapolis,Indianapolis,IN,Private nonprofit,Bachelor,https://uindy.edu/,https://www.shoppingsheet.com/Shopping/Landing/151263,3005,0.665,52590.0,37200.0,37200.0,21602.0,15346.0,17863.0,21262.0,23855.0,28004.0,0.5582,0.4485,26864.0,48997.0,63673.0,59228.0,46452.0,53610.0,86408.0,0.6204286640125914,0.34632328025182857
199607,Salem College,Winston-Salem,NC,Private nonprofit,Bachelor,www.salem.edu/,https://www.salem.edu/net-price-calculator,423,0.7667,48532.0,33848.0,33848.0,18277.0,19074.0,16001.0,16147.0,19940.0,24027.0,0.567,0.505,26649.0,34178.0,49227.0,43440.0,38496.0,44640.0,73108.0,0.6106034907260491,0.3462121792416698
162654,Goucher College,Baltimore,MD,Private nonprofit,Bachelor,www.goucher.edu/,www.goucher.edu/financial-aid/tuition-and-fees/net-price-calculator,964,0.7771,70544.0,53350.0,53350.0,22470.0,13471.0,18066.0,20403.0,24781.0,32220.0,0.5866,0.4592,26000.0,34937.0,57036.0,54736.0,40563.0,53023.0,89880.0,0.5899310191366266,0.34605353582554516
183132,Manchester Community College,Manchester,NH,Public,Associate,www.mccnh.edu/,www.mccnh.edu/affordability/financial-aid/net-price-calculator/,1587,,20703.0,7090.0,15340.0,14143.0,11338.0,19860.0,20311.0,20380.0,20703.0,0.3989,0.3304,15060.0,40415.0,44863.0,,38656.0,49063.0,56572.0,0.867266492257654,0.34595260376157816
189839,Cayuga County Community College,Auburn,NY,Public,Associate,https://www.cayuga-cc.edu/,https://www.cayuga-cc.edu/financial-aid/resources/npc/,1187,,16709.0,7056.0,12336.0,8662.0,5334.0,6485.0,10243.0,13743.0,15726.0,0.3096,0.2288,12000.0,,,42040.0,34432.0,38709.0,34648.0,1.1172073424151465,0.34588739321172934
238324,Bellin College,Green Bay,WI,Private nonprofit,Bachelor,https://www.bellincollege.edu/,https://www.bellincollege.edu/admissions/financial-aid-and-scholarships/net-price-calculator/,372,0.9718,42941.0,30952.0,30952.0,37408.0,29994.0,33493.0,33018.0,37835.0,41021.0,0.679,0.587,18000.0,66343.0,77238.0,74427.0,72118.0,76222.0,149632.0,0.5093963857998289,0.34588014595808386
243212,University of Puerto Rico at Ponce,Ponce,PR,Public,Bachelor,www.uprp.edu/,sites.google.com/upr.edu/opei-netpricecalculator/,2278,0.5245,17193.0,5354.0,5354.0,10990.0,10114.0,10534.0,13017.0,13600.0,12404.0,0.4843,0.1552,5500.0,9570.0,29384.0,24386.0,22404.0,31394.0,43960.0,0.7141492265696088,0.34586247042766155
194310,Pace University,New York,NY,Private nonprofit,Bachelor,www.pace.edu/,www.pace.edu/admission-aid/undergraduate-admission/freshman/net-price-calculator,7665,0.7592,69550.0,53290.0,53290.0,30892.0,26473.0,26362.0,28467.0,31219.0,36430.0,0.6072,0.4605,23250.0,55677.0,80804.0,79270.0,52767.0,70378.0,123568.0,0.5695487504855626,0.3458300012948336
183859,Brookdale Community College,Lincroft,NJ,Public,Associate,https://www.brookdalecc.edu/,www.brookdalecc.edu/documents/financial-aid/2023-2024-forms/index.html,7901,,18143.0,6270.0,10140.0,11231.0,9052.0,9276.0,11633.0,13997.0,17851.0,0.3499,0.1388,12000.0,33617.0,50402.0,50836.0,34658.0,44379.0,44924.0,0.9878683999643842,0.34565515314753803
201177,Aultman College of Nursing and Health Sciences,Canton,OH,Private nonprofit,Bachelor,https://www.aultmancollege.edu/,https://www.aultmancollege.edu/netprice/npcalc.htm,280,0.4588,28979.0,20230.0,20230.0,24204.0,21580.0,22068.0,26346.0,26343.0,25133.0,0.5263,0.6667,20000.0,57864.0,72441.0,65313.0,50096.0,63582.0,96816.0,0.6567302925136341,0.34563715294992564
210429,Western Oregon University,Monmouth,OR,Public,Bachelor,https://wou.edu/,https://wou.edu/business/tuition-calculators/,3103,0.981,25062.0,11879.0,32534.0,17237.0,15575.0,14585.0,16151.0,17974.0,20243.0,0.4599,0.2907,20609.0,38013.0,54346.0,52801.0,42537.0,51815.0,68948.0,0.7515083831293149,0.3456187054011719
130934,Delaware State University,Dover,DE,Public,Bachelor,www.desu.edu/,www.desu.edu/npc,4398,0.4658,27939.0,10670.0,20634.0,13910.0,11135.0,12452.0,15701.0,17633.0,17326.0,0.3889,0.2816,26000.0,37057.0,56957.0,52996.0,37503.0,49307.0,55640.0,0.8861790079079799,0.3446350161754134
153250,Dordt University,Sioux Center,IA,Private nonprofit,Bachelor,https://www.dordt.edu/,https://www.dordt.edu/admissions-and-aid/cost/net-price-calculator,1597,0.6847,51733.0,37050.0,37050.0,25807.0,22597.0,21083.0,24079.0,25113.0,29940.0,0.6763,0.6727,21500.0,46256.0,57567.0,52018.0,50551.0,52559.0,103228.0,0.5091544929670244,0.3443411835935986
221485,Southwest Tennessee Community College,Memphis,TN,Public,Associate,www.southwest.tn.edu/,https://eas.southwest.tn.edu/request/netprice/20210514/index.html,5047,,12999.0,4778.0,17750.0,4754.0,4286.0,4304.0,6567.0,6796.0,6815.0,0.2021,0.0904,,35491.0,44124.0,42293.0,30317.0,34071.0,19016.0,1.70355,0.34428745499999996
168005,Suffolk University,Boston,MA,Private nonprofit,Bachelor,https://www.suffolk.edu/,https://suffolk.studentaidcalculator.com/survey.aspx,4268,0.8233,65281.0,47550.0,47550.0,29618.0,24745.0,25711.0,25702.0,29654.0,36264.0,0.604,0.4878,26889.0,47267.0,74456.0,69332.0,55856.0,67506.0,118472.0,0.5698055236680397,0.344162536295496
167534,Quinsigamond Community College,Worcester,MA,Public,Associate,www.qcc.edu/,www.qcc.edu/federal-net-price-calculator,6447,,15921.0,6262.0,11206.0,9090.0,8148.0,8315.0,8169.0,8743.0,11361.0,0.2723,0.1166,16575.0,47136.0,55076.0,50002.0,38351.0,45949.0,36360.0,1.2637238723872388,0.3441120104510451
139393,Covenant College,Lookout Mountain,GA,Private nonprofit,Bachelor,www.covenant.edu/,https://portal.covenant.edu/forms/index/Net_Price_Calculator,939,0.8651,57467.0,42040.0,42040.0,26265.0,18310.0,15929.0,24606.0,24836.0,30172.0,0.7168,0.6466,22500.0,31880.0,48802.0,43240.0,39570.0,50412.0,105060.0,0.47984009137635636,0.34394937749857224
161226,University of Maine at Farmington,Farmington,ME,Public,Bachelor,https://www.umf.maine.edu/,https://www.umf.maine.edu/admissions-aid/umf-net-price-calculator/,1140,0.9672,25822.0,11308.0,23878.0,16857.0,13301.0,13590.0,15088.0,19179.0,22368.0,0.5218,0.3564,24499.0,36871.0,44430.0,43862.0,31513.0,44433.0,67428.0,0.658969567538708,0.3438503203416978
187994,New Mexico State University-Alamogordo,Alamogordo,NM,Public,Associate,alamogordo.nmsu.edu/,https://fa.nmsu.edu/npc/index.html,591,,15728.0,2616.0,6072.0,7369.0,6714.0,8081.0,9132.0,10249.0,,0.2594,0.0548,17095.0,38119.0,54874.0,47377.0,32960.0,39067.0,29476.0,1.325383362735785,0.34380444429366264
210571,Albright College,Reading,PA,Private nonprofit,Bachelor,www.albright.edu/home/,https://albright.studentaidcalculator.com/survey.aspx,1217,0.7633,43711.0,29082.0,29082.0,20024.0,16345.0,16892.0,19741.0,21355.0,24947.0,0.4687,0.4216,27000.0,36646.0,57502.0,59794.0,45391.0,58700.0,80096.0,0.7328705553335997,0.3434964292848582
180814,Bellevue University,Bellevue,NE,Private nonprofit,Bachelor,https://www.bellevue.edu/,https://www.bellevue.edu/admissions-tuition/financing-options/net-price-calculator/npcalc.htm,10220,,23531.0,9903.0,9903.0,17550.0,17561.0,18288.0,16324.0,18262.0,17231.0,0.3934,0.1264,20000.0,58937.0,71325.0,69179.0,57732.0,61289.0,70200.0,0.873062678062678,0.34346285754985756
191649,Hofstra University,Hempstead,NY,Private nonprofit,Bachelor,www.hofstra.edu/,https://www.hofstra.edu/admission/adm_netprice.html,6488,0.6808,70624.0,57660.0,57660.0,34176.0,28219.0,31387.0,33450.0,36769.0,37348.0,0.678,0.5864,23621.0,44815.0,72921.0,71515.0,52131.0,69039.0,136704.0,0.5050254564606742,0.3424072594803371
232025,Emory & Henry University,Emory,VA,Private nonprofit,Bachelor,www.emoryhenry.edu/,www.emoryhenry.edu/financial-aid/cost-calculator/,1078,0.8365,52854.0,39000.0,39000.0,19061.0,14246.0,14430.0,17622.0,19029.0,23418.0,0.5508,0.444,26332.0,31937.0,47079.0,45479.0,39448.0,47385.0,76244.0,0.6214915272021405,0.34231753318293895
102234,Spring Hill College,Mobile,AL,Private nonprofit,Bachelor,https://www.shc.edu/,https://www.shc.edu/admissions-aid/tuition-financial-aid/net-price-calculator/,782,0.7657,39936.0,24054.0,24054.0,20449.0,15598.0,20141.0,22317.0,20642.0,26240.0,0.5435,0.4466,27000.0,,,,41358.0,51500.0,81796.0,0.6296151401046506,0.3421958286468776
206622,Xavier University,Cincinnati,OH,Private nonprofit,Bachelor,https://www.xavier.edu/,https://www.xavier.edu/net-price-calculator/,4207,0.8641,65476.0,50640.0,50640.0,32997.0,26728.0,28201.0,32175.0,33824.0,35451.0,0.6952,0.5884,23250.0,56371.0,71477.0,67660.0,54758.0,64873.0,131988.0,0.49150680364881655,0.3416955298966573
133553,Embry-Riddle Aeronautical University-Daytona Beach,Daytona Beach,FL,Private nonprofit,Bachelor,daytonabeach.erau.edu/,daytonabeach.erau.edu/financial-aid/net-price-calculator,7860,0.6481,64632.0,44249.0,44249.0,41272.0,36238.0,35628.0,36769.0,40670.0,45035.0,0.6695,0.4202,23666.0,67135.0,93582.0,89839.0,65391.0,84131.0,165088.0,0.5096130548555922,0.34118594022581894
167598,Regis College,Weston,MA,Private nonprofit,Bachelor,www.regiscollege.edu/,https://www.regiscollege.edu/admission/undergraduate-admission/cost-and-financial-aid/net-price-calculator,956,0.6978,65546.0,49680.0,49680.0,27477.0,21415.0,24531.0,22281.0,28986.0,33106.0,0.7072,0.6784,25500.0,72298.0,84660.0,67681.0,56223.0,52873.0,109908.0,0.4810659824580558,0.3402098627943371
218229,Lander University,Greenwood,SC,Public,Bachelor,https://www.lander.edu/,https://www.lander.edu/_files/npc/npcalc.htm,3397,0.8131,27277.0,11700.0,21300.0,15363.0,11450.0,11778.0,13842.0,18319.0,19102.0,0.493,0.3563,25000.0,36764.0,47003.0,46572.0,36851.0,42396.0,61452.0,0.6899043155633665,0.3401228275727397
213349,Kutztown University of Pennsylvania,Kutztown,PA,Public,Bachelor,https://www.kutztown.edu/,https://kutztown.studentaidcalculator.com/,6180,0.9075,29866.0,11314.0,16068.0,21331.0,15957.0,16386.0,19306.0,23840.0,26759.0,0.5396,0.4073,26000.0,39923.0,55608.0,53357.0,43309.0,53775.0,85324.0,0.6302447142656228,0.34008004781773005
221971,Union University,Jackson,TN,Private nonprofit,Bachelor,www.uu.edu/,www.uu.edu/financialaid/undergraduate/npc/,1607,0.6041,58363.0,40025.0,40025.0,27171.0,25839.0,26181.0,23891.0,27841.0,30373.0,0.683,0.6011,20714.0,53098.0,60152.0,52946.0,45505.0,53990.0,108684.0,0.49676125280630085,0.3392879356667035
229504,Vernon College,Vernon,TX,Public,Associate,www.vernoncollege.edu/,www.collegeforalltexans.com/apps/CollegeMoney/,2113,,14564.0,3720.0,6120.0,6404.0,4244.0,4501.0,7337.0,10738.0,11712.0,0.2147,0.142,11000.0,40101.0,53885.0,48014.0,34881.0,40464.0,25616.0,1.5796377264209869,0.33914821986258586
198215,Catawba College,Salisbury,NC,Private nonprofit,Bachelor,www.catawba.edu/,www.catawba.edu/calculator,1235,0.7521,49516.0,34300.0,34300.0,17879.0,13618.0,17495.0,15412.0,17440.0,24420.0,0.497,0.4729,25000.0,34621.0,49190.0,46080.0,36912.0,48793.0,71516.0,0.6822669053079031,0.33908665193802784
169479,Davenport University,Grand Rapids,MI,Private nonprofit,Bachelor,www.davenport.edu/,https://davenport.studentaidcalculator.com/survey.aspx,3134,0.9784,37319.0,24466.0,24466.0,17707.0,16700.0,22376.0,22856.0,24420.0,28703.0,0.532,0.3922,26000.0,54952.0,69009.0,60637.0,47041.0,45099.0,70828.0,0.6367397074603264,0.33874552436889366
180461,Montana State University,Bozeman,MT,Public,Bachelor,https://www.montana.edu/,https://www.montana.edu/admissions/tuitioncalc/,14451,0.8214,25905.0,8460.0,33287.0,22499.0,17797.0,18570.0,21977.0,24732.0,25905.0,0.5722,0.3665,22500.0,44828.0,65157.0,60146.0,44757.0,53263.0,89996.0,0.591837414996222,0.33864936886083824
134079,Florida Southern College,Lakeland,FL,Private nonprofit,Bachelor,www.flsouthern.edu/,www.flsouthern.edu/undergraduate/financial-aid/net-price-calculator,2656,0.6442,60768.0,44040.0,44040.0,28551.0,23624.0,21385.0,25830.0,29044.0,33706.0,0.6993,0.6451,25000.0,40861.0,58753.0,55528.0,47749.0,55294.0,114204.0,0.48416868060663376,0.338579158348219
183257,University of New Hampshire College of Professional Studies Online,Manchester,NH,Public,Bachelor,https://cps.unh.edu/online,https://app.meadowfi.com/unh,1157,,15451.0,7724.0,9284.0,10864.0,4587.0,,9416.0,15451.0,,0.221,0.1923,26814.0,48645.0,71253.0,66239.0,53671.0,66479.0,43456.0,1.5298002577319587,0.33808585695876286
204264,Muskingum University,New Concord,OH,Private nonprofit,Bachelor,www.muskingum.edu/,https://www.muskingum.edu/financial-aid/cost-calculator,1376,0.8184,44658.0,32665.0,32665.0,19532.0,14684.0,14479.0,16336.0,21372.0,23493.0,0.5451,0.4715,25369.0,36592.0,50429.0,49317.0,40536.0,48440.0,78128.0,0.6200081916854393,0.337966465287733
177968,Lindenwood University,Saint Charles,MO,Private nonprofit,Bachelor,https://www.lindenwood.edu/,https://www.lindenwood.edu/admissions/student-financial-services/net-price-calculator/,4624,0.5684,35436.0,21600.0,21600.0,19638.0,15678.0,14701.0,17603.0,20760.0,23821.0,0.498,0.3819,26000.0,41999.0,58207.0,54906.0,45711.0,53278.0,78552.0,0.678251349424585,0.3377691720134433
184205,Rowan College of South Jersey-Cumberland Campus,Vineland,NJ,Public,Associate,https://rcsj.edu/,https://npc.collegeboard.org/app/gccnj,2074,,16069.0,5160.0,6000.0,10562.0,9045.0,9568.0,11837.0,14103.0,16069.0,0.3417,0.1813,12000.0,33995.0,48576.0,46261.0,35433.0,41751.0,42248.0,0.9882361295209241,0.3376802854572998
200156,University of Jamestown,Jamestown,ND,Private nonprofit,Bachelor,www.uj.edu/,https://uj.studentaidcalculator.com/survey.aspx,1041,0.8808,38013.0,24990.0,24990.0,19567.0,14788.0,14826.0,18260.0,20408.0,21448.0,0.4667,0.3716,27000.0,49315.0,59388.0,60899.0,51151.0,56621.0,78268.0,0.7234246435324782,0.3376222811366076
174154,Herzing University-Minneapolis,St. Louis Park,MN,Private nonprofit,Bachelor,https://www.herzing.edu/,https://www.herzing.edu/tuition-financial-aid/net-price-calculator,740,0.9375,26163.0,13450.0,13450.0,16670.0,15304.0,15821.0,15433.0,22492.0,24347.0,0.6094,0.2857,21500.0,50047.0,58575.0,48660.0,35295.0,36909.0,66680.0,0.5535242951409718,0.3373177054589082
486901,Milligan University,Milligan,TN,Private nonprofit,Bachelor,www.milligan.edu/,https://www.milligan.edu/net-price-calculator/,818,0.7229,52511.0,40450.0,40450.0,21365.0,15118.0,14635.0,16351.0,22348.0,26390.0,0.6174,0.5543,25219.0,39739.0,55216.0,48861.0,43168.0,46641.0,85460.0,0.5457641001638194,0.33695475544114206
212115,East Stroudsburg University of Pennsylvania,East Stroudsburg,PA,Public,Bachelor,https://www.esu.edu/,www.passhe.edu/answers/Calculator/EA/npcalc-212115.htm,4814,0.9205,27917.0,11536.0,19502.0,18134.0,15365.0,14511.0,17382.0,21135.0,22892.0,0.435,0.2937,24218.0,36553.0,56971.0,54545.0,44290.0,56148.0,72536.0,0.7740708062203595,0.33672080070585636
101301,George C Wallace State Community College-Selma,Selma,AL,Public,Associate,https://www.wccs.edu/,https://www.wccs.edu/financial-aid/netprice-calculator,855,,19175.0,4740.0,8610.0,9272.0,8948.0,10148.0,11516.0,,,0.3952,0.2785,,35882.0,41578.0,39322.0,25214.0,31598.0,37088.0,0.8519736842105263,0.3367
157076,Kentucky Wesleyan College,Owensboro,KY,Private nonprofit,Bachelor,https://kwc.edu/,https://kwc.edu/net-price-calculator/,842,0.716,46203.0,34673.0,34673.0,17131.0,13951.0,13701.0,15062.0,19306.0,22888.0,0.4932,0.3143,23250.0,33668.0,45592.0,47632.0,35895.0,46747.0,68524.0,0.6821989375985056,0.33646051602358296
202523,Denison University,Granville,OH,Private nonprofit,Bachelor,https://www.denison.edu/,https://www.denison.edu/forms/net-price-calculator,2380,0.1739,81900.0,67000.0,67000.0,40007.0,16656.0,13086.0,17827.0,20839.0,48472.0,0.7946,0.7248,26000.0,38519.0,62838.0,61795.0,51352.0,67753.0,160028.0,0.4233821581223286,0.3364194628440023
162779,Howard Community College,Columbia,MD,Public,Associate,www.howardcc.edu/,https://www.howardcc.edu/admissions-aid/pay-for-college/financial-aid/net-price-calculator/,6649,,16774.0,4080.0,9624.0,11133.0,9714.0,9924.0,12198.0,14104.0,15881.0,0.3053,0.1607,10500.0,50859.0,57920.0,60385.0,39195.0,49020.0,44532.0,1.1007814605227701,0.33606857989760175
198233,Catawba Valley Community College,Hickory,NC,Public,Associate,www.cvcc.edu/,www.cvcc.edu/Student_Services/Financial_Aid/NetPrice.cfm,2741,,20446.0,2427.0,7803.0,10528.0,9170.0,9639.0,13129.0,15469.0,,0.3821,0.0472,4938.0,33668.0,44829.0,44055.0,32508.0,36977.0,42112.0,0.8780632598784195,0.3355079715995441
147013,McKendree University,Lebanon,IL,Private nonprofit,Bachelor,https://www.mckendree.edu/,https://mckendree.studentaidcalculator.com/survey.aspx,1752,0.7172,48845.0,34740.0,34740.0,24717.0,21928.0,21432.0,21041.0,28333.0,29066.0,0.566,0.4159,23250.0,44835.0,60630.0,59757.0,49439.0,58572.0,98868.0,0.5924262653234615,0.3353132661730792
225399,Houston Christian University,Houston,TX,Private nonprofit,Bachelor,https://www.hc.edu/,https://www.hc.edu/estimator,2886,0.8444,50082.0,39430.0,39430.0,20629.0,17933.0,18998.0,19803.0,24079.0,28640.0,0.4946,0.3816,22642.0,52289.0,62310.0,61737.0,44595.0,55933.0,82516.0,0.6778442968636386,0.3352617892287556
238476,Carthage College,Kenosha,WI,Private nonprofit,Bachelor,www.carthage.edu/,www.carthage.edu/admissions/costs-scholarships-aid/net-price-calculator/,2660,0.8706,50822.0,38750.0,38750.0,26565.0,23293.0,23630.0,22427.0,24995.0,29176.0,0.6246,0.5637,26000.0,42860.0,59751.0,56708.0,46116.0,56950.0,106260.0,0.5359495576886881,0.33475409373235465
225247,Hardin-Simmons University,Abilene,TX,Private nonprofit,Bachelor,https://www.hsutx.edu/,https://www.hsutx.edu/tuition-aid/affording-hsu/net-price-calculator/,1283,0.9,45904.0,32960.0,32960.0,19555.0,13822.0,15190.0,17248.0,18182.0,25639.0,0.4775,0.3667,24711.0,40226.0,53769.0,55061.0,44392.0,54771.0,78220.0,0.7002173357197647,0.33435377780618764
117715,Los Angeles Southwest College,Los Angeles,CA,Public,Associate,https://www.lasc.edu/,https://misweb.cccco.edu/npc/745/npcalc.htm,3706,,13624.0,1238.0,10572.0,5964.0,5723.0,6189.0,6540.0,7420.0,,0.2478,0.1429,,35330.0,47806.0,42481.0,28065.0,32172.0,23856.0,1.3485915492957747,0.33418098591549295
157058,Kentucky State University,Frankfort,KY,Public,Bachelor,www.kysu.edu/,https://kysu.studentaidcalculator.com/survey.aspx,1309,0.9608,21727.0,9387.0,13658.0,8040.0,10225.0,6739.0,5256.0,1958.0,,0.2952,0.1381,25938.0,30808.0,46766.0,46010.0,29640.0,36382.0,32160.0,1.1312810945273633,0.33395417910447767
160065,University of Holy Cross,New Orleans,LA,Private nonprofit,Bachelor,uhcno.edu/,https://selfservice.uhcno.edu/calculator/,471,0.7366,27541.0,16576.0,16576.0,15635.0,14202.0,15215.0,15314.0,19073.0,16087.0,0.4234,0.0857,26995.0,59579.0,62842.0,59096.0,46296.0,49316.0,62540.0,0.7885513271506236,0.33387263191557404
498571,Pennsylvania Western University,California,PA,Public,Bachelor,https://www.pennwest.edu/,https://pennwest.clearcostcalculator.com/student/default/netpricecalculator/survey,7451,0.9433,26916.0,11436.0,16054.0,18256.0,13944.0,14171.0,16517.0,20633.0,23272.0,0.5142,0.3771,23725.0,45005.0,54553.0,51625.0,38474.0,47295.0,73024.0,0.6476637817703769,0.33302871658632777
153375,Grand View University,Des Moines,IA,Private nonprofit,Bachelor,www.grandview.edu/,https://www.grandview.edu/admissions/financial-aid/net-price-calculator,1486,0.9909,48522.0,34762.0,34762.0,21774.0,18512.0,18773.0,20254.0,23414.0,24601.0,0.5489,0.454,22500.0,46038.0,57521.0,56005.0,47582.0,52824.0,87096.0,0.606503168917057,0.3329095894185726
208406,Clackamas Community College,Oregon City,OR,Public,Associate,www.clackamas.edu/,www.clackamas.edu/docs/default-source/admissions-and-financial-aid/educational-tax-credits/net-price-calculator.htm,4963,,11085.0,6345.0,14265.0,7855.0,7860.0,6534.0,7216.0,11085.0,11085.0,0.2439,0.1218,11992.0,36816.0,54462.0,47557.0,37557.0,42886.0,31420.0,1.3649267982176958,0.332905646085296
229814,West Texas A & M University,Canyon,TX,Public,Bachelor,https://www.wtamu.edu/,https://apps.wtamu.edu/calculator/,6917,0.9868,23482.0,9101.0,10996.0,19487.0,16525.0,17218.0,19268.0,22454.0,23439.0,0.5108,0.3239,19500.0,43203.0,55166.0,53816.0,44399.0,50741.0,77948.0,0.6509596141017089,0.33251017088315293
147244,Millikin University,Decatur,IL,Private nonprofit,Bachelor,https://millikin.edu/,https://tcc.ruffalonl.com/Millikin University/First-Year-Students,1382,0.6668,57475.0,26892.0,26892.0,21989.0,18659.0,15629.0,23053.0,24622.0,27524.0,0.5702,0.4657,27000.0,40104.0,54115.0,51792.0,43100.0,51262.0,87956.0,0.5828141343398973,0.3323206194006094
231165,Vermont State University,Randolph,VT,Public,Bachelor,vermontstate.edu/,https://vermontstate.edu/admission/financial-aid/,3590,0.8167,25988.0,11952.0,22296.0,18212.0,14645.0,12998.0,16279.0,20668.0,24007.0,0.4806,0.3255,15000.0,41804.0,56249.0,54394.0,41340.0,50331.0,72848.0,0.6909043487810235,0.3320486300241599
201195,Baldwin Wallace University,Berea,OH,Private nonprofit,Bachelor,https://www.bw.edu/,https://bw.studentaidcalculator.com/survey.aspx,2842,0.757,55606.0,39832.0,39832.0,27603.0,21296.0,20381.0,22994.0,27597.0,31288.0,0.677,0.5668,27000.0,40037.0,59094.0,54126.0,44972.0,54122.0,110412.0,0.4901822265695758,0.33185336738760285
119067,Monterey Peninsula College,Monterey,CA,Public,Associate,www.mpc.edu/,www.mpc.edu/financial-aid/getting-started/net-price-calculator,5624,,19605.0,1188.0,10572.0,11373.0,9451.0,10277.0,13602.0,15700.0,18340.0,0.3576,0.1453,,,,55075.0,34496.0,42176.0,45492.0,0.9271080629561241,0.33153384331311
208822,George Fox University,Newberg,OR,Private nonprofit,Bachelor,https://www.georgefox.edu/,https://www.georgefox.edu/college-admissions/scholarships/net-price-calculator.html,2699,0.9351,58644.0,42750.0,42750.0,31679.0,22871.0,23580.0,24631.0,32052.0,36847.0,0.7027,0.6571,24250.0,46009.0,69145.0,62120.0,53568.0,59761.0,126716.0,0.4716136873007355,0.33140293806622684
233541,Shenandoah University,Winchester,VA,Private nonprofit,Bachelor,www.su.edu/,https://www.su.edu/financial-aid/net-cost-calculator/,2116,0.7695,51928.0,36950.0,36950.0,30298.0,24356.0,26715.0,26635.0,30332.0,33591.0,0.6868,0.5636,25000.0,47589.0,65784.0,60910.0,48167.0,58433.0,121192.0,0.48215228727968845,0.33114219090369
106713,Central Baptist College,Conway,AR,Private nonprofit,Bachelor,www.cbc.edu/,https://www.cbc.edu/estimateexpenses,484,0.6346,30605.0,21330.0,21330.0,12287.0,11750.0,12659.0,12067.0,14382.0,11408.0,0.3471,0.256,22250.0,39020.0,46683.0,44600.0,37681.0,46789.0,49148.0,0.9520021160576219,0.33043993448360054
107558,University of the Ozarks,Clarksville,AR,Private nonprofit,Bachelor,https://ozarks.edu/,https://ozarks.edu/admissions-aid/costs-and-aid/costs-of-attendance/net-price-calculator/,767,0.5951,38666.0,25950.0,25950.0,17360.0,14664.0,14551.0,19291.0,18632.0,22836.0,0.5162,0.4185,20875.0,30190.0,46099.0,43707.0,37651.0,44384.0,69440.0,0.6391705069124424,0.32993981566820274
446640,Harrisburg University of Science and Technology,Harrisburg,PA,Private nonprofit,Bachelor,www.harrisburgu.edu/,www.harrisburgu.edu/NetPrice/,615,0.8735,35893.0,24400.0,24400.0,15376.0,12637.0,11292.0,15063.0,19420.0,20871.0,0.3874,0.2312,27000.0,38341.0,55281.0,58018.0,34365.0,52374.0,61504.0,0.8515543704474505,0.32989216311134234
454227,Chamberlain University-Illinois,Addison,IL,Private for-profit,Bachelor,https://www.chamberlain.edu/,https://www.chamberlain.edu/admissions/financial-aid-scholarships/calculator,14027,0.8264,40826.0,21536.0,21536.0,31837.0,30013.0,30090.0,34050.0,32607.0,40826.0,0.4545,0.4167,20919.0,83585.0,97262.0,95339.0,84533.0,92405.0,127348.0,0.7256101391462764,0.3297898082419826
219718,Bethel University,McKenzie,TN,Private nonprofit,Bachelor,www.bethelu.edu/,www.bethelu.edu/admissions/tuition-and-fees/net-price-calculator,1547,0.6023,31203.0,18712.0,18712.0,12595.0,11871.0,17356.0,11713.0,10473.0,15163.0,0.3497,0.1373,27249.0,48196.0,62152.0,52206.0,38990.0,47482.0,50380.0,0.9424771734815403,0.3295842675664946
180647,Salish Kootenai College,Pablo,MT,Public,Bachelor,www.skc.edu/,netprice.skc.edu/,580,,13047.0,4311.0,11583.0,7945.0,6999.0,9221.0,8502.0,11883.0,,0.3198,0.0179,12923.0,33431.0,52164.0,45085.0,28894.0,32725.0,31780.0,1.0297356828193833,0.32930947136563876
232265,Hampton University,Hampton,VA,Private nonprofit,Bachelor,www.hamptonu.edu/,www.hamptonu.edu/studentservices/financialaid,3727,0.6225,46027.0,30592.0,30592.0,25319.0,32101.0,14207.0,14305.0,,31528.0,0.5637,0.4427,25442.0,36097.0,61865.0,59105.0,42721.0,59159.0,101276.0,0.5841364192898614,0.32927769955369485
119331,Napa Valley College,Napa,CA,Public,Associate,https://www.napavalley.edu/,https://misweb.cccco.edu/npc/241/npcalc.htm,3813,,22572.0,1156.0,11908.0,14644.0,12795.0,13380.0,16099.0,18041.0,20165.0,0.3893,0.0871,10147.0,54152.0,71587.0,60424.0,40426.0,49517.0,58576.0,0.8453462168806337,0.3290932822316307
178679,Ozark Christian College,Joplin,MO,Private nonprofit,Bachelor,www.occ.edu/,occ.edu/net-price-calculator,602,0.9361,28485.0,16000.0,16000.0,20580.0,17900.0,15098.0,19463.0,21083.0,22451.0,0.6554,0.4031,16772.0,28852.0,40563.0,39290.0,32528.0,41297.0,82320.0,0.5016642371234208,0.32879074101069
237899,West Virginia State University,Institute,WV,Public,Bachelor,www.wvstateu.edu/,https://wvstateu.studentaidcalculator.com/survey.aspx,1321,0.9596,19772.0,9570.0,14990.0,11139.0,9457.0,10225.0,10703.0,13798.0,17355.0,0.3613,0.3041,23338.0,36965.0,44688.0,43015.0,32849.0,40492.0,44556.0,0.9087889397611993,0.32834544393572135
227331,Our Lady of the Lake University,San Antonio,TX,Private nonprofit,Bachelor,https://www.ollusa.edu/,https://www.ollusa.edu/NetPriceCalculator,1066,,42865.0,32106.0,32106.0,16442.0,16236.0,18595.0,17225.0,17118.0,19100.0,0.4436,0.3432,24999.0,37834.0,55876.0,52978.0,41195.0,48675.0,65768.0,0.7401015691521713,0.32830905607590316
180692,The University of Montana-Western,Dillon,MT,Public,Bachelor,umwestern.edu/,www.umwestern.edu/npc/index.html,1198,0.9978,21403.0,6670.0,20130.0,16558.0,14822.0,14058.0,15951.0,17785.0,20125.0,0.5029,0.2886,21000.0,34356.0,44338.0,42191.0,37252.0,43229.0,66232.0,0.652690542336031,0.32823807374079
429128,Urban College of Boston,Boston,MA,Private nonprofit,Associate,https://www.urbancollege.edu/,https://calculator.studentaidprocess.com/calculator/(S(qpkkaquwexb105tecnzrqp5m))/netpricecalculator?corpid=161,438,,19353.0,7608.0,7608.0,6957.0,6957.0,,,,,0.2571,0.0,,33191.0,44255.0,33103.0,33241.0,35472.0,27828.0,1.2746873652436395,0.3277221216041397
243197,University of Puerto Rico-Mayaguez,Mayaguez,PR,Public,Bachelor,https://www.uprm.edu/,https://www.uprm.edu/netpricecalculator/,9539,0.5652,21637.0,5274.0,5274.0,17936.0,17939.0,17931.0,17929.0,17457.0,18466.0,0.4799,0.0664,8250.0,30995.0,51164.0,51879.0,32706.0,48992.0,71744.0,0.6828724353256022,0.32771048171275646
198136,Campbell University,Buies Creek,NC,Private nonprofit,Bachelor,https://www.campbell.edu/,https://www.shoppingsheet.com/Shopping/Landing/campbell,2680,0.8718,62187.0,41600.0,41600.0,24516.0,20751.0,20981.0,19979.0,26959.0,30864.0,0.5847,0.4759,22500.0,44910.0,63540.0,55342.0,45511.0,54886.0,98064.0,0.5596957089247838,0.3272540810083211
203599,Lakeland Community College,Kirtland,OH,Public,Associate,www.lakelandcc.edu/,lkn.lakelandcc.edu/public/calculator/netprice/npcalc.htm,2773,,11859.0,3872.0,9235.0,7606.0,5977.0,6333.0,8506.0,10631.0,11028.0,0.2513,0.1412,14751.0,48984.0,52591.0,49945.0,35071.0,39612.0,30424.0,1.3019984222981857,0.3271922035235341
106449,Arkansas State University-Beebe,Beebe,AR,Public,Associate,www.asub.edu/,https://www.asub.edu/net-price-calculator/,1986,,18771.0,3336.0,5232.0,11698.0,10030.0,10215.0,13489.0,15195.0,17445.0,0.4171,0.3133,8093.0,27443.0,41404.0,38971.0,32587.0,36603.0,46792.0,0.7822491024106685,0.32627610061548984
178217,Mineral Area College,Park Hills,MO,Public,Associate,https://mineralarea.edu/,https://my.mineralarea.edu/ICS/Admissions/Public.jnz?portlet=Net_Price_Calculator_2015-02-13T09-18-07-273,1592,,18497.0,5660.0,8570.0,12045.0,10977.0,11560.0,12970.0,13747.0,15118.0,0.4443,0.398,10500.0,33543.0,40950.0,40708.0,31300.0,35352.0,48180.0,0.7337484433374845,0.3260044333748443
178208,Midwestern Baptist Theological Seminary,Kansas City,MO,Private nonprofit,Bachelor,https://www.mbts.edu/,https://www.mbts.edu/future-students/cost-and-aid/costs-calculator/,747,0.964,29080.0,10120.0,10120.0,23006.0,19818.0,21659.0,22701.0,26461.0,26870.0,0.5932,0.2273,15675.0,51554.0,62368.0,58864.0,39712.0,50535.0,92024.0,0.5491502216813006,0.3257559115013475
173142,Bethany Lutheran College,Mankato,MN,Private nonprofit,Bachelor,https://www.blc.edu/,https://www.blc.edu/net-price-calculator,669,0.3897,41013.0,31360.0,31360.0,20148.0,12571.0,16564.0,17233.0,20099.0,24961.0,0.5691,0.4343,23000.0,37463.0,47456.0,45652.0,40652.0,46110.0,80592.0,0.5721411554496725,0.32560553156640865
153977,Mercy College of Health Sciences,Des Moines,IA,Private nonprofit,Bachelor,https://www.mchs.edu/,www.mchs.edu/Portals/0/Html/npcalc.html,867,0.9971,34398.0,17664.0,17664.0,26924.0,24171.0,27533.0,29193.0,26615.0,29953.0,0.5625,0.6667,14745.0,63920.0,68691.0,62428.0,53375.0,62234.0,107696.0,0.5778673302629624,0.32505037327291636
153296,Ellsworth Community College,Iowa Falls,IA,Public,Associate,https://ecc.iavalley.edu/,https://ecc.iavalley.edu/admissions/financial-aid/tuition-and-fees/,499,,18804.0,5496.0,6504.0,11451.0,9121.0,8203.0,12486.0,13685.0,14742.0,0.3666,0.338,10000.0,35719.0,41314.0,46385.0,31739.0,40562.0,45804.0,0.8855558466509476,0.32464477338223735
194222,Onondaga Community College,Syracuse,NY,Public,Associate,www.sunyocc.edu/,https://www.suny.edu/howmuch/netpricecalculator.xhtml,4456,,16585.0,6102.0,11392.0,8562.0,5490.0,6958.0,10307.0,13269.0,15707.0,0.2696,0.1958,10000.0,30691.0,46821.0,43591.0,34215.0,41190.0,34248.0,1.202697967764541,0.3242473721093203
207263,Northeastern State University,Tahlequah,OK,Public,Bachelor,https://www.nsuok.edu/,https://offices.nsuok.edu/_resources/includes/calculator22-23.inc,4772,0.9959,21551.0,7810.0,17290.0,12710.0,10598.0,9827.0,12612.0,18188.0,19511.0,0.3628,0.2091,17367.0,42572.0,50752.0,49473.0,41207.0,45379.0,50840.0,0.8925845790715972,0.3238296852871755
439701,The King's University,Southlake,TX,Private nonprofit,Bachelor,https://www.tku.edu/,https://www.tku.edu/admissions/financial-aid/financial-aid-calculator/,251,0.6064,18075.0,12480.0,12480.0,14140.0,16825.0,12674.0,,14343.0,13430.0,0.4412,0.0667,27000.0,26909.0,46846.0,44742.0,30883.0,41471.0,56560.0,0.7332213578500707,0.32349726308345117
162609,Garrett College,McHenry,MD,Public,Associate,www.garrettcollege.edu/index.php,www.garrettcollege.edu/NPC/,411,,14342.0,4144.0,12040.0,9228.0,7387.0,7231.0,10686.0,12624.0,13398.0,0.3333,0.2642,10750.0,17189.0,37793.0,34553.0,28920.0,35823.0,36912.0,0.970497399219766,0.323466783159948
220604,Le Moyne-Owen College,Memphis,TN,Private nonprofit,Bachelor,www.loc.edu/,www.loc.edu/net-price-calculator/,581,0.9923,19001.0,12076.0,12076.0,7099.0,6393.0,7213.0,7411.0,8112.0,,0.258,0.1349,28070.0,,,43193.0,25992.0,35594.0,28396.0,1.2534864065361317,0.323399492886322
101569,Lawson State Community College,Birmingham,AL,Public,Associate,www.lawsonstate.edu/,nces.ed.gov/ipeds/netpricecalculator/#/,2900,,14895.0,5040.0,8910.0,6275.0,6102.0,5464.0,8151.0,9449.0,,0.256,0.1781,,33056.0,44506.0,39094.0,27733.0,31701.0,25100.0,1.262988047808765,0.32332494023904385
170675,Lawrence Technological University,Southfield,MI,Private nonprofit,Bachelor,www.ltu.edu/,ltu.studentaidcalculator.com/survey.aspx,1668,0.559,58166.0,44760.0,44760.0,32918.0,25980.0,27036.0,28082.0,33632.0,37492.0,0.6155,0.3042,27000.0,69831.0,90760.0,86111.0,58827.0,69151.0,131672.0,0.5251761953946169,0.3232459482653867
213525,Lehigh Carbon Community College,Schnecksville,PA,Public,Associate,www.lccc.edu/,https://www.lccc.edu/paying-for-college/tuition-and-fees/net-price-calculator/,4148,,15405.0,5280.0,13270.0,9203.0,7219.0,7820.0,9908.0,13079.0,14702.0,0.2804,0.2291,11000.0,38915.0,50125.0,47948.0,37577.0,42436.0,36812.0,1.1527762686080625,0.3232384657177007
211088,Arcadia University,Glenside,PA,Private nonprofit,Bachelor,https://www.arcadia.edu/,https://www.arcadia.edu/admissions/financial-aid-scholarships/net-price-calculator,1948,0.8022,64645.0,49610.0,49610.0,29466.0,23127.0,25388.0,25978.0,28654.0,34339.0,0.6525,0.5869,27000.0,35515.0,60044.0,57721.0,44004.0,58336.0,117864.0,0.49494332450960427,0.3229505192425168
130493,Southern Connecticut State University,New Haven,CT,Public,Bachelor,www.southernct.edu/,go.southernct.edu/netpricecalculator/,6295,0.9147,29673.0,13438.0,27378.0,20857.0,17736.0,18729.0,19437.0,22532.0,27809.0,0.4893,0.3074,22250.0,41729.0,59787.0,58062.0,45422.0,55043.0,83428.0,0.659766505250036,0.32282375101884264
196015,SUNY College of Technology at Canton,Canton,NY,Public,Bachelor,www.canton.edu/,www.suny.edu/howmuch/?embed=n&cssUrl=www.canton.edu/css/calc.css&headerUrl=www.canton.edu/images/banner-calc.png&profileUrl=http:,2741,0.9215,24906.0,8742.0,13572.0,15268.0,10908.0,12813.0,17700.0,17984.0,22077.0,0.4119,0.3551,20000.0,42505.0,57422.0,52680.0,42079.0,47860.0,61072.0,0.7836651820801677,0.32279168849882106
232706,Marymount University,Arlington,VA,Private nonprofit,Bachelor,https://www.marymount.edu/,https://marymount.clearcostcalculator.com/student/default/netpricecalculator/survey,1810,0.9316,57184.0,40920.0,40920.0,29137.0,27413.0,27111.0,27718.0,31962.0,30618.0,0.5566,0.4189,25000.0,57794.0,74242.0,73014.0,57801.0,67516.0,116548.0,0.5792978000480489,0.322437155506744
118693,Menlo College,Atherton,CA,Private nonprofit,Bachelor,www.menlo.edu/,www.shoppingsheet.com/Shopping/Landing/118693--Menlo College,752,0.6847,72020.0,53630.0,53630.0,31100.0,25546.0,27618.0,28103.0,31596.0,37298.0,0.5244,0.3694,21750.0,48400.0,79903.0,81997.0,60608.0,76419.0,124400.0,0.6143006430868168,0.3221392572347267
219091,Dakota Wesleyan University,Mitchell,SD,Private nonprofit,Bachelor,www.dwu.edu/,https://www.dwu.edu/Net-Price-Calculator,670,0.7338,43864.0,33790.0,33790.0,19735.0,15251.0,15750.0,15927.0,19048.0,22416.0,0.4732,0.4315,27000.0,54419.0,64461.0,61077.0,49432.0,53728.0,78940.0,0.680618191031163,0.3220685279959463
156213,Asbury University,Wilmore,KY,Private nonprofit,Bachelor,https://www.asbury.edu/,https://www.asbury.edu/net-price-calculator,1420,0.634,47459.0,33640.0,33640.0,21401.0,18455.0,18280.0,18724.0,21296.0,25958.0,0.6499,0.5632,24028.0,35826.0,45728.0,41600.0,35563.0,42368.0,85604.0,0.4949301434512406,0.32165510022896127
183655,Atlantic Cape Community College,Mays Landing,NJ,Public,Associate,atlanticcape.edu/,atlanticcape.edu/finaid/net-price-calculator.php,3755,,15597.0,6068.0,9068.0,8392.0,7383.0,7168.0,9449.0,11426.0,15115.0,0.3153,0.1479,9500.0,31184.0,47694.0,44105.0,29224.0,34241.0,33568.0,1.0200488560533842,0.32162140431363206
117946,Loyola Marymount University,Los Angeles,CA,Private nonprofit,Bachelor,https://www.lmu.edu/,https://lmu.studentaidcalculator.com/survey.aspx,7094,0.4508,83943.0,62357.0,62357.0,48381.0,32268.0,34535.0,34351.0,40557.0,58371.0,0.7932,0.6795,19500.0,45330.0,78039.0,75375.0,62763.0,78349.0,193524.0,0.4048541782931316,0.32113033422211196
173045,Augsburg University,Minneapolis,MN,Private nonprofit,Bachelor,www.augsburg.edu/,https://admissions.augsburg.edu/register/NPC,2494,0.8198,62303.0,45452.0,45452.0,23873.0,21318.0,23180.0,21524.0,23223.0,32123.0,0.5206,0.3995,25347.0,46900.0,68350.0,60664.0,48616.0,58829.0,95492.0,0.6160620784987224,0.32072191806643485
488679,Indiana Wesleyan University-National & Global,Marion,IN,Private nonprofit,Bachelor,https://www.indwes.edu/,https://indwesng.aidcalc.cloud/,6656,,22228.0,8208.0,8208.0,16898.0,16298.0,16713.0,17159.0,20090.0,21757.0,0.3613,,24250.0,55743.0,68838.0,67044.0,51329.0,59986.0,67592.0,0.8874718901645166,0.3206435939164398
232308,Hollins University,Roanoke,VA,Private nonprofit,Bachelor,www.hollins.edu/,https://web1.hollins.edu/finaidcalc/fac/Default.aspx,665,0.6795,58698.0,43560.0,43560.0,20896.0,17511.0,19304.0,20395.0,20721.0,26826.0,0.6686,0.5707,27000.0,25104.0,44151.0,40175.0,29863.0,40075.0,83584.0,0.479457790964778,0.3205654790390505
223232,Baylor University,Waco,TX,Private nonprofit,Bachelor,www.baylor.edu/,www.baylor.edu/sfs/netpricecalculator/npcalc.htm,14785,0.5128,74226.0,58100.0,58100.0,41104.0,22024.0,21530.0,33902.0,38852.0,47895.0,0.8007,0.6812,23000.0,50754.0,69608.0,66167.0,56532.0,65793.0,164416.0,0.4001617847411444,0.3204095410422343
225627,University of the Incarnate Word,San Antonio,TX,Private nonprofit,Bachelor,www.uiw.edu/,https://www.uiw.edu/finaid/uiwnpc.html,4440,0.9814,48681.0,37090.0,37090.0,22775.0,19260.0,19487.0,21950.0,25084.0,31539.0,0.514,0.3834,27000.0,46280.0,63004.0,59329.0,47625.0,56733.0,91100.0,0.6227552140504939,0.3200961800219539
232043,Eastern Mennonite University,Harrisonburg,VA,Private nonprofit,Bachelor,https://emu.edu/,https://emu.edu/financial-aid/estimator,754,1.0,56756.0,43920.0,43920.0,24588.0,22994.0,20333.0,20454.0,27570.0,29315.0,0.5733,0.56,24813.0,50046.0,60150.0,54110.0,48158.0,54869.0,98352.0,0.5578839271189198,0.31983485541727674
216010,Shippensburg University of Pennsylvania,Shippensburg,PA,Public,Bachelor,www.ship.edu/,https://ship.studentaidcalculator.com/survey.aspx,4086,0.865,30785.0,13720.0,15974.0,23726.0,18709.0,18515.0,21386.0,25469.0,28387.0,0.5377,0.4068,25000.0,43565.0,59882.0,57317.0,45010.0,56351.0,94904.0,0.59376843968642,0.31926929001938803
192192,Keuka College,Keuka Park,NY,Private nonprofit,Bachelor,https://www.keuka.edu/,https://www.keuka.edu/npc,966,0.6808,54760.0,39332.0,39332.0,24338.0,19368.0,19762.0,21808.0,30357.0,26748.0,0.533,0.5228,27000.0,41855.0,58373.0,61303.0,50940.0,58289.0,97352.0,0.5987447612786588,0.31913095776152517
210146,Southern Oregon University,Ashland,OR,Public,Bachelor,www.sou.edu/,https://sou.edu/financial-aid/cost-of-attendance/tuition-calculator/,2751,0.8862,27636.0,12762.0,31887.0,16732.0,11830.0,12466.0,15813.0,22415.0,24181.0,0.4342,0.2094,20332.0,34841.0,52911.0,51877.0,39326.0,49175.0,66928.0,0.7347448003825006,0.3190261923260817
131450,Gallaudet University,Washington,DC,Private nonprofit,Bachelor,https://gallaudet.edu/,gallaudet.edu/tuition-financial-aid/calculator/,812,0.5806,40374.0,19654.0,19654.0,15845.0,14129.0,15238.0,14236.0,18830.0,18318.0,0.4688,0.204,18000.0,32840.0,55195.0,46065.0,36578.0,43101.0,63380.0,0.680041022404544,0.3188032313032502
136950,Rollins College,Winter Park,FL,Private nonprofit,Bachelor,https://www.rollins.edu/,www.rollins.edu/scholarships-aid/net-price-calculator/,2631,0.4754,76108.0,60580.0,60580.0,34732.0,27177.0,27965.0,30079.0,32393.0,41006.0,0.7595,0.6867,25500.0,38844.0,65488.0,58887.0,48239.0,58295.0,138928.0,0.4196058389957388,0.31869063471726355
101505,Jefferson State Community College,Birmingham,AL,Public,Associate,www.jeffersonstate.edu/,www.jeffersonstate.edu/financial-aid/net-price-calculator/,5470,,14814.0,5100.0,8970.0,9086.0,6836.0,7091.0,9884.0,12322.0,12274.0,0.2843,0.1212,9689.0,51892.0,55877.0,51020.0,35502.0,40719.0,36344.0,1.12037750385208,0.31852332434514635
198011,Bladen Community College,Dublin,NC,Public,Associate,https://bladencc.edu/,https://bladencc.edu/advising-aid/financial-aid-2/net-price-calculator/,1030,,12613.0,2618.0,8762.0,9551.0,8915.0,9265.0,10188.0,11040.0,,0.3974,0.2273,,53830.0,46043.0,38869.0,28205.0,30591.0,38204.0,0.8007276724950267,0.3182091770495236
101587,University of West Alabama,Livingston,AL,Public,Bachelor,www.uwa.edu/,secure.uwa.edu/calculator/,2974,0.4265,22758.0,10990.0,20090.0,12684.0,12179.0,12523.0,14606.0,18550.0,,0.3646,0.1443,24944.0,53604.0,64122.0,53277.0,37106.0,44232.0,50736.0,0.8718070009460738,0.31786083254493847
147369,Moody Bible Institute,Chicago,IL,Private nonprofit,Bachelor,https://www.moody.edu/,https://www.moody.edu/siteassets/website_assets/files/financial-aid/net-price-calculator/npcalc-chicago.html,1510,0.8269,34327.0,15786.0,15786.0,22221.0,21293.0,23057.0,20599.0,25676.0,22897.0,0.6214,0.464,18149.0,34976.0,46905.0,46456.0,40210.0,45399.0,88884.0,0.5107668421763197,0.3173905157283651
222178,Abilene Christian University,Abilene,TX,Private nonprofit,Bachelor,www.acu.edu/,https://www.highered.texas.gov/apps/NPC/?Fice=003537,3195,0.6603,59256.0,44200.0,44200.0,26182.0,20285.0,21150.0,23012.0,27576.0,31763.0,0.5962,0.4906,24250.0,45274.0,59305.0,56363.0,46727.0,55736.0,104728.0,0.5321976930715759,0.31729626460927357
220631,Lincoln Memorial University,Harrogate,TN,Private nonprofit,Bachelor,www.lmunet.edu/,lmunet.clearcostcalculator.com/student/default/netpricecalculator/survey,1572,0.6259,41530.0,26938.0,26938.0,20406.0,15644.0,18799.0,19993.0,25403.0,30464.0,0.5184,0.3664,20000.0,54326.0,69633.0,57194.0,45242.0,49956.0,81624.0,0.6120258747427227,0.31727421346662743
460543,Universal Technical Institute-Dallas Fort Worth,Irving,TX,Private for-profit,Associate,www.uti.edu/,www.uti.edu/admissions/tuition,1610,,,,,26265.0,24887.0,24611.0,25878.0,30104.0,30857.0,0.6499,0.4884,14267.0,39742.0,57080.0,53898.0,47254.0,51222.0,105060.0,0.48754997144488865,0.31685872644203317
209056,Lewis & Clark College,Portland,OR,Private nonprofit,Bachelor,www.lclark.edu/,www.lclark.edu/offices/financial_aid/undergrad/net_price_calculator/,2120,0.7849,79987.0,64828.0,64828.0,36013.0,15962.0,18362.0,22712.0,25917.0,44990.0,0.7336,0.6304,19500.0,30286.0,57262.0,52194.0,43608.0,62205.0,144052.0,0.4318232305000972,0.3167855218948713
223898,Cisco College,Cisco,TX,Public,Associate,https://www.cisco.edu/,www.highered.texas.gov/institutional-resources-programs/net-price-calculator/,1620,,17469.0,4710.0,7140.0,9624.0,8287.0,9069.0,10586.0,13228.0,15838.0,0.3117,0.2117,9500.0,23918.0,46191.0,52241.0,34134.0,39092.0,38496.0,1.0154821280133002,0.31652577930174564
201371,Bluffton University,Bluffton,OH,Private nonprofit,Bachelor,www.bluffton.edu/,https://www.bluffton.edu/admissions/financialaid/calculator.html,582,0.6723,51862.0,37362.0,37362.0,19943.0,16363.0,16689.0,18469.0,21233.0,26321.0,0.5096,0.4967,27000.0,37955.0,49053.0,48492.0,41940.0,49547.0,79772.0,0.6211076568219426,0.316516461916462
228529,Tarleton State University,Stephenville,TX,Public,Bachelor,www.tarleton.edu/,www.shoppingsheet.com/Shopping/Landing/tarleton,12673,0.8955,24100.0,8302.0,18142.0,20783.0,15574.0,16980.0,20396.0,23466.0,24076.0,0.496,0.3299,19606.0,45879.0,57758.0,54656.0,46729.0,53040.0,83132.0,0.6380214598469903,0.3164586440841072
183910,Caldwell University,Caldwell,NJ,Private nonprofit,Bachelor,https://www.caldwell.edu/,https://www.caldwell.edu/financial-aid/netprice,1575,0.7134,54073.0,40848.0,40848.0,24691.0,18059.0,18000.0,22793.0,31425.0,30449.0,0.5801,0.4433,25000.0,36820.0,64716.0,56473.0,47439.0,53843.0,98764.0,0.5451682799400591,0.31625211919322826
202763,The University of Findlay,Findlay,OH,Private nonprofit,Bachelor,findlay.edu/,collegeraptor.com/Shopping/School/The-University-of-Findlay-OH--202763,2223,0.8337,54580.0,41164.0,41164.0,27221.0,22052.0,22908.0,24481.0,28486.0,28963.0,0.6031,0.3676,25439.0,42263.0,60876.0,59454.0,49757.0,56996.0,108884.0,0.523456155174314,0.31569640718562875
220516,King University,Bristol,TN,Private nonprofit,Bachelor,https://www.king.edu/,https://www.king.edu/admissions/financial-aid/tuition-and-fees/traditional-undergrad-cost/net-price-calculator/,908,0.9972,49004.0,36194.0,36194.0,22347.0,22696.0,17677.0,18035.0,21188.0,27219.0,0.4714,0.45,22750.0,43075.0,61394.0,61767.0,52248.0,59831.0,89388.0,0.6693404036335974,0.3155270662728778
201441,Bowling Green State University-Main Campus,Bowling Green,OH,Public,Bachelor,www.bgsu.edu/,www.bgsu.edu/bursar/calculate-your-cost-of-attendance.html,12812,0.8096,33007.0,14460.0,22448.0,24022.0,18396.0,18547.0,21820.0,25741.0,27414.0,0.6324,0.4813,25000.0,40263.0,54998.0,51158.0,41281.0,47896.0,96088.0,0.4984597452335359,0.3152259428856881
178387,Missouri Western State University,Saint Joseph,MO,Public,Bachelor,https://www.missouriwestern.edu/,https://forms.missouriwestern.edu/finaid/npcalc010.html,2219,,21595.0,10306.0,20866.0,13251.0,11243.0,11674.0,13965.0,16119.0,17764.0,0.3914,0.2283,19968.0,41832.0,53293.0,48424.0,37499.0,42647.0,53004.0,0.8045996528563882,0.3149203041279904
217518,Roger Williams University,Bristol,RI,Private nonprofit,Bachelor,https://www.rwu.edu/,https://www.rwu.edu/net-price-calculator,3946,0.8771,61950.0,44418.0,44418.0,37999.0,29778.0,30087.0,33623.0,37318.0,40792.0,0.6805,0.6404,26940.0,44502.0,68129.0,68058.0,53845.0,70266.0,151996.0,0.46228848127582306,0.3145873115081976
153126,Clarke University,Dubuque,IA,Private nonprofit,Bachelor,www.clarke.edu/,https://www.clarke.edu/wp-content/uploads/npcalc.htm,742,0.7183,55782.0,40910.0,40910.0,24479.0,23405.0,22543.0,22645.0,27890.0,24784.0,0.5559,0.4439,26717.0,44247.0,59490.0,54237.0,49157.0,55396.0,97916.0,0.5657502348952163,0.3145005555782507
101709,University of Montevallo,Montevallo,AL,Public,Bachelor,www.montevallo.edu/,https://www.montevallo.edu/NetPriceCalculator/,2151,0.5385,27398.0,13948.0,26968.0,17683.0,14471.0,16104.0,18615.0,20357.0,21873.0,0.5175,0.3791,24000.0,32438.0,46262.0,44835.0,35406.0,42957.0,70732.0,0.6073205903975569,0.31428840553073567
395362,Copper Mountain Community College,Joshua Tree,CA,Public,Associate,www.cmccd.edu/,https://misweb.cccco.edu/npc/971/npcalc.htm,1323,,18216.0,1390.0,13570.0,9105.0,8655.0,9875.0,10383.0,14499.0,,0.3439,0.075,,,53634.0,52460.0,28840.0,33281.0,36420.0,0.9138110928061505,0.31425963481603514
242662,Inter American University of Puerto Rico-Ponce,Mercedita,PR,Private nonprofit,Bachelor,www.ponce.inter.edu/,https://www.inter.edu/NetPrice/Ponce/,2404,0.3373,16065.0,5780.0,5780.0,9026.0,8685.0,9595.0,11557.0,13540.0,,0.4237,0.0882,6375.0,16025.0,29403.0,26047.0,22276.0,26721.0,36104.0,0.7401118989585641,0.31358541158874365
161563,Thomas College,Waterville,ME,Private nonprofit,Bachelor,www.thomas.edu/,https://www.thomas.edu/admissions-aid/tuition-fees/net-price-calculator/,647,0.963,47198.0,31824.0,31824.0,18885.0,12655.0,11904.0,16227.0,18145.0,26770.0,0.5258,0.4836,24250.0,40823.0,54264.0,53158.0,40495.0,44991.0,75540.0,0.5955917394757744,0.3131621366163622
142328,Lewis-Clark State College,Lewiston,ID,Public,Bachelor,https://www.lcsc.edu/,https://app.meadowfi.com/lcsc,2385,0.8769,21925.0,7610.0,22028.0,15635.0,13080.0,14044.0,15127.0,17934.0,19004.0,0.4257,0.2189,18500.0,47990.0,58274.0,53633.0,42133.0,46001.0,62540.0,0.7355452510393349,0.3131216133674449
214652,Pennsylvania State University-Penn State Scranton,Dunmore,PA,Public,Bachelor,https://scranton.psu.edu/,https://tuition.psu.edu/student-tuition-calculators,793,0.9852,27862.0,15208.0,25392.0,17910.0,14322.0,12857.0,14839.0,22064.0,23599.0,0.3536,0.2636,25000.0,54468.0,76659.0,72964.0,55620.0,63435.0,71640.0,0.8854690117252931,0.31310184254606366
163338,University of Maryland Eastern Shore,Princess Anne,MD,Public,Bachelor,wwwcp.umes.edu/,www.umes.edu/NetPriceCalculator/npcalc.htm,2391,0.9641,25941.0,9076.0,20122.0,13338.0,9914.0,11858.0,13910.0,17847.0,20757.0,0.3497,0.1737,27000.0,35711.0,55733.0,49138.0,34624.0,47697.0,53352.0,0.8940058479532164,0.31263384502923974
174491,University of Northwestern-St Paul,Saint Paul,MN,Private nonprofit,Bachelor,https://www.unwsp.edu/,https://unwsp.edu/admissions/financial-aid/unw-net-price-calculator/,1442,0.9347,51325.0,37920.0,37920.0,27705.0,26696.0,23884.0,21689.0,25267.0,31348.0,0.6825,0.5888,21325.0,45168.0,57471.0,48941.0,47544.0,50755.0,110820.0,0.45799494676051256,0.31258155116404984
205443,Shawnee State University,Portsmouth,OH,Public,Bachelor,https://www.shawnee.edu/,https://www.shawnee.edu/net-price-calculator/,2247,,21974.0,10626.0,17358.0,14381.0,12310.0,11956.0,14326.0,16787.0,18754.0,0.4539,0.3746,23000.0,38066.0,50129.0,49599.0,35080.0,39596.0,57524.0,0.6883387803351645,0.3124369723941312
224147,Texas A & M University-Corpus Christi,Corpus Christi,TX,Public,Bachelor,https://www.tamucc.edu/,https://www.highered.texas.gov/apps/NPC/?Fice=011161,8034,0.8858,25210.0,9748.0,20794.0,15225.0,11445.0,11961.0,14180.0,19479.0,23426.0,0.3668,0.2469,23000.0,46538.0,59765.0,55785.0,42933.0,51865.0,60900.0,0.8516420361247947,0.3123822988505747
119605,National University,San Diego,CA,Private nonprofit,Bachelor,www.nu.edu/,www.nu.edu/npcalc/npcalc.htm,10794,,33978.0,13284.0,13284.0,22878.0,21554.0,26583.0,25176.0,,,0.4231,0.1667,25000.0,66420.0,81115.0,73353.0,64331.0,67548.0,91512.0,0.7381327039076843,0.3123039470233412
166674,Massachusetts College of Art and Design,Boston,MA,Public,Bachelor,https://massart.edu/,https://massart.edu/net-price-calculator,1831,0.7627,34239.0,15400.0,43400.0,24100.0,16351.0,17636.0,18513.0,26265.0,31882.0,0.6904,0.4848,25755.0,24364.0,45607.0,46425.0,27090.0,43582.0,96400.0,0.45209543568464733,0.31212668879668054
121309,Point Loma Nazarene University,San Diego,CA,Private nonprofit,Bachelor,www.pointloma.edu/,www.pointloma.edu/NPC,3188,0.8368,60488.0,46250.0,46250.0,38729.0,30999.0,32117.0,32888.0,33003.0,41680.0,0.7553,0.6788,22990.0,49409.0,72880.0,62384.0,54811.0,63998.0,154916.0,0.4131142038265899,0.31202515815022336
177214,Drury University,Springfield,MO,Private nonprofit,Bachelor,www.drury.edu/,https://tcc.ruffalonl.com/Drury University/Freshman-Students,1383,0.5758,48846.0,36745.0,36745.0,20831.0,18759.0,15769.0,17552.0,20558.0,24458.0,0.6386,0.435,20979.0,37849.0,47568.0,43424.0,37508.0,40694.0,83324.0,0.4883826988622726,0.31188119149344723
154101,Northwestern College,Orange City,IA,Private nonprofit,Bachelor,https://www.nwciowa.edu/,https://www.nwciowa.edu/aid-calculator,1175,0.8036,49783.0,36710.0,36710.0,25907.0,27059.0,19503.0,20572.0,24265.0,29539.0,0.6479,0.5461,23249.0,46403.0,55312.0,52409.0,46731.0,49802.0,103628.0,0.48058439803914,0.3113706314895588
127556,Colorado Mesa University,Grand Junction,CO,Public,Bachelor,www.coloradomesa.edu/,https://www.coloradomesa.edu/financial-aid/resources/financial-aid-calculator.html,8143,0.8203,24046.0,9927.0,25124.0,15103.0,10792.0,11920.0,14692.0,16945.0,20606.0,0.4105,0.2847,22000.0,42536.0,58601.0,53835.0,39223.0,45823.0,60412.0,0.7585082433953519,0.31136763391379196
487524,Husson University,Bangor,ME,Private nonprofit,Bachelor,www.husson.edu/,https://www.husson.edu/financial-aid/NetPrice/,2618,0.8095,35852.0,23304.0,23304.0,21005.0,16606.0,16898.0,17496.0,21273.0,25262.0,0.581,0.4394,27000.0,47273.0,62950.0,54368.0,41554.0,45025.0,84020.0,0.535884313258748,0.31134878600333254
151777,Manchester University,North Manchester,IN,Private nonprofit,Bachelor,https://www.manchester.edu/,https://www.manchester.edu/admissions/cost-financial-aid/how-much-does-it-cost,936,0.7106,49993.0,37135.0,37135.0,18805.0,13875.0,16109.0,16607.0,21075.0,26151.0,0.4547,0.3407,26854.0,38243.0,52989.0,52291.0,43024.0,51504.0,75220.0,0.6847115128955065,0.31133832491358676
207324,Oklahoma Christian University,Edmond,OK,Private nonprofit,Bachelor,www.oc.edu/,https://www.oc.edu/admissions/financial-services/net-price-calculator,1885,0.9654,39106.0,27180.0,27180.0,21872.0,17818.0,18908.0,18849.0,23184.0,27472.0,0.5533,0.4361,26000.0,48884.0,67575.0,58494.0,43281.0,49203.0,87488.0,0.5623971287490855,0.31117433133686906
136215,Nova Southeastern University,Fort Lauderdale,FL,Private nonprofit,Bachelor,www.nova.edu/,www.nova.edu/npc/,7240,0.7321,56692.0,38700.0,38700.0,30371.0,26603.0,27048.0,29953.0,34277.0,35443.0,0.6378,0.552,24250.0,66811.0,81582.0,71403.0,58153.0,59209.0,121484.0,0.48738105429521583,0.31085163642948865
205966,Southern State Community College,Hillsboro,OH,Public,Associate,https://www.sscc.edu/,https://www.sscc.edu/_private/npcalc.htm,761,,15244.0,5912.0,10818.0,9674.0,8099.0,7950.0,10926.0,13478.0,10805.0,0.3388,0.23,11457.0,40283.0,48360.0,43442.0,32851.0,35463.0,38696.0,0.9164513127971884,0.31049370477568744
231651,Regent University,Virginia Beach,VA,Private nonprofit,Bachelor,https://www.regent.edu/,https://www.regent.edu/tuition-aid/net-price-calculator/,4729,0.3812,32838.0,21650.0,21650.0,19923.0,20064.0,19327.0,17806.0,19148.0,22588.0,0.5559,0.4706,24534.0,42499.0,56558.0,49687.0,42066.0,44498.0,79692.0,0.5583747427596245,0.31040051950007524
204945,Owens Community College,Perrysburg,OH,Public,Associate,https://www.owens.edu/,https://www.owens.edu/calculator/npcalc.htm,4361,,14436.0,5870.0,10502.0,10369.0,8214.0,8300.0,11058.0,12514.0,13629.0,0.3451,0.2201,16667.0,48168.0,55401.0,46516.0,34106.0,37275.0,41476.0,0.898712508438615,0.3101456866621661
188438,SUNY Adirondack,Queensbury,NY,Public,Associate,https://www.sunyacc.edu/,https://www.sunyacc.edu/admissions-aid/tuitions-fees/net-price-calculator,1844,,17087.0,6844.0,9616.0,10389.0,7491.0,8467.0,11860.0,14322.0,15839.0,0.3122,0.2706,14345.0,29937.0,44935.0,45578.0,35756.0,41267.0,41556.0,0.9930455289248243,0.3100288141303301
199069,University of Mount Olive,Mount Olive,NC,Private nonprofit,Bachelor,https://umo.edu/,https://umo.edu/cost-calculator/,1796,0.7575,38569.0,27366.0,27366.0,18853.0,18227.0,16066.0,20923.0,15250.0,21498.0,0.4953,0.3427,27209.0,45365.0,57606.0,51388.0,43026.0,47139.0,75412.0,0.6250861931788044,0.3096051914814618
158477,Centenary College of Louisiana,Shreveport,LA,Private nonprofit,Bachelor,www.centenary.edu/,https://www.centenary.edu/admission/tuition-aid/net-price-calculator/,685,0.5574,60620.0,41200.0,41200.0,23624.0,19493.0,19831.0,20942.0,25412.0,29862.0,0.5806,0.4793,27000.0,32432.0,49479.0,47575.0,42821.0,50330.0,94496.0,0.5326151371486624,0.3092363486285134
180489,The University of Montana,Missoula,MT,Public,Bachelor,www.umt.edu/,https://www.umt.edu/finaid/cost-of-attendance/net-price-calculator/default.php,7488,0.9586,23570.0,8552.0,33671.0,16784.0,13960.0,14892.0,17180.0,19269.0,20930.0,0.4662,0.3364,22400.0,35104.0,50928.0,46098.0,35729.0,44511.0,67136.0,0.6629974976167778,0.30908943338894185
206862,Southern Nazarene University,Bethany,OK,Private nonprofit,Bachelor,https://www.snu.edu/,https://www.snu.edu/net-price-calculator,1455,,46465.0,31190.0,31190.0,22084.0,18931.0,18323.0,22590.0,27082.0,27434.0,0.4966,0.4814,21900.0,50723.0,60691.0,56366.0,48255.0,54951.0,88336.0,0.6220680130411157,0.30891897527621803
220710,Maryville College,Maryville,TN,Private nonprofit,Bachelor,www.maryvillecollege.edu/,www.maryvillecollege.edu/admissions/finaid/net-price-calculator/,1005,0.6092,54622.0,39284.0,39284.0,19360.0,15094.0,16512.0,20758.0,20832.0,26769.0,0.4854,0.3901,25375.0,32423.0,49454.0,49016.0,39305.0,49279.0,77440.0,0.6363507231404959,0.3088846410123967
102368,Troy University,Troy,AL,Public,Bachelor,www.troy.edu/,www.troy.edu/net-price-calculator/index.html,9805,0.9604,23165.0,10176.0,20352.0,16527.0,12656.0,12042.0,14321.0,18406.0,22139.0,0.4847,0.2825,25000.0,41851.0,55048.0,50885.0,39392.0,42062.0,66108.0,0.6362618745083802,0.3083961305742119
196592,Touro University,New York,NY,Private nonprofit,Bachelor,https://www.touro.edu/,https://npc.collegeboard.org/app/touro,4040,0.6083,40500.0,22450.0,22450.0,29627.0,26605.0,28476.0,29054.0,31828.0,36341.0,0.6841,0.6355,15547.0,53129.0,73235.0,58185.0,43510.0,53419.0,118508.0,0.4507628177000709,0.3083668435886185
140960,Savannah State University,Savannah,GA,Public,Bachelor,www.savannahstate.edu/,https://simba.savannahstate.edu/students/netpricecalculator/,2833,,17191.0,5750.0,19043.0,8172.0,6739.0,7033.0,9882.0,12694.0,12597.0,0.2652,0.1624,28000.0,28735.0,46912.0,47474.0,27494.0,37981.0,32688.0,1.1619248653940284,0.3081424743024963
214111,Montgomery County Community College,Blue Bell,PA,Public,Associate,www.mc3.edu/,www.mc3.edu/paying-for-college/tuition-and-other-costs/net-price-calculator,7301,,16233.0,6690.0,17250.0,11124.0,7881.0,9250.0,11837.0,14073.0,16169.0,0.2973,0.1063,12349.0,39186.0,53324.0,48957.0,37237.0,46108.0,44496.0,1.0362279755483639,0.3080705771305286
236328,University of Puget Sound,Tacoma,WA,Private nonprofit,Bachelor,https://www.pugetsound.edu/,https://collegepricecalculator.com/UniversityofPugetSound,1594,0.7225,78378.0,62898.0,62898.0,38394.0,23643.0,23133.0,31649.0,34870.0,45456.0,0.6795,0.0153,25000.0,31762.0,59684.0,58376.0,46802.0,69594.0,153576.0,0.4531567432411314,0.3079200070323488
110097,Biola University,La Mirada,CA,Private nonprofit,Bachelor,https://www.biola.edu/,https://www.biola.edu/financial-aid/resources/net-price-calculator#net-price,3474,0.7435,62757.0,48984.0,48984.0,31495.0,27144.0,25410.0,26825.0,29846.0,37314.0,0.6822,0.5415,23875.0,36740.0,61363.0,56263.0,45752.0,56778.0,125980.0,0.450690585807271,0.30746111763772027
123800,Southwestern College,Chula Vista,CA,Public,Associate,https://www.swccd.edu/,https://misweb.cccco.edu/npc/091/npcalc.htm,18614,,22104.0,1344.0,10640.0,12671.0,11380.0,11634.0,14332.0,18484.0,20045.0,0.389,0.1078,4500.0,32035.0,48974.0,45440.0,33970.0,40060.0,50684.0,0.7903874990134954,0.3074607371162497
184791,Rowan College of South Jersey-Gloucester Campus,Sewell,NJ,Public,Associate,rcsj.edu/,https://rcsj.edu/PayingForCollege/Gloucester/calculate-costs,4234,,16151.0,5160.0,6000.0,12378.0,11980.0,10064.0,11936.0,15238.0,15763.0,0.3645,0.2297,12000.0,33995.0,48576.0,46261.0,35433.0,41751.0,49512.0,0.8432501211827436,0.30736466917111
199157,North Carolina Central University,Durham,NC,Public,Bachelor,https://www.nccu.edu/,https://www.nccu.edu/net-price-calculator,6081,0.8696,26556.0,6699.0,19735.0,15359.0,13032.0,13882.0,17527.0,22401.0,23658.0,0.4394,0.262,28250.0,35242.0,50812.0,46355.0,35967.0,42968.0,61436.0,0.6993944918288951,0.3073139397096165
144971,Eureka College,Eureka,IL,Private nonprofit,Bachelor,www.eureka.edu/,https://www.eureka.edu/net-pricing-calculator,522,0.8499,39578.0,29096.0,29096.0,17349.0,13711.0,14527.0,14602.0,21458.0,23482.0,0.4115,0.2993,23250.0,36551.0,49625.0,47962.0,42968.0,51641.0,69396.0,0.7441495187042481,0.30621752694679805
111948,Chapman University,Orange,CA,Private nonprofit,Bachelor,https://www.chapman.edu/,https://www.chapman.edu/students/tuition-and-aid/financial-aid/net-cost-calculator/index.aspx,7478,0.6543,83146.0,64984.0,64984.0,46555.0,33559.0,33978.0,33709.0,40011.0,55066.0,0.8112,0.7117,20500.0,41757.0,73336.0,70171.0,58080.0,70070.0,186220.0,0.3762753732144775,0.30523458275158416
126182,Adams State University,Alamosa,CO,Public,Bachelor,www.adams.edu/,https://www.adams.edu/netpricecalculator/,1250,,24352.0,9824.0,21944.0,12980.0,9947.0,10392.0,11921.0,15787.0,20274.0,0.3571,0.1966,19500.0,40358.0,52621.0,49135.0,38338.0,44372.0,51920.0,0.8546224961479199,0.30518569337442214
239390,Mount Mary University,Milwaukee,WI,Private nonprofit,Bachelor,www.mtmary.edu/,https://www.mtmary.edu/costs-aid/financial-aid/index.html,631,0.6233,49270.0,35420.0,35420.0,20144.0,18155.0,19013.0,19277.0,20584.0,27371.0,0.5038,0.3521,25288.0,39433.0,54418.0,46873.0,40421.0,48745.0,80576.0,0.6049568109610802,0.30477724136219225
219082,Dakota State University,Madison,SD,Public,Bachelor,https://dsu.edu/,https://dsu.edu/admissions/calculator.html,2071,0.8805,25753.0,9654.0,12756.0,21057.0,17317.0,18792.0,19165.0,22601.0,23269.0,0.5033,0.3422,23500.0,48299.0,63160.0,55541.0,46146.0,50970.0,84228.0,0.6051431827895711,0.30456856389799114
441900,Nevada State University,Henderson,NV,Public,Bachelor,https://nevadastate.edu/,https://app.meadowfi.com/nevadastate,3762,0.8682,23718.0,6765.0,21833.0,14068.0,11438.0,13084.0,16002.0,17757.0,21125.0,0.3222,0.1667,19691.0,63291.0,73626.0,61526.0,47092.0,53166.0,56272.0,0.9448038100653966,0.30441578760307075
219198,Mount Marty University,Yankton,SD,Private nonprofit,Bachelor,www.mountmarty.edu/,www.mountmarty.edu/tuition-and-aid/net-price-calculator/,697,0.4257,48247.0,34600.0,34600.0,22227.0,19564.0,18492.0,23669.0,22331.0,23601.0,0.5617,0.4127,26396.0,46428.0,57208.0,51066.0,46984.0,48179.0,88908.0,0.54189724209295,0.30438368088361
184995,Hudson County Community College,Jersey City,NJ,Public,Associate,www.hccc.edu/,www.hccc.edu/paying-for-college/financial-aid/how-aid-works/calculate-costs.html,6626,,15469.0,5384.0,9248.0,7307.0,6864.0,6634.0,8858.0,11396.0,15348.0,0.2587,0.1087,10500.0,28176.0,44020.0,46503.0,28676.0,34333.0,29228.0,1.174661283700561,0.3038848740933351
144351,Concordia University-Chicago,River Forest,IL,Private nonprofit,Bachelor,https://www.cuchicago.edu/,https://www.cuchicago.edu/admission-aid/undergraduate-admission-aid/net-price-calculator/,1323,0.9279,45383.0,37488.0,37488.0,18436.0,16795.0,16397.0,15768.0,20046.0,23907.0,0.4141,0.2861,23000.0,58149.0,71699.0,59330.0,44405.0,54089.0,73744.0,0.733469841614233,0.3037298614124539
179946,Westminster College,Fulton,MO,Private nonprofit,Bachelor,https://www.wcmo.edu/,https://www.wcmo.edu/admissions-aid/costs-financial-aid/net-price-calculator.html,638,0.792,51532.0,35214.0,35214.0,24314.0,24543.0,17050.0,22123.0,24957.0,26066.0,0.5648,0.4451,27000.0,35551.0,51238.0,49909.0,40992.0,52199.0,97256.0,0.5367175289956404,0.3031380603767377
226231,LeTourneau University,Longview,TX,Private nonprofit,Bachelor,www.letu.edu/,www.letu.edu/offices/administration-finance/financial-aid/cost-calculator.html#ContentBlock-1-1,1468,0.3801,51124.0,37160.0,37160.0,28185.0,22785.0,21806.0,24777.0,28892.0,31854.0,0.598,0.4919,26000.0,52275.0,65664.0,67861.0,51058.0,57103.0,112740.0,0.5065016852935958,0.3028880078055703
155812,University of Saint Mary,Leavenworth,KS,Private nonprofit,Bachelor,www.stmary.edu/,www.stmary.edu/Admissions/Net-Price-Calculator.aspx,925,0.8663,48728.0,35380.0,35380.0,22519.0,21899.0,16474.0,17722.0,21597.0,26595.0,0.4585,0.3806,22018.0,47413.0,67112.0,64217.0,54827.0,59483.0,90076.0,0.6603645810204716,0.3027771603978862
204501,Oberlin College,Oberlin,OH,Private nonprofit,Bachelor,www.oberlin.edu/,collegepricecalculator.com/Oberlin,2887,0.3418,87404.0,67366.0,67366.0,38645.0,18774.0,15799.0,22123.0,29207.0,48731.0,0.8022,0.6042,26000.0,23185.0,51715.0,48586.0,38871.0,58343.0,154580.0,0.3774291628930004,0.30277367447276493
229416,Universal Technical Institute of Texas Inc.,Houston,TX,Private for-profit,Associate,www.uti.edu/,www.uti.edu/admissions/tuition,2632,,,,,23096.0,22090.0,21524.0,24270.0,26907.0,27642.0,0.5454,0.2748,14267.0,39742.0,57080.0,53898.0,47254.0,51222.0,92384.0,0.554446657429858,0.30239520696224453
214069,Misericordia University,Dallas,PA,Private nonprofit,Bachelor,www.misericordia.edu/,misericordia.aidcalc.cloud/,1672,0.7093,53648.0,40370.0,40370.0,37485.0,36759.0,37554.0,36848.0,37879.0,37665.0,0.7042,0.622,26973.0,50610.0,69973.0,65867.0,55910.0,64313.0,149940.0,0.4289249032946512,0.3020489169000934
236452,Saint Martin's University,Lacey,WA,Private nonprofit,Bachelor,https://www.stmartin.edu/,https://app.meadowfi.com/stmartin,1158,0.898,62449.0,45510.0,45510.0,28119.0,22810.0,24499.0,24997.0,30232.0,33354.0,0.5469,0.4262,22500.0,45949.0,71704.0,65190.0,57998.0,62092.0,112476.0,0.5520466588427754,0.3019143177211139
162283,Coppin State University,Baltimore,MD,Public,Bachelor,www.coppin.edu/,https://www.coppin.edu/financialaid/calculator,1844,0.4583,23748.0,7100.0,14024.0,9977.0,7714.0,9135.0,12636.0,17141.0,15578.0,0.2591,0.1054,25000.0,50561.0,63359.0,55337.0,42243.0,46490.0,39908.0,1.1649293374761953,0.3018331913400822
204820,Ohio University-Chillicothe Campus,Chillicothe,OH,Public,Bachelor,https://www.ohio.edu/chillicothe/,https://npc.collegeboard.org/app/ohio,833,,11356.0,6362.0,9444.0,5755.0,3118.0,3217.0,4835.0,8345.0,9112.0,0.1321,0.0872,21056.0,53614.0,70528.0,65965.0,48991.0,52581.0,23020.0,2.284144222415291,0.3017354517810599
188641,Alfred University,Alfred,NY,Private nonprofit,Bachelor,www.alfred.edu/,https://www.alfred.edu/admissions/affording-alfred/net-price-calculator.cfm,1423,0.7384,57445.0,41500.0,41500.0,25620.0,16512.0,15067.0,22125.0,28280.0,33388.0,0.5626,0.4416,26000.0,35756.0,58242.0,55674.0,41703.0,54897.0,102480.0,0.5356850117096019,0.30137638758782204
147536,National Louis University,Chicago,IL,Private nonprofit,Bachelor,www.nl.edu/,www.nl.edu/tuition-and-aid/tuition-and-fees/net-price-calculator/,4406,0.9505,24154.0,12705.0,12705.0,12641.0,12462.0,11567.0,12996.0,15447.0,17956.0,0.3324,0.2401,19750.0,47217.0,63065.0,52470.0,43562.0,45799.0,50564.0,0.9057629934340637,0.30107561901748275
154712,Benedictine College,Atchison,KS,Private nonprofit,Bachelor,www.benedictine.edu/,www.benedictine.edu/calculator,2272,0.9812,52206.0,36350.0,36350.0,27891.0,22032.0,22678.0,21893.0,27231.0,30832.0,0.631,0.4684,24599.0,43628.0,55405.0,53317.0,45000.0,53175.0,111564.0,0.4766322469613854,0.3007549478326342
130253,Sacred Heart University,Fairfield,CT,Private nonprofit,Bachelor,https://www.sacredheart.edu/,https://www.sacredheart.edu/admissions--aid/financial-assistance/full-time-undergraduates/net-price-calculator/,7087,0.6536,69289.0,50404.0,50404.0,46174.0,38691.0,40517.0,41647.0,46348.0,48217.0,0.7397,0.6826,25000.0,56028.0,79431.0,73671.0,63925.0,75059.0,184696.0,0.4063921254385585,0.30060825518690176
121150,Pepperdine University,Malibu,CA,Private nonprofit,Bachelor,www.pepperdine.edu/,https://seaver.pepperdine.edu/admission/financial-aid/undergraduate/npc,3553,0.6286,93512.0,69918.0,69918.0,58098.0,50560.0,42674.0,51063.0,61851.0,65081.0,0.8422,0.7509,23510.0,49653.0,84459.0,79256.0,64934.0,82939.0,232392.0,0.3568926641192468,0.30057500172122964
219709,Belmont University,Nashville,TN,Private nonprofit,Bachelor,https://www.belmont.edu/,https://www.belmont.edu/sfs/cost/net-price-calculator.html,7137,0.9528,62570.0,42540.0,42540.0,33147.0,22950.0,24723.0,28009.0,32153.0,43606.0,0.7118,0.609,20500.0,37296.0,56202.0,51996.0,42770.0,55930.0,132588.0,0.42183304673122757,0.3002607626632878
203085,Heidelberg University,Tiffin,OH,Private nonprofit,Bachelor,https://www.heidelberg.edu/,https://heidelberg.aidcalc.cloud/#window_top,915,0.8579,47025.0,33650.0,33650.0,20556.0,18217.0,15974.0,14556.0,21376.0,26286.0,0.5092,0.4498,27000.0,36242.0,52647.0,51076.0,41440.0,48466.0,82224.0,0.5894386067328274,0.30014213854835575
112561,Columbia College,Sonora,CA,Public,Associate,https://www.gocolumbia.edu/,https://misweb.cccco.edu/npc/591/npcalc.htm,1984,,19870.0,1282.0,9264.0,11316.0,10095.0,10910.0,13961.0,15762.0,12813.0,0.348,0.1156,,58867.0,45420.0,55812.0,32510.0,39035.0,45264.0,0.8623851184164015,0.30011002120890773
167312,North Shore Community College,Danvers,MA,Public,Associate,www.northshore.edu/,www.northshore.edu/paying/cost/netprice/calculator/,4393,,15896.0,5352.0,10920.0,9000.0,8622.0,7550.0,8987.0,9966.0,13158.0,0.2378,0.0689,9000.0,40704.0,54714.0,50378.0,40373.0,45391.0,36000.0,1.2608611111111112,0.29983277222222227
217633,Anderson University,Anderson,SC,Private nonprofit,Bachelor,https://www.andersonuniversity.edu/,https://tcc.ruffalonl.com/Anderson University (SC)/FreshmanTransferStudents,3183,0.5471,50192.0,34970.0,34970.0,23544.0,17188.0,18724.0,19647.0,24926.0,27080.0,0.6705,0.6427,26700.0,41774.0,55541.0,46437.0,42073.0,42101.0,94176.0,0.44704595650696566,0.29974431383792044
219806,Carson-Newman University,Jefferson City,TN,Private nonprofit,Bachelor,www.cn.edu/,www.cn.edu/netpricecalculator/,1387,0.9045,49024.0,34700.0,34700.0,20251.0,16672.0,16446.0,17313.0,21209.0,28621.0,0.5017,0.452,21500.0,42215.0,53936.0,47783.0,39324.0,48382.0,81004.0,0.5972791467088046,0.29965494790380726
151102,Purdue University Fort Wayne,Fort Wayne,IN,Public,Bachelor,www.pfw.edu/,www.pfw.edu/admissions-financial-aid/financial-aid/net-price-calculator,5484,0.8389,22183.0,9532.0,22887.0,13171.0,8306.0,8703.0,12444.0,18430.0,20224.0,0.3438,0.2152,21500.0,44088.0,56455.0,53814.0,42873.0,45872.0,52684.0,0.870700782021107,0.2993469288588566
218654,University of South Carolina Beaufort,Bluffton,SC,Public,Bachelor,www.uscb.edu/,https://www.uscb.edu/institutional-effectiveness/net-price-calculator/npcalc/npcalc.htm,2052,0.725,24353.0,10730.0,21776.0,14656.0,11397.0,10614.0,13846.0,19001.0,20250.0,0.3649,0.234,24000.0,36542.0,49235.0,49631.0,39214.0,48088.0,58624.0,0.820278384279476,0.2993195824235808
217493,Rhode Island School of Design,Providence,RI,Private nonprofit,Bachelor,https://www.risd.edu/,https://risd.studentaidcalculator.com/survey.aspx,2084,0.1866,81727.0,62688.0,62688.0,50507.0,29135.0,30233.0,25872.0,33893.0,64493.0,0.8862,0.4873,27000.0,22778.0,56554.0,58302.0,45932.0,68140.0,202028.0,0.3372799809927337,0.2988975191557606
109651,Art Center College of Design,Pasadena,CA,Private nonprofit,Bachelor,www.artcenter.edu/,https://tcc.ruffalonl.com/Art-Center-College-of-Design/Freshman-Calculator,2017,0.7454,75649.0,54170.0,54170.0,48661.0,39645.0,42161.0,44738.0,45677.0,61144.0,0.8085,0.3542,31000.0,46662.0,74009.0,75387.0,53562.0,71958.0,194644.0,0.36969030640554035,0.29889461272887935
185129,New Jersey City University,Jersey City,NJ,Public,Bachelor,https://www.njcu.edu/,https://njcu.clearcostcalculator.com/student/default/netpricecalculator/survey,3681,0.9838,28255.0,14460.0,14460.0,16053.0,14005.0,15363.0,17587.0,21239.0,21596.0,0.363,0.196,18500.0,43409.0,60965.0,57697.0,45918.0,52745.0,64212.0,0.821419672335389,0.29817534105774623
242617,Inter American University of Puerto Rico-San German,San German,PR,Private nonprofit,Bachelor,www.sg.inter.edu/,www.sg.inter.edu/wp-content/uploads/Documentos/documentos_normativos/Net_Price_Calculator_SG_2023.html,2569,0.4248,16380.0,5780.0,5780.0,9148.0,8743.0,9686.0,11667.0,12235.0,,0.4292,0.1234,8500.0,14581.0,28262.0,25581.0,21573.0,25416.0,36592.0,0.694578049846961,0.2981128989943157
228981,Texas Lutheran University,Seguin,TX,Private nonprofit,Bachelor,www.tlu.edu/,www.tlu.edu/costs?rc=0,1304,0.9571,50002.0,36230.0,36230.0,24654.0,20512.0,22843.0,24243.0,24555.0,28596.0,0.5456,0.2967,25000.0,40717.0,56629.0,54481.0,48125.0,53863.0,98616.0,0.5461892593493957,0.29800085990103026
197708,Yeshiva University,New York,NY,Private nonprofit,Bachelor,www.yu.edu/,yu.studentaidcalculator.com/survey.aspx,2852,0.5562,70892.0,51800.0,51800.0,49965.0,24103.0,25462.0,28207.0,41944.0,69618.0,0.8345,0.8084,18250.0,63441.0,93796.0,76796.0,60252.0,71353.0,199860.0,0.3570149104373061,0.2979289427599319
213400,Lancaster Bible College,Lancaster,PA,Private nonprofit,Bachelor,https://www.lbc.edu/,https://lbc.studentaidcalculator.com/survey.aspx,1569,0.5589,44066.0,29990.0,29990.0,25480.0,24486.0,22017.0,23904.0,24034.0,29957.0,0.6881,0.6284,20500.0,36774.0,44774.0,38922.0,36747.0,44096.0,101920.0,0.4326530612244898,0.2977085714285715
199412,Queens University of Charlotte,Charlotte,NC,Private nonprofit,Bachelor,www.queens.edu/,tcc.ruffalonl.com/Queens University of Charlotte/Freshman Students,1211,0.6208,65742.0,45846.0,45846.0,30857.0,22792.0,20593.0,26435.0,30159.0,40426.0,0.6364,0.5259,25000.0,53907.0,70176.0,60181.0,48170.0,57673.0,123428.0,0.4672602650938199,0.29736443270570695
219046,Black Hills State University,Spearfish,SD,Public,Bachelor,www.bhsu.edu/,https://form.bhsu.edu/BH_TuitionCalc/TuitionCalculator.aspx,1928,0.9633,21277.0,8764.0,11866.0,15911.0,11863.0,13379.0,15588.0,18072.0,18604.0,0.4048,0.2941,26000.0,40957.0,48243.0,46420.0,38927.0,46674.0,63644.0,0.7333605681603922,0.29686435799132677
110334,Cabrillo College,Aptos,CA,Public,Associate,https://www.cabrillo.edu/,misweb.cccco.edu/npc/411/npcalc.htm,8002,,24966.0,1270.0,9862.0,15843.0,14656.0,14911.0,17780.0,19252.0,,0.4264,0.0982,14380.0,41541.0,54586.0,52415.0,34990.0,44114.0,63372.0,0.6961118475036293,0.2968220917755475
183114,River Valley Community College,Claremont,NH,Public,Associate,https://www.rivervalley.edu/,https://www.rivervalley.edu/netcalc/,608,,23244.0,6940.0,15190.0,14804.0,13183.0,23244.0,23244.0,22238.0,,0.3929,0.125,16226.0,47651.0,54465.0,49093.0,41242.0,44700.0,59216.0,0.754863550391786,0.29658588894893273
241191,Universidad Adventista de las Antillas,Mayaguez,PR,Private nonprofit,Bachelor,https://www.uaa.edu/,https://bigfuture.collegeboard.org/pay-for-college/calculate-your-cost,830,1.0,16834.0,8350.0,8350.0,9919.0,9519.0,10903.0,12494.0,13334.0,,0.4129,0.2083,15750.0,18898.0,37996.0,37182.0,27766.0,28465.0,39676.0,0.7174362334912794,0.29622942080854925
212656,Geneva College,Beaver Falls,PA,Private nonprofit,Bachelor,www.geneva.edu/,www.geneva.edu/student-financial-services/financial-aid/calculator/netprice-calculator,1096,,45407.0,33450.0,33450.0,25890.0,20283.0,15089.0,16079.0,20361.0,34864.0,0.6122,0.5803,25198.0,42391.0,53795.0,51124.0,46107.0,50004.0,103560.0,0.4828505214368482,0.2956010892236385
199962,Wingate University,Wingate,NC,Private nonprofit,Bachelor,https://www.wingate.edu/,https://www.wingate.edu/admissions/financial-aid/net-price-calculator,2668,0.9113,57473.0,41636.0,41636.0,20748.0,18772.0,18092.0,18865.0,21651.0,24759.0,0.4658,0.3777,25000.0,37581.0,58916.0,53638.0,43992.0,52649.0,82992.0,0.6343864468864469,0.29549720695970694
180595,Rocky Mountain College,Billings,MT,Private nonprofit,Bachelor,https://www.rocky.edu/,https://www.rocky.edu/admissions-aid/financial-aid/net-price-calculator,840,0.6961,46093.0,35582.0,35582.0,19751.0,15404.0,13781.0,14957.0,19892.0,25150.0,0.4759,0.2817,26000.0,36498.0,60523.0,52790.0,41783.0,49036.0,79004.0,0.6206774340539719,0.2953803908662852
171395,North Central Michigan College,Petoskey,MI,Public,Associate,www.ncmich.edu/,https://www.ncmich.edu/admissions/tuition-costs/north-central-cost-calculator.html,942,,19219.0,5430.0,10590.0,10083.0,9819.0,7469.0,11658.0,12736.0,15435.0,0.3255,0.1751,14000.0,33575.0,44584.0,38991.0,31314.0,36594.0,40332.0,0.9073192502231479,0.29533241594763465
207403,Oklahoma Baptist University,Shawnee,OK,Private nonprofit,Bachelor,https://www.okbu.edu/,https://www.okbu.edu/financial-aid/net-price-calculator.html,1308,0.4941,48695.0,35570.0,35570.0,20958.0,17562.0,17103.0,21033.0,21570.0,26102.0,0.5102,0.4307,24801.0,41414.0,49999.0,48496.0,42581.0,48434.0,83832.0,0.5777507395743868,0.2947684273308522
179894,Webster University,Saint Louis,MO,Private nonprofit,Bachelor,www.webster.edu/,https://www.webster.edu/admissions/net-price-calculator.php,2304,0.8623,51188.0,31750.0,31750.0,27047.0,22359.0,22083.0,27257.0,29315.0,31314.0,0.6268,0.5549,23000.0,56006.0,75697.0,68203.0,39656.0,50876.0,108188.0,0.47025548119939364,0.29475613561577996
215691,Rosemont College,Rosemont,PA,Private nonprofit,Bachelor,www.rosemont.edu/,www.rosemont.edu/admissions/tuition-and-aid/cost-of-attendance/net-price-calculator.php,486,0.7634,38498.0,23845.0,23845.0,20150.0,10124.0,13373.0,20180.0,24825.0,30670.0,0.4891,0.4505,27000.0,40410.0,59674.0,54584.0,40852.0,48555.0,80600.0,0.6024193548387097,0.2946433064516129
243443,Universidad del Sagrado Corazon,Santurce,PR,Private nonprofit,Bachelor,www.sagrado.edu/,mi.sagrado.edu/ICS/ClientConfig/HtmlContent/netcalculator2017/Net Price Calculator.html,4442,0.5802,19728.0,6410.0,6410.0,12924.0,12027.0,12671.0,15196.0,17990.0,19478.0,0.4792,0.2315,16250.0,23756.0,35718.0,33624.0,27544.0,31754.0,51696.0,0.6142448158464872,0.2943461157536367
238193,Alverno College,Milwaukee,WI,Private nonprofit,Bachelor,https://www.alverno.edu/,https://www.alverno.edu/NPC,631,0.8574,51362.0,34086.0,34086.0,22540.0,22032.0,20668.0,22261.0,24788.0,29051.0,0.4987,0.2927,27000.0,56049.0,67760.0,63593.0,51755.0,53145.0,90160.0,0.5894520851818988,0.2939597548802129
207865,Southwestern Oklahoma State University,Weatherford,OK,Public,Bachelor,https://www.swosu.edu/,https://tcc.ruffalonl.com/Southwestern Oklahoma State University/Freshman-Students,3514,,23334.0,8469.0,8499.0,14459.0,10987.0,10094.0,12069.0,17500.0,19595.0,0.3716,0.2662,15954.0,49371.0,57954.0,57905.0,42896.0,45744.0,57836.0,0.7909260668095995,0.2939081264264472
224226,Dallas Baptist University,Dallas,TX,Private nonprofit,Bachelor,https://www.dbu.edu/,https://www.dbu.edu/cashier/cost-of-attendance.html,2403,0.8884,52716.0,40190.0,40190.0,28516.0,25326.0,25996.0,28024.0,28242.0,32273.0,0.5871,0.4347,21591.0,43535.0,59308.0,56964.0,45138.0,56807.0,114064.0,0.49802742320100996,0.29239190016131295
243179,University of Puerto Rico-Humacao,Humacao,PR,Public,Bachelor,www.upr.edu/humacao/,www.uprh.edu/net-price-calculator/,2529,0.548,19547.0,5364.0,5364.0,12675.0,12036.0,12957.0,15481.0,16960.0,19547.0,0.5008,0.0959,5500.0,11860.0,33230.0,29478.0,20013.0,29521.0,50700.0,0.5822682445759368,0.2915999368836292
175980,Millsaps College,Jackson,MS,Private nonprofit,Bachelor,www.millsaps.edu/,www.millsaps.edu/admissions/cost-value/,549,0.4312,60061.0,44680.0,44680.0,26034.0,24215.0,23719.0,23062.0,27049.0,30945.0,0.5633,0.5429,27000.0,36754.0,67303.0,61535.0,46137.0,53848.0,104136.0,0.5170930321886763,0.29127850503188135
122728,William Jessup University,Rocklin,CA,Private nonprofit,Bachelor,www.jessup.edu/,https://app.meadowfi.com/jessup,1294,0.9333,53703.0,37150.0,37150.0,28062.0,23123.0,22690.0,24674.0,30717.0,34753.0,0.5809,0.4375,23700.0,39364.0,55374.0,51895.0,43163.0,56257.0,112248.0,0.5011848763452356,0.2911382946689473
207290,Northeastern Oklahoma A&M College,Miami,OK,Public,Associate,https://www.neo.edu/,https://neo.edu/app/uploads/2023/09/index.html,1720,,18885.0,5213.0,11363.0,11001.0,9778.0,9155.0,12873.0,14892.0,16383.0,0.3339,0.1946,11000.0,39689.0,45840.0,46936.0,31600.0,38337.0,44004.0,0.871216253067903,0.29089910689937276
180249,Great Falls College Montana State University,Great Falls,MT,Public,Associate,https://www.gfcmsu.edu/,https://finaid.gfcmsu.edu/npc/npcalc.html,894,,16664.0,4028.0,12911.0,12468.0,10675.0,10624.0,11778.0,16535.0,16664.0,0.3812,0.2308,,,48830.0,,35625.0,38034.0,49872.0,0.7626323387872955,0.29071544754571704
234173,Virginia Wesleyan University,Virginia Beach,VA,Private nonprofit,Bachelor,https://www.vwu.edu/,https://tcc.ruffalonl.com/Virginia Wesleyan University/FirstYearStudents,1256,0.7287,51255.0,37500.0,37500.0,19676.0,14080.0,17108.0,15967.0,22603.0,24782.0,0.4568,0.3598,27000.0,36440.0,50183.0,48912.0,39200.0,50074.0,78704.0,0.6362319577149828,0.2906307582842041
214166,Mount Aloysius College,Cresson,PA,Private nonprofit,Bachelor,www.mtaloy.edu/,https://tcc.ruffalonl.com/Mount Aloysius College/Freshman-Students,1094,0.8205,40435.0,27072.0,27072.0,22344.0,21530.0,20389.0,19770.0,21769.0,26786.0,0.5622,0.3154,24287.0,45939.0,62211.0,61657.0,45211.0,46165.0,89376.0,0.5165256892230576,0.290390742481203
208646,Eastern Oregon University,La Grande,OR,Public,Bachelor,www.eou.edu/,https://static.eou.edu/net-price-calc/,2172,0.9831,26718.0,11076.0,25431.0,17148.0,12563.0,11150.0,14208.0,22566.0,21835.0,0.3974,0.2933,20500.0,39941.0,55565.0,52776.0,43034.0,50112.0,68592.0,0.7305808257522743,0.2903328201539538
237312,University of Charleston,Charleston,WV,Private nonprofit,Bachelor,www.ucwv.edu/,econnections.ucwv.edu/forms/npc,2259,0.6152,46470.0,33800.0,33800.0,22107.0,21427.0,25331.0,16945.0,20215.0,23795.0,0.4597,0.3559,19500.0,55778.0,68945.0,57351.0,42698.0,55774.0,88428.0,0.6307278237662279,0.289945580585335
198640,Halifax Community College,Weldon,NC,Public,Associate,halifaxcc.edu/,halifaxcc.edu/getting-started/tuition-chart/,723,,16938.0,2608.0,8752.0,9040.0,8747.0,7406.0,9454.0,16438.0,,0.3312,0.0541,,41271.0,45575.0,41516.0,26519.0,31644.0,36160.0,0.8751106194690266,0.2898366371681416
117751,The Master's University and Seminary,Santa Clarita,CA,Private nonprofit,Bachelor,www.masters.edu/,https://www.masters.edu/financial-aid/total-cost-calculator,1622,0.8402,54845.0,39020.0,39020.0,32647.0,24624.0,25104.0,27712.0,31542.0,36535.0,0.6618,0.5538,20500.0,40609.0,55487.0,53787.0,41665.0,57106.0,130588.0,0.43729898612429935,0.28940446901706135
244437,Georgia State University-Perimeter College,Atlanta,GA,Public,Associate,perimeter.gsu.edu/,https://perimeter.gsu.edu/student-financial-services/tuition-and-fees/,13693,0.9077,17608.0,3104.0,10064.0,11453.0,10380.0,10367.0,12528.0,15622.0,16785.0,0.2798,0.0635,20903.0,37719.0,58898.0,56218.0,37844.0,47384.0,45812.0,1.0343141534969005,0.28940110014843273
457536,Midwestern Career College,Chicago,IL,Private for-profit,Associate,https://www.mccollege.edu/,https://mccollege.edu/net-price-calculator/,887,,,,,20462.0,20299.0,20413.0,22674.0,,,0.6497,0.504,7521.0,34322.0,46684.0,35799.0,33475.0,36432.0,81848.0,0.44511777929821134,0.2891930212100479
242626,Inter American University of Puerto Rico-Aguadilla,Aguadilla,PR,Private nonprofit,Bachelor,aguadilla.inter.edu/,https://www.inter.edu/NetPrice/Aguadilla/index.html,2906,0.4176,16057.0,5742.0,5742.0,8742.0,8543.0,9117.0,11361.0,12612.0,,0.4077,0.0875,6250.0,13960.0,26098.0,26844.0,23322.0,24776.0,34968.0,0.7085335163578128,0.28886911461908027
189547,SUNY Broome Community College,Binghamton,NY,Public,Associate,www.sunybroome.edu/,https://www.suny.edu/howmuch/netpricecalculator.xhtml,3055,,16640.0,8624.0,14288.0,8940.0,5143.0,6903.0,9735.0,13147.0,15944.0,0.2601,0.1463,12000.0,36091.0,48966.0,44039.0,34210.0,39710.0,35760.0,1.1104586129753915,0.28883028523489934
117690,Los Angeles Harbor College,Wilmington,CA,Public,Associate,https://www.lahc.edu/,https://misweb.cccco.edu/npc/742/npcalc.htm,6694,,21772.0,1238.0,10568.0,13250.0,12533.0,12468.0,14299.0,17831.0,19227.0,0.372,0.1748,,76684.0,63483.0,46870.0,31241.0,41133.0,53000.0,0.7760943396226415,0.28870709433962266
234155,Virginia State University,Petersburg,VA,Public,Bachelor,www.vsu.edu/,npc.collegeboard.org/app/vsu,5074,0.8863,27661.0,10043.0,22650.0,15840.0,13220.0,14758.0,19463.0,22223.0,25508.0,0.4013,0.2435,26500.0,31713.0,51739.0,49774.0,33630.0,45543.0,63360.0,0.7187973484848484,0.2884533759469697
214591,Pennsylvania State University-Penn State Erie-Behrend College,Erie,PA,Public,Bachelor,https://behrend.psu.edu/,https://tuition.psu.edu/student-tuition-calculators,3240,0.9683,34081.0,15972.0,26958.0,24558.0,16092.0,17884.0,20539.0,26914.0,29692.0,0.4466,0.3159,25000.0,54468.0,76659.0,72964.0,55620.0,63435.0,98232.0,0.6457671634497923,0.2883996151966773
106342,Lyon College,Batesville,AR,Private nonprofit,Bachelor,www.lyon.edu/,https://lyon.virtueanalytics.com/#!/home/npc,648,0.6276,44978.0,31000.0,31000.0,19616.0,16084.0,16695.0,17348.0,20936.0,23391.0,0.5099,0.3843,21500.0,,,45744.0,37629.0,44232.0,78464.0,0.5637234910277324,0.2874426080750408
223320,Coastal Bend College,Beeville,TX,Public,Associate,www.coastalbend.edu/,www.coastalbend.edu/TwoColumnLeft.aspx?pageid=2334&terms=net price calculator,1958,,12875.0,2916.0,5226.0,4237.0,3175.0,3536.0,5120.0,9021.0,10015.0,0.1635,0.1508,,,,,29547.0,35086.0,16948.0,1.7543,0.28682805
195988,Sullivan County Community College,Loch Sheldrake,NY,Public,Associate,https://www.sunysullivan.edu/,https://www.suny.edu/smarttrack/net-price-calculator/,836,,16601.0,6468.0,12132.0,8482.0,6840.0,8517.0,10501.0,12029.0,15764.0,0.2532,0.2009,10150.0,29054.0,43580.0,42582.0,33019.0,38354.0,33928.0,1.1304527234142892,0.286230629568498
243601,Universidad Ana G. Mendez-Gurabo Campus,Gurabo,PR,Private nonprofit,Bachelor,uagm.edu/,documento.uagm.edu/netprice/np-gurabo.html,7868,,14224.0,7750.0,7750.0,7051.0,7135.0,5205.0,7669.0,,,0.3077,0.0714,13448.0,22004.0,33439.0,28725.0,23727.0,26223.0,28204.0,0.9297617359239824,0.28608768614380936
162210,Washington Adventist University,Takoma Park,MD,Private nonprofit,Bachelor,https://www.wau.edu/,https://www.wau.edu/future-students/admission/financial-aid/net-price-calculator/,452,0.4618,34309.0,26604.0,26604.0,18526.0,17534.0,15160.0,19311.0,22090.0,21480.0,0.3297,0.1538,30500.0,60537.0,74717.0,57606.0,40114.0,64249.0,74104.0,0.8670112274641045,0.28585360169491525
198695,High Point University,High Point,NC,Private nonprofit,Bachelor,www.highpoint.edu/,https://www.highpoint.edu/admissions/net-price-calculator/,5129,0.7531,65548.0,45312.0,45312.0,38707.0,32763.0,31937.0,32461.0,35508.0,41994.0,0.7208,0.6582,24575.0,47613.0,65028.0,59043.0,50955.0,61389.0,154828.0,0.3964980494484202,0.2857957940424213
204617,Ohio Dominican University,Columbus,OH,Private nonprofit,Bachelor,https://www.ohiodominican.edu/,https://www.ohiodominican.edu/financial-aid/undergraduate,760,0.9423,47621.0,35720.0,35720.0,20079.0,16997.0,17459.0,19572.0,21907.0,22999.0,0.4433,0.3275,26000.0,46324.0,61640.0,58106.0,43933.0,51748.0,80316.0,0.6443049952686887,0.2856204044026097
100830,Auburn University at Montgomery,Montgomery,AL,Public,Bachelor,www.aum.edu/,www.aum.edu/net-price-calculator,2542,0.9157,21353.0,9700.0,20668.0,13224.0,11706.0,12309.0,13202.0,17387.0,16117.0,0.3402,0.2151,25000.0,43815.0,55551.0,54405.0,38216.0,44391.0,52896.0,0.8392127949183303,0.28550019283121597
142461,Northwest Nazarene University,Nampa,ID,Private nonprofit,Bachelor,https://www.nnu.edu/,https://tcc.ruffalonl.com/Northwest Nazarene University/Freshman Students,1024,0.6474,55163.0,40794.0,40794.0,29580.0,28732.0,30626.0,35166.0,33413.0,34800.0,0.653,0.587,23750.0,43773.0,60040.0,56213.0,45488.0,51719.0,118320.0,0.4371112237998648,0.2854336291413117
181020,Doane University,Crete,NE,Private nonprofit,Bachelor,www.doane.edu/,www.doane.edu/scorecards-calculators,978,0.9801,57836.0,43985.0,43985.0,26364.0,21129.0,24188.0,24225.0,26122.0,29410.0,0.5645,0.4942,25000.0,50415.0,58227.0,55783.0,46009.0,53316.0,105456.0,0.505575785161584,0.28539753072371415
217873,Claflin University,Orangeburg,SC,Private nonprofit,Bachelor,www.claflin.edu/,www.claflin.edu/admissions-aid/tuition-and-fees/cost-of-attending-claflin,1706,0.6493,33530.0,18282.0,18282.0,17800.0,16354.0,21118.0,22279.0,23502.0,25071.0,0.5041,0.406,29000.0,30175.0,43925.0,40384.0,29227.0,40304.0,71200.0,0.566067415730337,0.28535458426966287
214634,Pennsylvania State University-Penn State Shenango,Sharon,PA,Public,Bachelor,https://shenango.psu.edu/,https://tuition.psu.edu/student-tuition-calculators,256,0.922,26821.0,14024.0,23560.0,18095.0,14946.0,15847.0,14896.0,17600.0,22729.0,0.3252,0.2727,25000.0,54468.0,76659.0,72964.0,55620.0,63435.0,72380.0,0.8764161370544349,0.2850105277701022
181738,Union Adventist University,Lincoln,NE,Private nonprofit,Bachelor,https://www.uau.edu/,https://www.uau.edu/net-price-calculator,471,1.0,42099.0,29334.0,29334.0,23716.0,19477.0,16740.0,24957.0,24444.0,26653.0,0.4904,0.4773,27000.0,50075.0,61367.0,61829.0,43853.0,55045.0,94864.0,0.5802517287906899,0.2845554477989543
206996,Connors State College,Warner,OK,Public,Associate,connorsstate.edu/,connorsstate.edu/coa/,2076,,17957.0,3792.0,7530.0,10199.0,9493.0,9845.0,11202.0,13283.0,14701.0,0.3016,0.2623,11500.0,39756.0,48055.0,49080.0,34475.0,38469.0,40796.0,0.9429600941268752,0.28439676438866557
177250,East Central College,Union,MO,Public,Associate,www.eastcentral.edu/,www.eastcentral.edu/finaid/net-price-calculator/,1639,,19386.0,4272.0,7680.0,13128.0,12281.0,11895.0,14271.0,14999.0,17560.0,0.4042,0.3578,9500.0,32063.0,42272.0,42194.0,33017.0,36916.0,52512.0,0.7030012187690433,0.28415309262644733
260691,Pima Medical Institute-Mesa,Mesa,AZ,Private for-profit,Associate,https://pmi.edu/,https://secure.pmi.edu/npcalc/,705,,,,,21461.0,21625.0,17042.0,22494.0,25580.0,,0.6304,0.3519,9500.0,33913.0,42937.0,39823.0,37302.0,38673.0,85844.0,0.45050323843250545,0.28399724150785144
168528,Adrian College,Adrian,MI,Private nonprofit,Bachelor,www.adrian.edu/,www.adrian.edu/financial-aid/net-price-calculator,1604,0.7253,56003.0,41684.0,41684.0,25368.0,19542.0,21571.0,24162.0,27166.0,28652.0,0.5185,0.3671,27000.0,38538.0,55233.0,51314.0,42805.0,55504.0,101472.0,0.5469883317565437,0.2836134500157679
174437,North Central University,Minneapolis,MN,Private nonprofit,Bachelor,www.northcentral.edu/,www.northcentral.edu/financial-aid/net-price-calculator,709,0.9898,44475.0,32220.0,32220.0,25817.0,20450.0,22393.0,23892.0,28167.0,30213.0,0.6499,0.5693,23200.0,37902.0,47587.0,44855.0,37688.0,45064.0,103268.0,0.43637913003059997,0.2836027966068869
207050,Eastern Oklahoma State College,Wilburton,OK,Public,Associate,www.eosc.edu/,https://www.eosc.edu/admissions-aid/tuition-fees/tuition-calculator,964,,18546.0,4947.0,8384.0,10830.0,9371.0,9169.0,11970.0,15179.0,18069.0,0.3178,0.2381,11900.0,33361.0,42926.0,40978.0,32427.0,38658.0,43320.0,0.8923822714681441,0.2835990858725762
234164,Virginia Union University,Richmond,VA,Private nonprofit,Bachelor,www.vuu.edu/,https://www.vuu.edu/financial-aid/net-price-calculator,1203,0.9799,29075.0,17450.0,17450.0,13235.0,11424.0,12372.0,14420.0,21362.0,18301.0,0.3921,0.25,29000.0,30122.0,50840.0,45004.0,27977.0,38275.0,52940.0,0.7229882886286362,0.28348370797128825
129525,University of Hartford,West Hartford,CT,Private nonprofit,Bachelor,www.hartford.edu/,https://www.hartford.edu/admission/tuition-fees/tuition-calculator.aspx,4146,0.9575,64729.0,49075.0,49075.0,30282.0,25925.0,24512.0,27277.0,30956.0,34833.0,0.5642,0.439,27000.0,47333.0,69078.0,64107.0,42581.0,60823.0,121128.0,0.5021382339343504,0.28330639158576054
239071,Maranatha Baptist University,Watertown,WI,Private nonprofit,Bachelor,www.mbu.edu/,https://mbu.edu/net-price-calculator/,541,0.719,37092.0,21550.0,21550.0,26005.0,24786.0,22995.0,23908.0,30314.0,30675.0,0.6462,0.5242,14143.0,38240.0,49529.0,42042.0,40403.0,45593.0,104020.0,0.4383099403960777,0.2832358834839454
211556,Chatham University,Pittsburgh,PA,Private nonprofit,Bachelor,www.chatham.edu/,https://tcc.ruffalonl.com/Chatham University/First-Year Students,1232,0.6196,61261.0,44626.0,44626.0,29954.0,22675.0,24086.0,26051.0,30120.0,33636.0,0.6468,0.5187,23250.0,44270.0,65078.0,59327.0,48709.0,52410.0,119816.0,0.437420711758029,0.28292371636509317
204006,Miami University-Hamilton,Hamilton,OH,Public,Bachelor,miamioh.edu/regionals/,miamioh.edu/onestop/paying-for-college/costs/net-price-calculators/index.html,2043,,15352.0,7491.0,19407.0,11286.0,7760.0,8737.0,11171.0,13775.0,14425.0,0.2319,0.1192,23000.0,49538.0,70785.0,65273.0,49773.0,55076.0,45144.0,1.220007088428141,0.28291964380648593
209612,Pacific University,Forest Grove,OR,Private nonprofit,Bachelor,https://www.pacificu.edu/,https://www.pacificu.edu/financial-aid-scholarships/net-price-calculator,1516,0.8956,72374.0,56374.0,56374.0,35273.0,23318.0,23607.0,29844.0,34369.0,40911.0,0.6588,0.5511,23223.0,38293.0,62363.0,57447.0,46936.0,60583.0,141092.0,0.4293864995889207,0.282879825929181
125897,Woodbury University,Burbank,CA,Private nonprofit,Bachelor,https://woodbury.edu/,https://woodbury.edu/admissions/tuition-and-fees/cost-of-attendance/,779,0.8165,58010.0,47056.0,47056.0,33692.0,28815.0,28368.0,30748.0,32773.0,39808.0,0.5797,0.3833,26960.0,39998.0,66794.0,66933.0,47665.0,65668.0,134768.0,0.48726700700463016,0.2824686839605841
203775,Malone University,Canton,OH,Private nonprofit,Bachelor,https://www.malone.edu/,https://www.malone.edu/admissions-aid/financial-aid-scholarships/net-price-calculator/,798,0.7586,49754.0,37160.0,37160.0,20948.0,13290.0,17253.0,17667.0,24502.0,24613.0,0.4829,0.3657,26289.0,40724.0,51485.0,50448.0,43056.0,48909.0,83792.0,0.5836953408439947,0.281866480093565
198598,Greensboro College,Greensboro,NC,Private nonprofit,Bachelor,https://www.greensboro.edu/,https://greensboro.studentaidcalculator.com/welcome.aspx,708,0.7014,35165.0,21000.0,21000.0,17882.0,13877.0,14361.0,15614.0,21248.0,27075.0,0.4324,0.3967,25607.0,34112.0,51898.0,46189.0,36462.0,46566.0,71528.0,0.6510177832457219,0.28150008947545013
106412,University of Arkansas at Pine Bluff,Pine Bluff,AR,Public,Bachelor,www.uapb.edu/,https://www.uapb.edu/admissions/net-price-calculator,1807,0.4118,21129.0,9412.0,17992.0,12653.0,12302.0,11324.0,15920.0,13975.0,17840.0,0.4007,0.2272,24202.0,32132.0,46380.0,41710.0,31161.0,35550.0,50612.0,0.7024025922706078,0.2814527187228325
170055,Grand Rapids Community College,Grand Rapids,MI,Public,Associate,https://www.grcc.edu/,https://www.grcc.edu/about-grcc/student-consumer-information/net-price-calculator,10698,,15658.0,4179.0,12219.0,8621.0,7373.0,7292.0,8362.0,11582.0,14013.0,0.2527,0.1067,9000.0,38948.0,49887.0,44271.0,35623.0,38377.0,34484.0,1.1128929358543092,0.2812280448903839
161545,Southern Maine Community College,South Portland,ME,Public,Associate,https://www.smccme.edu/,https://www.smccme.edu/about/consumer-info/net-price-calculator/,5675,,18531.0,4156.0,7036.0,11086.0,9654.0,10090.0,11666.0,12946.0,14660.0,0.2991,0.1386,10331.0,42029.0,53543.0,46606.0,36780.0,41661.0,44344.0,0.9394957604185459,0.28100318194118706
173461,Lake Superior College,Duluth,MN,Public,Associate,www.lsc.edu/,www.minnstate.edu/admissions/calculator/lakesuperior.html,2471,,19723.0,5785.0,5785.0,15492.0,12326.0,12640.0,14792.0,17372.0,19519.0,0.3743,0.3185,12775.0,44120.0,57665.0,49613.0,40681.0,46449.0,61968.0,0.7495642912470952,0.28056191421378773
157216,Lindsey Wilson College,Columbia,KY,Private nonprofit,Bachelor,https://www.lindsey.edu/,https://portal.lindsey.edu/forms/financialaid/finaidcalc/,1585,,40879.0,27808.0,27808.0,15070.0,14745.0,10966.0,16066.0,17208.0,18182.0,0.4109,0.3009,16784.0,33041.0,43852.0,41669.0,34861.0,41129.0,60280.0,0.6822992700729927,0.2803567700729927
238980,Lakeland University,Plymouth,WI,Private nonprofit,Bachelor,www.lakeland.edu/,https://lakeland.edu/traditional-undergraduate-financial-aid/net-price-calculator,1212,0.8628,48840.0,33396.0,33396.0,24212.0,22453.0,22030.0,20124.0,24332.0,28054.0,0.4845,0.3396,25000.0,54576.0,66716.0,58016.0,49546.0,55961.0,96848.0,0.5778229803403271,0.2799552339748885
154527,Wartburg College,Waverly,IA,Private nonprofit,Bachelor,https://www.wartburg.edu/,https://vip.wartburg.edu/finaid/npc.html,1452,0.7584,64359.0,26250.0,26250.0,32908.0,21688.0,20751.0,27056.0,28873.0,38864.0,0.6554,0.4538,27000.0,45643.0,58373.0,54214.0,48795.0,56201.0,131632.0,0.4269554515619302,0.27982660295368905
153311,Eastern Iowa Community College District,Davenport,IA,Public,Associate,www.eicc.edu/,www.eicc.edu/future-students/financial-aid/net-price-calculator.aspx,3520,,19170.0,4848.0,6456.0,14017.0,11841.0,12804.0,14703.0,17260.0,19014.0,0.4014,0.3219,12739.0,40901.0,47929.0,44928.0,34717.0,39060.0,56068.0,0.6966540629235928,0.2796369408575301
218441,North Greenville University,Tigerville,SC,Private nonprofit,Bachelor,https://www.ngu.edu/,https://www.shoppingsheet.com/Shopping/School/218441,1819,0.6667,42034.0,25800.0,25800.0,21063.0,18947.0,16988.0,20704.0,20433.0,24550.0,0.5472,0.4708,23082.0,35763.0,44607.0,42640.0,38173.0,43035.0,84252.0,0.5107890613872668,0.2795037743911124
454810,Auguste Escoffier School of Culinary Arts-Boulder,Boulder,CO,Private for-profit,Associate,www.escoffier.edu/,www.escoffier.edu/tuition/boulder/index.html,8504,,,,,13367.0,12863.0,13641.0,14324.0,15975.0,16707.0,0.466,0.3899,9653.0,26209.0,36127.0,33458.0,32101.0,32001.0,53468.0,0.5985075185157477,0.27890450362833846
176947,Central Methodist University-College of Liberal Arts and Sciences,Fayette,MO,Private nonprofit,Bachelor,www.centralmethodist.edu/,www.centralmethodist.edu/admissions/financial-aid/calculator/npcalc.htm,1040,0.5687,43635.0,28260.0,28260.0,22766.0,20260.0,18894.0,20680.0,23883.0,27411.0,0.5182,0.4389,17619.0,41468.0,51668.0,50224.0,43860.0,48991.0,91064.0,0.5379842747957481,0.27878345119915665
221661,Southern Adventist University,Collegedale,TN,Private nonprofit,Bachelor,www.southern.edu/,www.southern.edu/undergrad/finances/cost-calculator.html#!#st,2773,0.655,38618.0,27300.0,27300.0,24345.0,19123.0,20421.0,22849.0,26679.0,30751.0,0.5048,0.3459,24500.0,45366.0,58282.0,58971.0,44818.0,53723.0,97380.0,0.5516841240501129,0.278490145820497
237181,Bethany College,Bethany,WV,Private nonprofit,Bachelor,www.bethanywv.edu/,www.bethanywv.edu/admissions-aid/cost-of-attendance/net-price-calculator/,614,0.5879,50758.0,36765.0,36765.0,18605.0,14315.0,15239.0,17641.0,22434.0,27214.0,0.4655,0.3757,27000.0,31022.0,52582.0,48767.0,37124.0,44512.0,74420.0,0.5981187852727762,0.2784242945444773
216083,South Hills School of Business & Technology,State College,PA,Private for-profit,Associate,www.southhills.edu/,www.southhills.edu/financial-aid/net-price-calculator/,260,0.9727,27981.0,19905.0,19905.0,19673.0,13879.0,15015.0,22038.0,22313.0,26966.0,0.6164,0.6699,16000.0,34821.0,42821.0,39950.0,33823.0,35539.0,78692.0,0.45162151171656584,0.27837949982209115
224004,Concordia University Texas,Austin,TX,Private nonprofit,Bachelor,https://www.concordia.edu/,https://tcc.ruffalonl.com/Concordia University - Texas/Freshman-Students,1185,0.9125,53020.0,23500.0,23500.0,23131.0,18764.0,18394.0,22118.0,23977.0,32280.0,0.423,0.3005,21852.0,56981.0,64701.0,62873.0,48058.0,60883.0,92524.0,0.6580238640785093,0.2783440945052094
210775,Alvernia University,Reading,PA,Private nonprofit,Bachelor,https://www.alvernia.edu/,https://alvernia.clearcostcalculator.com/student/default/netpricecalculator/survey,2152,0.5806,57565.0,45000.0,45000.0,28138.0,23436.0,23701.0,24131.0,28016.0,32152.0,0.5689,0.3917,27000.0,54463.0,67275.0,59530.0,49938.0,55055.0,112552.0,0.4891516810007819,0.2782783913213448
233772,Tidewater Community College,Norfolk,VA,Public,Associate,www.tcc.edu/,www.tcc.edu/paying-for-college/pay-tuition/,12082,,19788.0,5588.0,12296.0,11762.0,10222.0,10613.0,12473.0,15804.0,18652.0,0.3412,0.192,10000.0,35996.0,48786.0,42864.0,32700.0,38349.0,47048.0,0.815103723856487,0.27811339057983336
191621,Hilbert College,Hamburg,NY,Private nonprofit,Bachelor,www.hilbert.edu/,www.hilbert.edu/admissions-financial-aid/financial-aid/net-price-calculator,921,0.972,42114.0,33740.0,33740.0,22723.0,20903.0,20389.0,23162.0,24732.0,24329.0,0.5232,0.4773,24750.0,33842.0,53063.0,50646.0,45369.0,48309.0,90892.0,0.5314989217972979,0.2780802358843462
369400,Universal Technical Institute-Orlando,Orlando,FL,Private for-profit,Associate,www.uti.edu/,www.uti.edu/admissions/tuition,788,,,,,25003.0,23404.0,24776.0,26242.0,28207.0,28905.0,0.5752,0.3603,13097.0,36758.0,50463.0,46718.0,42989.0,48341.0,100012.0,0.48335199776026877,0.27802406911170663
167260,Nichols College,Dudley,MA,Private nonprofit,Bachelor,www.nichols.edu/,nichols.studentaidcalculator.com/survey.aspx,1163,0.8084,58310.0,42705.0,42705.0,33036.0,22054.0,24749.0,31978.0,33851.0,35731.0,0.6314,0.6091,27000.0,46704.0,64532.0,63107.0,47830.0,58063.0,132144.0,0.43939187552972514,0.27743203020946844
221184,Nashville State Community College,Nashville,TN,Public,Associate,https://www.nscc.edu/,https://www.nscc.edu/tuition-and-aid/tuition-and-fees.php,5653,,14385.0,4730.0,17714.0,6777.0,6326.0,5974.0,7746.0,9688.0,12195.0,0.1952,0.1013,9595.0,34662.0,48592.0,44495.0,33038.0,38519.0,27108.0,1.420945846244651,0.2773686291869559
491181,Galen College of Nursing-ARH,Hazard,KY,Private for-profit,Associate,www.galencollege.edu/nursing-programs/hazard/,galencollege.studentaidcalculator.com/welcome.aspx,350,,34801.0,16364.0,16364.0,21164.0,22159.0,19327.0,16628.0,22001.0,,0.3818,0.6279,24166.0,67307.0,79047.0,71805.0,58951.0,61480.0,84656.0,0.7262332262332263,0.2772758457758458
243346,Universidad Ana G. Mendez-Carolina Campus,Carolina,PR,Private nonprofit,Bachelor,uagm.edu/,documento.uagm.edu/netprice/np-carolina.html,4468,,14113.0,7750.0,7750.0,7761.0,7401.0,7506.0,10546.0,10745.0,,0.3537,0.048,14500.0,16903.0,28676.0,24747.0,21125.0,24328.0,31044.0,0.7836618992397887,0.27718121376111327
213659,Luzerne County Community College,Nanticoke,PA,Public,Associate,www.luzerne.edu/,www.luzerne.edu/financialaid/npc/index.html,3317,,14499.0,6600.0,16260.0,9433.0,7711.0,8530.0,10358.0,12980.0,14093.0,0.2585,0.2268,11000.0,40198.0,49521.0,45009.0,35631.0,40437.0,37732.0,1.071689812360861,0.2770318164952826
167899,Springfield College,Springfield,MA,Private nonprofit,Bachelor,www.springfield.edu/,https://springfield.edu/admissions/undergraduate-admissions/net-price-calculator,1751,0.7189,60729.0,45174.0,45174.0,30587.0,22519.0,22295.0,23364.0,27470.0,34461.0,0.7056,0.704,26250.0,38460.0,60428.0,55341.0,43692.0,48036.0,122348.0,0.3926177787949129,0.27703110471769055
215585,Reading Area Community College,Reading,PA,Public,Associate,https://www.racc.edu/,https://www.racc.edu/sites/default/files/HEOA/NetPrice-Calculator/index.html,3703,,14563.0,6480.0,12510.0,9228.0,7968.0,8553.0,8987.0,12121.0,14049.0,0.2613,0.2042,8750.0,36380.0,45446.0,42740.0,32565.0,39082.0,36912.0,1.0587884698742955,0.2766614271781534
220701,The University of Tennessee Southern,Pulaski,TN,Public,Bachelor,https://www.utsouthern.edu/,https://utsouthern.edu/net-price-calculator/,864,0.8671,24750.0,10924.0,10924.0,12798.0,9335.0,12071.0,15343.0,17336.0,17135.0,0.3631,0.262,21500.0,34798.0,46181.0,48965.0,36151.0,38924.0,51192.0,0.7603531801844038,0.276084239724957
242653,Inter American University of Puerto Rico-Metro,San Juan,PR,Private nonprofit,Bachelor,metro.inter.edu/,https://www.inter.edu/NetPrice/Metropolitan/,2607,0.6972,16837.0,5780.0,5780.0,9788.0,9272.0,9966.0,12229.0,13972.0,,0.3501,0.2385,10975.0,21452.0,37728.0,37246.0,27318.0,30821.0,39152.0,0.7872139354311402,0.2756035987944422
152992,Briar Cliff University,Sioux City,IA,Private nonprofit,Bachelor,www.briarcliff.edu/,www.briarcliff.edu/filesimages/future chargers/financial aid/costs and financial aid/net-price-calculator.html,624,,51493.0,36956.0,36956.0,23907.0,17764.0,14604.0,25516.0,30156.0,27328.0,0.4838,0.3591,23250.0,43017.0,61163.0,58117.0,48338.0,54475.0,95628.0,0.5696553310745807,0.2755992491738821
226471,University of Mary Hardin-Baylor,Belton,TX,Private nonprofit,Bachelor,https://go.umhb.edu/,https://go.umhb.edu/resources/financial-aid/resources,2759,0.9576,46874.0,32020.0,32020.0,26106.0,22089.0,23064.0,23607.0,27343.0,33166.0,0.512,0.3578,26000.0,52562.0,61024.0,59381.0,48368.0,56132.0,104424.0,0.5375392630046733,0.2752201026583927
160959,College of the Atlantic,Bar Harbor,ME,Private nonprofit,Bachelor,https://www.coa.edu/,https://npc.collegeboard.org/app/atlantic,353,0.7017,58266.0,47997.0,47997.0,25184.0,20415.0,13942.0,16650.0,26266.0,34684.0,0.6879,0.5732,25050.0,24098.0,32352.0,36037.0,,40264.0,100736.0,0.3996982210927573,0.27495240628970774
226383,Lubbock Christian University,Lubbock,TX,Private nonprofit,Bachelor,https://lcu.edu/,https://tcc.ruffalonl.com/Lubbock Christian University/Freshman-Students,1252,0.731,41944.0,28540.0,28540.0,24456.0,23018.0,21468.0,23767.0,24906.0,26305.0,0.5,0.3605,20948.0,45494.0,57061.0,54421.0,46464.0,53787.0,97824.0,0.5498343964671246,0.2749171982335623
479956,Pennsylvania State University-World Campus,University Park,PA,Public,Bachelor,https://www.worldcampus.psu.edu/,https://tuition.psu.edu/student-tuition-calculators,7877,0.9115,27678.0,15356.0,15356.0,19550.0,16372.0,17144.0,19337.0,23852.0,26078.0,0.3385,0.1972,25000.0,54468.0,76659.0,72964.0,55620.0,63435.0,78200.0,0.8111892583120205,0.27458756393861894
157809,Thomas More University,Crestview Hills,KY,Private nonprofit,Bachelor,https://www.thomasmore.edu/,https://www2.thomasmore.edu/financial_aid/netprice_introduction.cfm,1293,0.9035,49452.0,39800.0,39800.0,21835.0,15841.0,17955.0,18429.0,23815.0,25267.0,0.4033,0.2975,26236.0,56001.0,70208.0,61067.0,47148.0,59384.0,87340.0,0.6799175635447676,0.27421075337760475
101693,University of Mobile,Mobile,AL,Private nonprofit,Bachelor,https://www.umobile.edu/,https://umobile.edu/financial-aid/cost-calculator/,1307,0.7789,41115.0,26910.0,26910.0,22382.0,17550.0,21133.0,21633.0,24766.0,27447.0,0.562,0.4274,26500.0,39717.0,46865.0,46035.0,37411.0,43611.0,89528.0,0.4871213475113931,0.27376219730140294
220473,Johnson University,Knoxville,TN,Private nonprofit,Bachelor,johnsonu.edu/,https://johnsonu.edu/admissions/tuition/#net-price-calc,743,0.6511,34244.0,21122.0,21122.0,22063.0,17246.0,19212.0,23206.0,25075.0,24860.0,0.594,0.4286,21500.0,34857.0,42004.0,42748.0,35649.0,40596.0,88252.0,0.46000090649503694,0.2732405384580519
245953,Mid-America Christian University,Oklahoma City,OK,Private nonprofit,Bachelor,https://www.macu.edu/,https://www.macu.edu/netpricecalculator/,1666,0.9176,31313.0,21294.0,21294.0,16692.0,14517.0,15027.0,15646.0,20665.0,24590.0,0.3956,0.2947,26394.0,44442.0,55200.0,52486.0,39265.0,46116.0,66768.0,0.6906901509705248,0.2732370237239396
145372,Greenville University,Greenville,IL,Private nonprofit,Bachelor,www.greenville.edu/,www.greenville.edu/tuition-aid/tuition-aid-resources/net-price-calculator,955,0.975,45091.0,32200.0,32200.0,19533.0,19181.0,15313.0,13988.0,20650.0,24903.0,0.4558,0.3348,23875.0,35775.0,47578.0,44559.0,40307.0,46827.0,78132.0,0.5993318998617724,0.2731754799569958
242705,Inter American University of Puerto Rico-Bayamon,Bayamon,PR,Private nonprofit,Bachelor,bayamon.inter.edu/,https://www.inter.edu/NetPrice/Bayamon/index.html,3476,0.3962,16324.0,5780.0,5780.0,9284.0,8904.0,9637.0,11642.0,12535.0,,0.3388,0.0648,8250.0,18529.0,33732.0,33793.0,23776.0,29936.0,37136.0,0.8061180525635502,0.2731127962085308
140234,LaGrange College,Lagrange,GA,Private nonprofit,Bachelor,www.lagrange.edu/,www.lagrange.edu/ADMISSIONS/COST AND AID/Net price calculator.html,636,0.6209,49681.0,35400.0,35400.0,20875.0,20764.0,19322.0,18718.0,18707.0,24549.0,0.4401,0.3697,25730.0,42397.0,62232.0,56632.0,46599.0,51745.0,83500.0,0.6197005988023953,0.27273023353293413
166018,Hampshire College,Amherst,MA,Private nonprofit,Bachelor,https://www.hampshire.edu/,https://www.hampshire.edu/net-price-calculator,839,0.7528,74195.0,58896.0,58896.0,24034.0,13749.0,15251.0,18165.0,25447.0,37221.0,0.5585,0.0284,26893.0,20377.0,36500.0,32244.0,22195.0,46938.0,96136.0,0.48824581842389947,0.27268528958974786
106245,University of Arkansas at Little Rock,Little Rock,AR,Public,Bachelor,ualr.edu/www/,ualr.edu/finaid/npc/npcalc.htm,4949,0.5878,22519.0,9748.0,22158.0,17248.0,15195.0,16250.0,19018.0,21087.0,22255.0,0.4152,0.2477,22000.0,47477.0,58470.0,56583.0,40040.0,45265.0,68992.0,0.6560905612244898,0.2724088010204082
446048,Ave Maria University,Ave Maria,FL,Private nonprofit,Bachelor,www.avemaria.edu/,https://netprice.avemaria.edu/,1298,0.4139,46129.0,30198.0,30198.0,24860.0,18761.0,20840.0,23790.0,24088.0,27107.0,0.5465,0.3939,20776.0,36072.0,59489.0,48117.0,43572.0,49520.0,99440.0,0.49798873692679,0.2721508447304907
148131,Quincy University,Quincy,IL,Private nonprofit,Bachelor,https://www.quincy.edu/,https://www.quincy.edu/admissions/net-price-calculator/,1010,0.5093,50091.0,37140.0,37140.0,20359.0,16502.0,13561.0,17804.0,12825.0,25231.0,0.4395,0.355,24000.0,37447.0,59724.0,50581.0,43331.0,50369.0,81436.0,0.6185102411709809,0.27183525099464606
164313,Wor-Wic Community College,Salisbury,MD,Public,Associate,www.worwic.edu/,www.worwic.edu/About-Wor-Wic/Consumer-Information,2169,,15190.0,3840.0,8400.0,9360.0,8265.0,9360.0,9750.0,10911.0,15190.0,0.2768,0.1875,7828.0,47951.0,55384.0,49536.0,32939.0,36748.0,37440.0,0.981517094017094,0.2716839316239316
199209,North Carolina Wesleyan University,Rocky Mount,NC,Private nonprofit,Bachelor,www.ncwu.edu/,https://ncwu.edu/npcalc.html,1214,0.8023,49974.0,35736.0,35736.0,17432.0,16114.0,14020.0,16017.0,20403.0,22379.0,0.4126,0.2927,25000.0,36227.0,48447.0,48140.0,38939.0,45873.0,69728.0,0.6578849242771914,0.27144331975676916
228468,Southwestern Adventist University,Keene,TX,Private nonprofit,Bachelor,www.swau.edu/,https://swau.edu/admissions-aid/determine-cost,570,0.7836,35592.0,25380.0,25380.0,22778.0,16725.0,21462.0,15441.0,27439.0,31475.0,0.4669,0.2734,26998.0,49993.0,55144.0,55420.0,43643.0,52946.0,91112.0,0.5811089647905874,0.27131977566072524
165699,Endicott College,Beverly,MA,Private nonprofit,Bachelor,www.endicott.edu/,app.meadowfi.com/endicott,3125,0.7121,59328.0,40650.0,40650.0,40654.0,29780.0,29447.0,32235.0,36925.0,43598.0,0.755,0.7185,27000.0,50584.0,69414.0,69358.0,57286.0,58336.0,162616.0,0.35873468785359375,0.27084468932946326
198835,Lenoir-Rhyne University,Hickory,NC,Private nonprofit,Bachelor,www.lr.edu/,lr.studentaidcalculator.com/survey.aspx,1359,0.8459,44621.0,31900.0,31900.0,20689.0,18669.0,18768.0,17209.0,21878.0,25866.0,0.492,0.3548,26000.0,40155.0,57711.0,50297.0,44799.0,45543.0,82756.0,0.5503286770747741,0.27076170912078884
162007,Bowie State University,Bowie,MD,Public,Bachelor,www.bowiestate.edu/,npc.collegeboard.org/app/bowiestate,5043,0.7241,25220.0,9218.0,19938.0,19298.0,17071.0,16646.0,19163.0,22808.0,24919.0,0.3817,0.1604,22985.0,42961.0,65066.0,61427.0,43877.0,54537.0,77192.0,0.7065110374132034,0.2696752629806197
181127,Hastings College,Hastings,NE,Private nonprofit,Bachelor,www.hastings.edu/,https://www.hastings.edu/npcalc.htm,891,0.7165,51422.0,37770.0,37770.0,24452.0,21646.0,18812.0,21933.0,24986.0,27290.0,0.5123,0.3893,27000.0,38843.0,52539.0,52906.0,45590.0,51303.0,97808.0,0.5245276460003272,0.26871551304596764
129941,University of New Haven,West Haven,CT,Private nonprofit,Bachelor,www.newhaven.edu/,https://www.newhaven.edu/admissions/financial-aid/undergraduate/prospective/estimate.php,4841,0.6038,66962.0,47332.0,47332.0,34192.0,27837.0,29043.0,31601.0,34853.0,38385.0,0.6108,0.5582,27000.0,40866.0,65164.0,62942.0,49829.0,60126.0,136768.0,0.4396203790360318,0.2685201275152082
211981,Delaware Valley University,Doylestown,PA,Private nonprofit,Bachelor,www.delval.edu/,delval.studentaidcalculator.com/survey.aspx,1628,0.9321,59933.0,44850.0,44850.0,28278.0,21896.0,22118.0,24746.0,28104.0,32804.0,0.5412,0.45,25000.0,37754.0,54681.0,53756.0,41324.0,55838.0,113112.0,0.4936523092156447,0.26716462974750693
438504,Universal Technical Institute of California Inc,Rancho Cucamonga,CA,Private for-profit,Associate,www.uti.edu/,www.uti.edu/admissions/tuition,1553,,,,,26360.0,24734.0,24630.0,25599.0,29146.0,31257.0,0.5323,0.339,13124.0,39768.0,58404.0,54551.0,47320.0,52873.0,105440.0,0.501451062215478,0.2669224004172989
218919,Voorhees University,Denmark,SC,Private nonprofit,Bachelor,https://www.voorhees.edu/,https://voorhees.edu/vunetprice/images/201920finaidnetpricecalc.html,440,,25574.0,12630.0,12630.0,13335.0,11968.0,13701.0,18453.0,21067.0,,0.4019,0.349,26700.0,22037.0,36170.0,37074.0,24199.0,35339.0,53340.0,0.6625234345706786,0.2662681683539557
224545,Texas A&M University-Texarkana,Texarkana,TX,Public,Bachelor,www.tamut.edu/,www.collegeforalltexans.com/apps/CollegeMoney/,1982,0.6354,23778.0,8349.0,45080.0,12997.0,11002.0,11494.0,14432.0,16871.0,18268.0,0.3039,0.1652,18953.0,40302.0,48048.0,45254.0,41785.0,45515.0,51988.0,0.8754904978071862,0.2660615622836039
212133,Eastern University,Saint Davids,PA,Private nonprofit,Bachelor,https://www.eastern.edu/about/student-consumer-information,https://www.eastern.edu/admissions/undergraduate/undergraduate-net-price-calculator,2404,0.9077,55001.0,38400.0,38400.0,26662.0,26557.0,22232.0,23373.0,25963.0,32353.0,0.5493,0.5015,25000.0,44907.0,54681.0,53587.0,41580.0,51655.0,106648.0,0.4843503863176056,0.26605366720426077
123484,College of the Siskiyous,Weed,CA,Public,Associate,www.siskiyous.edu/,https://misweb.cccco.edu/npc/181/npcalc.htm,1190,,17725.0,1444.0,9394.0,11120.0,9816.0,7489.0,12443.0,14567.0,17725.0,0.3026,0.1575,10750.0,38467.0,57487.0,50044.0,34686.0,39098.0,44480.0,0.8790017985611511,0.2659859442446043
137032,Saint Leo University,Saint Leo,FL,Private nonprofit,Bachelor,www.saintleo.edu/,https://www.saintleo.edu/net-price-calculator,6721,0.784,45264.0,30000.0,30000.0,21293.0,19602.0,17699.0,19823.0,23707.0,25780.0,0.4684,0.3819,25278.0,47100.0,58644.0,55370.0,41619.0,48364.0,85172.0,0.5678391959798995,0.2659758793969849
210331,Corban University,Salem,OR,Private nonprofit,Bachelor,https://www.corban.edu/,https://npc.collegeboard.org/student/app/corban,678,0.939,52019.0,40280.0,40280.0,28035.0,20555.0,14018.0,22737.0,31227.0,33015.0,0.6081,0.5369,22625.0,31633.0,48593.0,48850.0,41735.0,48917.0,112140.0,0.43621366149456037,0.26526152755484217
462354,John Paul the Great Catholic University,Escondido,CA,Private nonprofit,Bachelor,https://jpcatholic.edu/,https://jpcatholic.edu/admission/cost/npcalc.html,286,0.7963,52367.0,30265.0,30265.0,34666.0,27029.0,35037.0,31236.0,32194.0,38282.0,0.6456,0.6265,26968.0,28973.0,40588.0,32190.0,34360.0,56930.0,138664.0,0.4105607800150003,0.26505803957768415
190053,Clinton Community College,Plattsburgh,NY,Public,Associate,https://www.clinton.edu/,https://www.suny.edu/howmuch/netpricecalculator.xhtml,400,,16318.0,6831.0,6831.0,9112.0,7778.0,9114.0,9675.0,11656.0,11719.0,0.2458,0.1868,13250.0,35606.0,45905.0,42138.0,35186.0,39246.0,36448.0,1.0767669007901668,0.26466930421422297
155210,Johnson County Community College,Overland Park,KS,Public,Associate,www.jccc.edu/,www.jccc.edu/admissions/financial-aid/net-price-calculator/npcalc-050318.htm,11332,,19785.0,2424.0,5688.0,14176.0,12403.0,13057.0,15386.0,17514.0,19363.0,0.3306,0.1783,8750.0,41105.0,52956.0,48655.0,39003.0,45387.0,56704.0,0.800419723476298,0.2646187605812641
179326,Southwest Baptist University,Bolivar,MO,Private nonprofit,Bachelor,www.sbuniv.edu/,www.sbuniv.edu/admissions/financial-aid/estimator.php,1341,0.6839,40301.0,30566.0,30566.0,21677.0,21978.0,17947.0,19633.0,22016.0,23857.0,0.5322,0.4561,20957.0,43499.0,54286.0,52213.0,38855.0,43112.0,86708.0,0.4972090233888453,0.2646146422475435
243823,Parker University,Dallas,TX,Private nonprofit,Bachelor,www.parker.edu/,https://www.parker.edu/netprice/index.php,607,,42167.0,17893.0,17893.0,29135.0,26817.0,30817.0,33016.0,31332.0,34084.0,0.7312,0.5,12288.0,43994.0,52900.0,49538.0,44181.0,42091.0,116540.0,0.3611721297408615,0.26408906126651793
140818,Piedmont University,Demorest,GA,Private nonprofit,Bachelor,https://www.piedmont.edu/,https://www.piedmont.edu/admission-aid/financial-aid/net-price-calculator,1117,0.9328,46801.0,31700.0,31700.0,20599.0,15416.0,17618.0,19085.0,24161.0,25622.0,0.4424,0.3705,25000.0,51333.0,65743.0,55613.0,43761.0,49130.0,82396.0,0.5962668090684013,0.2637884363318608
228042,Schreiner University,Kerrville,TX,Private nonprofit,Bachelor,https://schreiner.edu/,https://schreiner.edu/admissions/financial-services/costs-calculators/net-price-calculator/,1053,0.882,48004.0,39266.0,39266.0,21507.0,17863.0,15987.0,18712.0,24002.0,27062.0,0.4343,0.4262,23250.0,44305.0,58631.0,56143.0,45527.0,52228.0,86028.0,0.6071046635978984,0.2636655554005673
157757,Spalding University,Louisville,KY,Private nonprofit,Bachelor,https://www.spalding.edu/,https://npc.spalding.edu/,583,0.9945,45530.0,29200.0,29200.0,25491.0,20509.0,22475.0,24378.0,28122.0,29278.0,0.5436,0.4167,25250.0,49340.0,64136.0,57549.0,42870.0,49438.0,101964.0,0.48485740065121025,0.2635684829939979
186618,Saint Elizabeth University,Morristown,NJ,Private nonprofit,Bachelor,www.steu.edu/,https://www.steu.edu/admissions/financial-aid/net-price-calculator,557,0.7103,53075.0,36741.0,36741.0,23125.0,20379.0,18441.0,21866.0,31937.0,30559.0,0.4595,0.3297,24934.0,53774.0,66386.0,64271.0,49479.0,53038.0,92500.0,0.5733837837837837,0.26346984864864864
122746,San Jose City College,San Jose,CA,Public,Associate,www.sjcc.edu/,https://misweb.cccco.edu/npc/472/npcalc.htm,7105,,26081.0,1366.0,11922.0,16959.0,16430.0,15652.0,18524.0,22207.0,20198.0,0.3863,0.1098,,26729.0,57895.0,50594.0,39993.0,46215.0,67836.0,0.6812754289757651,0.26317669821333806
127185,Fort Lewis College,Durango,CO,Public,Bachelor,fortlewis.edu/,www.fortlewis.edu/rnlnetprice,3079,0.773,27030.0,9958.0,21526.0,17296.0,18622.0,17014.0,19468.0,19498.0,13158.0,0.3928,0.2127,18389.0,30214.0,46601.0,46491.0,36352.0,46349.0,69184.0,0.6699381359851989,0.2631516998149861
153533,Iowa Lakes Community College,Estherville,IA,Public,Associate,www.iowalakes.edu/,https://www.iowalakes.edu/paying-for-college/net-price-calculator/,941,,20120.0,7392.0,7872.0,13933.0,11420.0,11764.0,13097.0,16461.0,17325.0,0.3397,0.4389,12000.0,39212.0,47158.0,43691.0,37209.0,43108.0,55732.0,0.7734874040048805,0.2627536711404579
224527,East Texas Baptist University,Marshall,TX,Private nonprofit,Bachelor,https://www.etbu.edu/,https://intranet.etbu.edu/npc/,1352,0.5776,44211.0,30680.0,30680.0,23911.0,20420.0,20417.0,20141.0,25297.0,28532.0,0.4755,0.4211,23250.0,37108.0,48425.0,51883.0,41759.0,52788.0,95644.0,0.5519217096733721,0.2624387729496884
444556,Auguste Escoffier School of Culinary Arts-Austin,Austin,TX,Private for-profit,Associate,www.escoffier.edu/,www.escoffier.edu/tuition/austin/index.html,305,,,,,19564.0,18316.0,19825.0,18887.0,22463.0,23163.0,0.5653,0.6008,16000.0,26265.0,37636.0,28367.0,28810.0,36330.0,78256.0,0.4642455530566346,0.26243801114291554
148405,Rockford University,Rockford,IL,Private nonprofit,Bachelor,www.rockford.edu/,https://tcc.ruffalonl.com/Rockford University/Freshman-Students,972,0.9291,49169.0,37780.0,37780.0,22436.0,20877.0,20841.0,22987.0,21229.0,27097.0,0.4291,0.3416,22274.0,50357.0,59145.0,58298.0,45847.0,54794.0,89744.0,0.6105589231592085,0.26199083392761635
176053,Mississippi College,Clinton,MS,Private nonprofit,Bachelor,www.mc.edu/,www.mc.edu/admissions/undergraduate/tuition/npc,2518,0.2911,41214.0,23500.0,23500.0,27712.0,25984.0,25743.0,27601.0,29083.0,29757.0,0.6115,0.5584,22500.0,42805.0,55434.0,51279.0,42011.0,47485.0,110848.0,0.42837940242494227,0.26195400458285223
241395,Pontifical Catholic University of Puerto Rico-Arecibo,Arecibo,PR,Private nonprofit,Bachelor,www.pucpr.edu/arecibo,https://arecibo.pucpr.edu/net_price_calculator/,273,0.9378,18678.0,6550.0,6550.0,11117.0,10939.0,10883.0,15333.0,,,0.4667,0.2836,15500.0,13674.0,27811.0,27430.0,20637.0,24908.0,44468.0,0.560133129441396,0.2614141315102995
206923,Carl Albert State College,Poteau,OK,Public,Associate,https://www.carlalbert.edu/,https://carlalbert.edu/admissions/financial-aid/financial-aid-information/,1308,,23617.0,4380.0,9098.0,14607.0,13902.0,13399.0,16156.0,20618.0,,0.4474,0.4208,9362.0,26862.0,41241.0,39978.0,30375.0,34117.0,58428.0,0.5839152461148764,0.26124368111179574
215442,Point Park University,Pittsburgh,PA,Private nonprofit,Bachelor,www.pointpark.edu/,www.pointpark.edu/admissions/tuitioncosts/netpricecalc,2331,0.9691,52643.0,39570.0,39570.0,25942.0,22436.0,22064.0,22362.0,27325.0,29813.0,0.5906,0.5158,27000.0,30901.0,53024.0,49504.0,36906.0,45856.0,103768.0,0.4419088736411996,0.26099138077249245
214272,Neumann University,Aston,PA,Private nonprofit,Bachelor,https://www.neumann.edu/,https://www.neumann.edu/calculator,1533,0.8128,57180.0,39100.0,39100.0,27804.0,24467.0,23150.0,25679.0,30495.0,34471.0,0.5019,0.3563,27000.0,54321.0,72633.0,60698.0,48556.0,57817.0,111216.0,0.5198622500359661,0.26091886329305136
230852,Champlain College,Burlington,VT,Private nonprofit,Bachelor,https://www.champlain.edu/,https://www.champlain.edu/financial-aid/tuition-cost-of-attendance/net-price-calculator/,2752,0.8292,65009.0,47850.0,47850.0,35860.0,28885.0,26034.0,34164.0,33857.0,41438.0,0.6407,0.5626,26814.0,49559.0,71587.0,59133.0,48844.0,58386.0,143440.0,0.40704127161182374,0.26079134272169546
127565,Metropolitan State University of Denver,Denver,CO,Public,Bachelor,www.msudenver.edu/,www.msudenver.edu/cost/,15002,0.988,24622.0,11124.0,30684.0,15327.0,12481.0,12436.0,14927.0,19539.0,23822.0,0.3069,0.1228,21500.0,44523.0,60186.0,56358.0,45391.0,52093.0,61308.0,0.8496933516017485,0.26077088960657663
199306,Pfeiffer University,Misenheimer,NC,Private nonprofit,Bachelor,www.pfeiffer.edu/,www.pfeiffer.edu/admissions/financial-aid,655,0.9603,45542.0,35070.0,35070.0,19076.0,16167.0,14758.0,16941.0,20005.0,24513.0,0.3859,0.2582,26163.0,40053.0,57619.0,57277.0,44621.0,51562.0,76304.0,0.6757443908576222,0.26076976043195643
101435,Huntingdon College,Montgomery,AL,Private nonprofit,Bachelor,https://www.huntingdon.edu/,https://www.huntingdon.edu/admission-aid/student-financial-services/net-price-calculator/,879,0.6949,40908.0,29070.0,29070.0,22566.0,20435.0,19992.0,22966.0,24589.0,24713.0,0.4742,0.3952,27000.0,34187.0,51132.0,53074.0,42147.0,49601.0,90264.0,0.5495103252681025,0.26057779624213423
232937,Norfolk State University,Norfolk,VA,Public,Bachelor,www.nsu.edu/,webapps.nsu.edu/financialaid/calculator.htm,5392,0.8777,26633.0,10180.0,21682.0,15282.0,12804.0,13905.0,15507.0,17972.0,26175.0,0.3566,0.1509,29000.0,36917.0,52371.0,51016.0,33412.0,44666.0,61128.0,0.7306962439471273,0.2605662805915456
211477,Central Penn College,Summerdale,PA,Private for-profit,Bachelor,https://www.centralpenn.edu/,https://www.centralpenn.edu/net-price-calculator/,662,0.1846,27116.0,19854.0,19854.0,18953.0,15859.0,19164.0,17011.0,18973.0,23656.0,0.4345,0.3871,23194.0,42438.0,52318.0,51328.0,40798.0,45370.0,75812.0,0.598454070595684,0.2600282936738247
239080,Marian University,Fond Du Lac,WI,Private nonprofit,Bachelor,https://www.marianuniversity.edu/,https://www.marianuniversity.edu/admission-financial-aid/financial-aid/net-price-calculator/,1010,0.7498,44450.0,35178.0,35178.0,21937.0,17449.0,13638.0,17998.0,21164.0,27106.0,0.4257,0.2955,25000.0,57132.0,65859.0,59734.0,49839.0,53501.0,87748.0,0.6097119022655787,0.2595543567944569
458229,West Coast University-Ontario,Ontario,CA,Private for-profit,Bachelor,westcoastuniversity.edu/,https://wcu.aidcalc.cloud/,2671,,53706.0,36854.0,36854.0,49590.0,45911.0,46861.0,50048.0,53706.0,,0.5,0.3889,32946.0,95294.0,110100.0,108697.0,96114.0,102672.0,198360.0,0.5176043557168784,0.2588021778584392
216357,Thiel College,Greenville,PA,Private nonprofit,Bachelor,https://www.thiel.edu/,https://npc.collegeboard.org/app/thiel,788,0.7155,53202.0,38344.0,38344.0,22347.0,17247.0,20947.0,20038.0,23683.0,26400.0,0.4645,0.3983,27000.0,36583.0,51262.0,48963.0,40686.0,49714.0,89388.0,0.5561596634895064,0.25833616369087575
175315,Century College,White Bear Lake,MN,Public,Associate,https://www.century.edu/,https://www.century.edu/cost-financial-aid/tuition-rates-fees/net-price-calculator,6280,,15983.0,6214.0,6214.0,10906.0,9717.0,9003.0,10767.0,12512.0,15710.0,0.2427,0.1874,14250.0,43608.0,54401.0,52580.0,41959.0,46424.0,43624.0,1.0641848523748396,0.25827766367137356
207582,Oral Roberts University,Tulsa,OK,Private nonprofit,Bachelor,https://oru.edu/,https://oru.edu/admissions/price-calculator.php,3487,0.989,50004.0,35470.0,35470.0,25365.0,21894.0,22022.0,22902.0,27269.0,30514.0,0.5588,0.489,27000.0,40043.0,54666.0,52366.0,39112.0,46885.0,101460.0,0.46210329193770944,0.258223319534792
385619,Everglades University,Boca Raton,FL,Private nonprofit,Bachelor,https://www.evergladesuniversity.edu/,https://enroll.evergladesuniversity.edu/Npc,2789,0.8145,38913.0,21680.0,21680.0,27371.0,25556.0,28867.0,29319.0,30356.0,34886.0,0.5939,0.6098,38996.0,47036.0,59470.0,53555.0,38557.0,47597.0,109484.0,0.43473932264075116,0.2581916837163421
231420,Averett University,Danville,VA,Private nonprofit,Bachelor,https://www.averett.edu/,https://www.averett.edu/financial-aid/netprice-calculator/,1231,0.5659,53460.0,38550.0,38550.0,22925.0,23064.0,16990.0,19023.0,21959.0,28810.0,0.4591,0.3322,25000.0,45152.0,59911.0,55647.0,46273.0,51516.0,91700.0,0.5617884405670666,0.25791707306434025
106041,Universal Technical Institute of Arizona Inc,Avondale,AZ,Private for-profit,Associate,www.uti.edu/,www.uti.edu/admissions/tuition,1957,,,,,30451.0,27707.0,29434.0,30517.0,32143.0,34693.0,0.5941,0.3397,13124.0,39768.0,58404.0,54551.0,47320.0,52873.0,121804.0,0.4340826245443499,0.25788848724179825
137847,The University of Tampa,Tampa,FL,Private nonprofit,Bachelor,https://www.ut.edu/,https://www.ut.edu/admissions/financial-aid/net-price-calculator,10572,0.4034,51614.0,34408.0,34408.0,36211.0,30011.0,31513.0,31898.0,34691.0,37975.0,0.6281,0.5464,24211.0,39636.0,62720.0,60046.0,48397.0,59436.0,144844.0,0.4103449228135097,0.25773764601916543
139995,Gupton Jones College of Funeral Service,Decatur,GA,Private nonprofit,Associate,www.gupton-jones.edu/,www.gupton-jones.edu/admissions/general-info,338,,31921.0,20950.0,20950.0,29047.0,28697.0,29350.0,30536.0,,,0.7021,0.75,16417.0,27647.0,45892.0,45374.0,34466.0,42636.0,116188.0,0.3669570007229662,0.25764051020759454
153366,Graceland University-Lamoni,Lamoni,IA,Private nonprofit,Bachelor,www.graceland.edu/,www.graceland.edu/admissions-aid/tuition-financial-aid/tuition-and-fees/net-price-calculator/,798,0.8083,48294.0,20950.0,20950.0,18504.0,15875.0,16390.0,20883.0,18345.0,21560.0,0.4019,0.3633,21212.0,44792.0,63607.0,51838.0,40792.0,47361.0,74016.0,0.6398751621271076,0.2571658276588845
226587,McMurry University,Abilene,TX,Private nonprofit,Bachelor,https://mcm.edu/,https://mcm.edu/tuition-financial-aid-scholarships/,1176,0.5704,43778.0,32340.0,32340.0,19581.0,15946.0,16181.0,18272.0,23285.0,27297.0,0.4129,0.3196,27000.0,37736.0,48273.0,52587.0,38647.0,48779.0,78324.0,0.6227848424493131,0.2571478614473214
141486,Chaminade University of Honolulu,Honolulu,HI,Private nonprofit,Bachelor,https://www.chaminade.edu/,https://chaminade.studentaidcalculator.com/survey.aspx,1672,0.9143,45798.0,30874.0,30874.0,28856.0,31589.0,21591.0,25597.0,28054.0,29306.0,0.567,0.5514,23250.0,46178.0,59437.0,60457.0,48660.0,52343.0,115424.0,0.45348454394233434,0.25712573641530356
238616,Concordia University-Wisconsin,Mequon,WI,Private nonprofit,Bachelor,https://www.cuw.edu/,https://cuw.studentaidcalculator.com/survey.aspx,2197,0.782,53315.0,35470.0,35470.0,36201.0,34991.0,31070.0,32747.0,36336.0,38595.0,0.6634,0.5661,25750.0,52181.0,63361.0,63710.0,49761.0,56075.0,144804.0,0.3872475898455844,0.2569000511035607
183211,Rivier University,Nashua,NH,Private nonprofit,Bachelor,www.rivier.edu/,https://www.rivier.edu/financial-aid/net-price-calculator/,1231,0.8259,53499.0,39488.0,39488.0,28082.0,23321.0,23978.0,25106.0,27352.0,31359.0,0.5516,0.4498,26956.0,61899.0,79087.0,72517.0,54599.0,52248.0,112328.0,0.4651378106972438,0.2565700163805997
126669,Colorado Christian University,Lakewood,CO,Private nonprofit,Bachelor,https://www.ccu.edu/,https://www.ccu.edu/finaid/calculator/,5549,,54242.0,41342.0,41342.0,29500.0,26010.0,24819.0,27203.0,26257.0,33274.0,0.6002,0.5839,28312.0,44478.0,58576.0,56660.0,41623.0,50416.0,118000.0,0.4272542372881356,0.256437993220339
161767,Anne Arundel Community College,Arnold,MD,Public,Associate,www.aacc.edu/,webapps.aacc.edu/sp/NetPriceCal/npcalc.htm,8997,,19841.0,4322.0,11522.0,14915.0,12789.0,14003.0,15170.0,17116.0,18358.0,0.3291,0.1487,8250.0,38078.0,55889.0,56144.0,38890.0,46219.0,59660.0,0.7747066711364399,0.25495596547100235
206507,Wilmington College,Wilmington,OH,Private nonprofit,Bachelor,https://www.wilmington.edu/,https://www.wilmington.edu/financial-aid/calculate-tuition-costs/,1006,0.924,43431.0,32082.0,32082.0,24153.0,19820.0,21434.0,21559.0,27017.0,27149.0,0.5072,0.3844,24208.0,39228.0,52364.0,50978.0,41889.0,48491.0,96612.0,0.5019148759988408,0.254571225106612
192448,Long Island University,Brookville,NY,Private nonprofit,Bachelor,www.liu.edu/,webapps2.liu.edu/netpricecalc/Calculator.aspx?campus=P,5520,0.8616,55424.0,42432.0,42432.0,33062.0,22019.0,20408.0,24516.0,27001.0,52826.0,0.5611,0.4438,23577.0,64162.0,74905.0,73396.0,47543.0,59950.0,132248.0,0.4533149839695118,0.2543550375052931
442611,NASCAR Technical Institute,Mooresville,NC,Private for-profit,Associate,www.uti.edu/,www.uti.edu/admissions/tuition,1345,,,,,28915.0,26542.0,26927.0,28965.0,31766.0,32825.0,0.5557,0.3347,13124.0,39768.0,58404.0,54551.0,47320.0,52873.0,115660.0,0.45714162199550407,0.2540335993429016
242644,Inter American University of Puerto Rico-Barranquitas,Barranquitas,PR,Private nonprofit,Bachelor,www.br.inter.edu/,https://www.inter.edu/NetPrice/Barranquitas/index.html,937,0.8595,16051.0,5742.0,5742.0,8726.0,8455.0,9341.0,11712.0,13301.0,,0.3821,0.1863,5200.0,14507.0,23825.0,24195.0,18186.0,23204.0,34904.0,0.6647948659179463,0.2540181182672473
217688,Charleston Southern University,Charleston,SC,Private nonprofit,Bachelor,https://www.charlestonsouthern.edu/,https://www.charlestonsouthern.edu/admissions/financial-aid/tuition-calculator/,2893,0.9646,44558.0,32520.0,32520.0,21666.0,20145.0,23024.0,20697.0,21648.0,23226.0,0.4794,0.3672,26471.0,40736.0,54684.0,51450.0,40606.0,45898.0,86664.0,0.5296086033416413,0.2538943644419828
217934,Columbia College,Columbia,SC,Private nonprofit,Bachelor,www.columbiasc.edu/,https://npc.collegeboard.org/app/columbiasc,1343,0.9393,35258.0,22214.0,22214.0,18408.0,17541.0,17017.0,16816.0,22928.0,20399.0,0.4514,0.2625,22750.0,42036.0,52308.0,45324.0,45863.0,41338.0,73632.0,0.5614135158626684,0.25342206106040854
459842,Herzing University-Kenosha,Kenosha,WI,Private nonprofit,Bachelor,https://www.herzing.edu/,https://www.herzing.edu/tuition-financial-aid/net-price-calculator,522,0.92,28414.0,13450.0,13450.0,23066.0,21600.0,25283.0,24333.0,24103.0,28132.0,0.6333,0.6,21500.0,50047.0,58575.0,48660.0,35295.0,36909.0,92264.0,0.400036850776034,0.2533433375964623
132842,Albizu University-Miami,Miami,FL,Private nonprofit,Bachelor,https://www.albizu.edu/,https://www.albizu.edu/wp-content/uploads/NetPriceCalculator/miami/npcalc.htm,287,0.7571,28344.0,13818.0,13818.0,19849.0,19745.0,22860.0,14652.0,,,0.4839,0.2,5500.0,32046.0,60661.0,47501.0,32168.0,41544.0,79396.0,0.523250541588997,0.25320093707491564
239309,Milwaukee Institute of Art & Design,Milwaukee,WI,Private nonprofit,Bachelor,www.miad.edu/,www.miad.edu/net-price-calculator,837,0.6054,53528.0,43743.0,43743.0,26541.0,21419.0,22531.0,22440.0,26746.0,32540.0,0.6528,0.5805,27000.0,28277.0,42304.0,46877.0,29841.0,41174.0,106164.0,0.38783391733544326,0.25317798123657737
176372,University of Southern Mississippi,Hattiesburg,MS,Public,Bachelor,https://www.usm.edu/,https://www.usm.edu/financial-aid/net-price-calculator.php,10075,0.9912,26566.0,9998.0,11998.0,21708.0,19867.0,20432.0,22756.0,25812.0,26542.0,0.498,0.3437,22500.0,39715.0,48593.0,46681.0,37710.0,44140.0,86832.0,0.5083379399299798,0.2531522940851299
150066,Anderson University,Anderson,IN,Private nonprofit,Bachelor,https://anderson.edu/,https://anderson.edu/admissions/financial-aid/net-calculator/,1057,0.7934,51585.0,37240.0,37240.0,25021.0,23119.0,21044.0,22418.0,26139.0,29375.0,0.5175,0.4773,27000.0,42733.0,54833.0,52826.0,44396.0,48899.0,100084.0,0.4885795931417609,0.25283993945086125
182634,Colby-Sawyer College,New London,NH,Private nonprofit,Bachelor,www.colby-sawyer.edu/,colby-sawyer.edu/net-price-calculator,771,0.8008,38527.0,19125.0,19125.0,27431.0,22456.0,19687.0,24437.0,27412.0,29679.0,0.5968,0.1447,27000.0,45135.0,57874.0,55900.0,37935.0,46474.0,109724.0,0.42355364368779846,0.25277681455287815
224271,Dallas Institute of Funeral Service,Dallas,TX,Private nonprofit,Associate,https://www.dallasinstitute.edu/,https://www.dallasinstitute.edu/admissions/net-price-calculator,454,,27708.0,17640.0,17640.0,22825.0,23399.0,25720.0,13310.0,,,0.503,0.3268,12820.0,41349.0,53099.0,47525.0,40945.0,45866.0,91300.0,0.5023658269441402,0.25269001095290256
166391,Lasell University,Newton,MA,Private nonprofit,Bachelor,www.lasell.edu/,https://lasell.clearcostcalculator.com/student/default/netpricecalculator/survey,1226,0.8122,42434.0,27040.0,27040.0,27511.0,18334.0,17631.0,25139.0,29359.0,32947.0,0.5581,0.5366,26000.0,37194.0,58411.0,57604.0,45468.0,49705.0,110044.0,0.45168296317836504,0.25208426174984555
443410,DigiPen Institute of Technology,Redmond,WA,Private for-profit,Bachelor,https://www.digipen.edu/,https://www.digipen.edu/admissions/tuition-and-cost/net-price-calculator,995,0.6442,55588.0,38950.0,38950.0,44446.0,28354.0,31113.0,41496.0,45880.0,52617.0,0.5609,0.4476,27000.0,74185.0,93273.0,94318.0,58771.0,79878.0,177784.0,0.4492980245691401,0.2520112619808307
229887,Wiley University,Marshall,TX,Private nonprofit,Bachelor,wileyc.edu/,https://npc.collegeboard.org/student/app/wileyc,712,,19097.0,12500.0,12500.0,7092.0,6137.0,6098.0,8776.0,12251.0,14097.0,0.2153,0.1414,24989.0,28103.0,39988.0,40871.0,28078.0,33159.0,28368.0,1.1688874788494077,0.2516614741962775
164447,American International College,Springfield,MA,Private nonprofit,Bachelor,www.aic.edu/,https://www.aic.edu/admissions/tuition-and-financial-aid/net-price-calculator/,1017,0.9957,59270.0,44230.0,44230.0,23274.0,24437.0,24073.0,22749.0,24772.0,21860.0,0.4402,0.3626,27000.0,63284.0,71565.0,70016.0,41451.0,53124.0,93096.0,0.5706367620520753,0.2511943026553235
140988,Shorter University,Rome,GA,Private nonprofit,Bachelor,https://www.shorter.edu/,https://www.shoppingsheet.com/Shopping/Landing/shorter,1028,0.9646,35726.0,24630.0,24630.0,16646.0,15929.0,21482.0,22944.0,21292.0,18898.0,0.3742,0.3146,25000.0,38589.0,54008.0,49722.0,41860.0,44604.0,66584.0,0.6698906644238857,0.250673086627418
196033,SUNY College of Agriculture and Technology at Cobleskill,Cobleskill,NY,Public,Bachelor,www.cobleskill.edu/,www.suny.edu/howmuch/netpricecalculator.xhtml,1904,0.8402,27786.0,8768.0,18678.0,18701.0,13279.0,14988.0,18887.0,20346.0,25356.0,0.4161,0.4573,16023.0,36998.0,50709.0,46175.0,37901.0,45030.0,74804.0,0.6019731565156944,0.2504810304261805
194028,North Country Community College,Saranac Lake,NY,Public,Associate,www.nccc.edu/,www.suny.edu/smarttrack/net-price-calculator/,819,,18051.0,6682.0,9370.0,11868.0,8329.0,13216.0,14387.0,16668.0,16928.0,0.3103,0.1842,12000.0,38954.0,54281.0,36889.0,38937.0,38276.0,47472.0,0.8062858105830806,0.25019048702392993
165662,Emerson College,Boston,MA,Private nonprofit,Bachelor,www.emerson.edu/,https://npc.collegeboard.org/student/app/emerson,3870,0.5131,80399.0,57056.0,57056.0,49180.0,32650.0,32621.0,41927.0,46252.0,57288.0,0.782,0.7061,23000.0,30413.0,55925.0,55447.0,42799.0,62832.0,196720.0,0.31939812932086215,0.2497693371289142
198613,Guilford College,Greensboro,NC,Private nonprofit,Bachelor,https://www.guilford.edu/,https://npc.collegeboard.org/student/app/guilford,1001,0.8,55689.0,41362.0,41362.0,22270.0,18367.0,22825.0,34680.0,49275.0,49368.0,0.4671,0.3631,26000.0,31217.0,50433.0,48340.0,40401.0,47590.0,89080.0,0.5342388863942523,0.24954298383475526
237215,Bluefield State University,Bluefield,WV,Public,Bachelor,https://bluefieldstate.edu/,https://bluefieldstate.clearcostcalculator.com/student/default/netpricecalculator/survey/,1042,0.9723,21839.0,10648.0,18376.0,13684.0,11810.0,10703.0,14630.0,17058.0,16242.0,0.3573,0.1702,18250.0,48438.0,61729.0,62433.0,35030.0,38217.0,54736.0,0.6982059339374452,0.24946898019584918
117104,Life Pacific University,San Dimas,CA,Private nonprofit,Bachelor,https://lifepacific.edu/,https://tcc.ruffalonl.com/Life Pacific University/Freshman-Students,456,0.958,35062.0,22118.0,22118.0,20898.0,16786.0,18984.0,18255.0,23108.0,25877.0,0.4813,0.3125,22395.0,31623.0,47070.0,38895.0,35814.0,43299.0,83592.0,0.5179801894918173,0.24930386520241168
121363,Porterville College,Porterville,CA,Public,Associate,https://www.portervillecollege.edu/,https://misweb.cccco.edu/npc/523/npcalc.htm,2834,,20730.0,1438.0,11308.0,12301.0,12113.0,11641.0,13228.0,16825.0,,0.3366,0.0967,,,36940.0,37102.0,30202.0,36328.0,49204.0,0.7383139582147793,0.24851647833509471
217013,Wilson College,Chambersburg,PA,Private nonprofit,Bachelor,www.wilson.edu/,https://www.shoppingsheet.com/Shopping/Landing/wilson,865,0.9211,39344.0,27100.0,27100.0,21741.0,14808.0,18436.0,18236.0,20905.0,26246.0,0.4986,0.3333,26328.0,52435.0,54180.0,48122.0,37049.0,43326.0,86964.0,0.4982061542707327,0.24840558851938732
109907,Barstow Community College,Barstow,CA,Public,Associate,www.barstow.edu/,https://misweb.cccco.edu/npc/911/npcalc.htm,2657,,22193.0,1104.0,9744.0,12773.0,12239.0,11957.0,14229.0,17963.0,20351.0,0.3615,0.2347,3500.0,27023.0,38095.0,36878.0,30462.0,35104.0,51092.0,0.6870742973459641,0.24837735849056602
215114,Cairn University-Langhorne,Langhorne,PA,Private nonprofit,Bachelor,www.cairn.edu/,cairn.edu/admissions/undergrad/aid/#calculator,775,0.8817,46233.0,34009.0,34009.0,27642.0,24029.0,23867.0,26050.0,26309.0,33129.0,0.6217,0.3387,26926.0,36453.0,48513.0,46180.0,37077.0,44172.0,110568.0,0.3995007597134795,0.2483696223138702
102553,University of Alaska Anchorage,Anchorage,AK,Public,Bachelor,www.uaa.alaska.edu/,www.uaa.alaska.edu/financialaid/customcf/npcalc.htm,7212,,24096.0,7738.0,21322.0,15301.0,11582.0,13401.0,16662.0,18826.0,20975.0,0.293,0.1367,20210.0,51493.0,68777.0,63190.0,42313.0,51871.0,61204.0,0.8475099666688451,0.2483204202339716
218414,Newberry College,Newberry,SC,Private nonprofit,Bachelor,www.newberry.edu/,https://www.newberry.edu/admission/financial-aid/net-price-calculator,1479,0.8979,46442.0,31100.0,31100.0,21656.0,19887.0,19229.0,21786.0,23619.0,23578.0,0.4476,0.3243,26805.0,38715.0,50324.0,49081.0,38983.0,48040.0,86624.0,0.5545807166605098,0.24823032877724419
117788,Los Angeles City College,Los Angeles,CA,Public,Associate,www.lacc.edu/,misweb.cccco.edu/npc/741/npcalc.htm,11198,,18924.0,1238.0,10572.0,10261.0,9814.0,10076.0,11783.0,14784.0,,0.2815,0.0988,12750.0,63680.0,52028.0,44813.0,28854.0,36190.0,41044.0,0.8817366728389046,0.2482088734041516
136330,Palm Beach Atlantic University,West Palm Beach,FL,Private nonprofit,Bachelor,www.pba.edu/,www.pba.edu/financial-aid/tuition-fees/net-price-calculator/index.html,2603,0.8199,53827.0,40650.0,40650.0,28354.0,25570.0,25312.0,25619.0,26244.0,32786.0,0.5717,0.465,22500.0,39993.0,54983.0,48813.0,42366.0,49232.0,113416.0,0.43408337447979123,0.24816546519009663
241739,Universidad Ana G. Mendez-Cupey Campus,San Juan,PR,Private nonprofit,Bachelor,uagm.edu/,documento.uagm.edu/netprice/np-cupey.html,4540,,14214.0,7750.0,7750.0,7646.0,6929.0,9883.0,10013.0,10733.0,12059.0,0.3099,0.1292,14250.0,19533.0,29751.0,27277.0,21596.0,24490.0,30584.0,0.8007454878367773,0.2481510266806173
169327,Cleary University,Howell,MI,Private nonprofit,Bachelor,www.cleary.edu/,www.cleary.edu/admissions/financial-aid/net-price-calculator/,738,0.6754,39718.0,26102.0,26102.0,22143.0,18046.0,18917.0,15328.0,20797.0,27372.0,0.4054,0.3462,19500.0,48053.0,67914.0,69007.0,55077.0,54186.0,88572.0,0.6117734724292101,0.24801296572280176
441371,Ultimate Medical Academy,Clearwater,FL,Private nonprofit,Associate,https://www.ultimatemedical.edu/,https://www.ultimatemedical.edu/npcalc/npcalc.htm,8932,,,,,20457.0,20284.0,21073.0,21846.0,23511.0,23920.0,0.6936,0.3827,14743.0,22469.0,30561.0,26967.0,24687.0,29194.0,81828.0,0.3567727428264164,0.24745757442440242
155089,Friends University,Wichita,KS,Private nonprofit,Bachelor,www.friends.edu/,friends.clearcostcalculator.com/student/default/netpricecalculator/survey,1048,0.5522,50482.0,34192.0,34192.0,27715.0,21714.0,23992.0,25517.0,29377.0,31471.0,0.5245,0.3584,25000.0,43917.0,57698.0,53821.0,42960.0,52113.0,110860.0,0.4700793793974382,0.24655663449395632
145336,Governors State University,University Park,IL,Public,Bachelor,https://www.govst.edu/,https://www.govst.edu/netprice.htm,2556,0.4827,24227.0,12004.0,12004.0,12329.0,9563.0,10933.0,11705.0,16741.0,22076.0,0.2086,0.1206,18618.0,43030.0,56405.0,55584.0,45435.0,58169.0,49316.0,1.1795157758131236,0.2460469908346176
166452,Lesley University,Cambridge,MA,Private nonprofit,Bachelor,www.lesley.edu/,lesley.aidcalc.cloud/,1122,0.9687,51538.0,34256.0,34256.0,31152.0,24799.0,24044.0,29030.0,33201.0,35152.0,0.5989,0.4305,21000.0,39406.0,55117.0,52205.0,40150.0,51173.0,124608.0,0.4106718669748331,0.24595138113122753
242635,Inter American University of Puerto Rico-Arecibo,Arecibo,PR,Private nonprofit,Bachelor,www.arecibo.inter.edu/,www.arecibo.inter.edu/npc,2220,0.382,16625.0,5780.0,5780.0,9217.0,8897.0,9892.0,11216.0,14497.0,,0.3695,0.1002,9000.0,16748.0,31592.0,26609.0,22401.0,24539.0,36868.0,0.6655907562113486,0.24593578442009328
232557,Liberty University,Lynchburg,VA,Private nonprofit,Bachelor,https://www.liberty.edu/,https://www.liberty.edu/student-financial-services/net-price-calculator/,50012,0.9898,42025.0,22465.0,22465.0,29357.0,30667.0,27807.0,27347.0,27142.0,30545.0,0.6444,0.5469,24500.0,44414.0,57700.0,52144.0,39707.0,44813.0,117428.0,0.3816210784480703,0.2459166229519365
211583,Chestnut Hill College,Philadelphia,PA,Private nonprofit,Bachelor,www.chc.edu/,https://admissions.chc.edu/register/net_price,815,0.7446,58168.0,39870.0,39870.0,27970.0,28011.0,24447.0,22714.0,28168.0,33175.0,0.5285,0.3476,26389.0,41084.0,55964.0,53896.0,45221.0,52015.0,111880.0,0.46491776903825527,0.2457090409367179
206941,University of Central Oklahoma,Edmond,OK,Public,Bachelor,https://www.uco.edu/,https://www.uco.edu/admissions-aid/financial-aid/,10170,0.7812,26392.0,8818.0,19704.0,18309.0,15275.0,15828.0,17776.0,23249.0,24183.0,0.3713,0.1663,21000.0,43402.0,54402.0,51224.0,43074.0,48351.0,73236.0,0.6602080943798132,0.24513526544322464
192022,Jefferson Community College,Watertown,NY,Public,Associate,https://www.sunyjefferson.edu/,https://www.sunyjefferson.edu/costs-aid/net-price-calculator.php,1499,,19286.0,6264.0,11700.0,11923.0,8754.0,9100.0,13669.0,15928.0,18472.0,0.2917,0.197,12000.0,28585.0,41990.0,42353.0,36576.0,39991.0,47692.0,0.8385263775895329,0.24459814434286675
182795,Franklin Pierce University,Rindge,NH,Private nonprofit,Bachelor,https://www.franklinpierce.edu/,https://franklinpierce.studentaidcalculator.com/survey.aspx,992,0.9347,64185.0,46442.0,46442.0,27154.0,19364.0,23557.0,24473.0,26943.0,30860.0,0.4978,0.4989,27000.0,40239.0,66687.0,61532.0,45563.0,53353.0,108616.0,0.49120755689769463,0.2445231218236724
197911,Barton College,Wilson,NC,Private nonprofit,Bachelor,https://www.barton.edu/,https://www.barton.edu/financial-aid/calculator/,982,0.942,51935.0,37250.0,37250.0,23626.0,19641.0,18497.0,22510.0,25308.0,30286.0,0.4821,0.3502,25877.0,42572.0,51766.0,47821.0,40785.0,47913.0,94504.0,0.5069944129349022,0.24442200647591633
139199,Brenau University,Gainesville,GA,Private nonprofit,Bachelor,https://www.brenau.edu/,https://tcc.ruffalonl.com/Brenau University/Freshman-Students,1029,0.8778,46010.0,34027.0,34027.0,18924.0,19481.0,17379.0,18420.0,18279.0,20426.0,0.342,0.2673,27000.0,51095.0,61654.0,57264.0,41664.0,54003.0,75696.0,0.7134194673430564,0.2439894578313253
191533,Hartwick College,Oneonta,NY,Private nonprofit,Bachelor,www.hartwick.edu/,www.hartwick.edu/admissions/net-price-calculator/,1087,0.696,68614.0,54962.0,54962.0,31320.0,22584.0,30229.0,35177.0,35614.0,33129.0,0.5,0.4152,27000.0,36264.0,60324.0,58204.0,50452.0,61107.0,125280.0,0.4877634099616858,0.2438817049808429
174862,Crown College,Saint Bonifacius,MN,Private nonprofit,Bachelor,www.crown.edu/,https://www.crown.edu/cost-aid/net-price-calculator,796,0.2278,46598.0,31410.0,31410.0,26672.0,24270.0,21318.0,22499.0,27777.0,30874.0,0.5409,0.4056,22500.0,35840.0,50863.0,46129.0,39003.0,48057.0,106688.0,0.45044428614277143,0.24364531437462508
180258,University of Providence,Great Falls,MT,Private nonprofit,Bachelor,www.uprovidence.edu/,www.uprovidence.edu/financial-services/net-price-calculator/,528,0.5028,43477.0,30448.0,30448.0,17649.0,14257.0,11616.0,16802.0,22545.0,20676.0,0.3553,0.2074,18750.0,78414.0,88535.0,56274.0,37734.0,48296.0,70596.0,0.6841180803444954,0.24306715394639922
164775,Berkshire Community College,Pittsfield,MA,Public,Associate,www.berkshirecc.edu/,https://www.berkshirecc.edu/paying-for-college/cost-of-attendance/index.php,1358,,18062.0,6164.0,11468.0,9921.0,7797.0,8878.0,9245.0,11741.0,13265.0,0.2484,0.1357,12053.0,40052.0,47666.0,45807.0,36584.0,38832.0,39684.0,0.978530390081645,0.24306694889628064
198899,Mars Hill University,Mars Hill,NC,Private nonprofit,Bachelor,www.mhu.edu/,https://www.mhu.edu/future-students/traditional-undergraduate/financial-aid/tuition-fees-financial-aid-traditional/,1044,0.679,50099.0,37736.0,37736.0,19910.0,17021.0,17020.0,20628.0,21637.0,21972.0,0.4318,0.3384,26000.0,34519.0,50256.0,44276.0,35680.0,44781.0,79640.0,0.562292817679558,0.24279803867403313
155414,Kansas Wesleyan University,Salina,KS,Private nonprofit,Bachelor,www.kwu.edu/,www.kwu.edu/admissions/net-price-calculator,956,0.719,47437.0,34630.0,34630.0,22671.0,18192.0,22442.0,20857.0,24189.0,25113.0,0.4299,0.411,23250.0,40754.0,53289.0,56428.0,44811.0,51152.0,90684.0,0.5640686339376295,0.24249310572978694
237817,Southern West Virginia Community and Technical College,Logan,WV,Public,Associate,https://www.southernwv.edu/,https://southernwv.studentaidcalculator.com/survey.aspx,1064,,18725.0,5136.0,7872.0,10321.0,9480.0,10437.0,11793.0,13704.0,15027.0,0.3111,0.164,9190.0,20873.0,37021.0,41508.0,26307.0,32153.0,41284.0,0.7788247262862126,0.24229237234764073
154855,Central Christian College of Kansas,McPherson,KS,Private nonprofit,Bachelor,https://www.centralchristian.edu/,https://www.centralchristian.edu/net-price-calculator/,380,0.5271,33327.0,21000.0,21000.0,11404.0,11689.0,5816.0,10941.0,17373.0,15113.0,0.2485,0.2109,27000.0,41812.0,55610.0,50382.0,37685.0,44468.0,45616.0,0.9748333917923535,0.24224609786039986
245652,St. John's College,Santa Fe,NM,Private nonprofit,Bachelor,www.sjc.edu/,www.sjc.edu/admissions-and-aid/financial-aid/net-price-calculator/,368,0.5315,55824.0,40504.0,40504.0,26674.0,16014.0,17151.0,19053.0,21551.0,35680.0,0.5745,0.3944,,23550.0,37727.0,37812.0,33770.0,44985.0,106696.0,0.4216184299317688,0.24221978799580118
170967,Rochester University,Rochester Hills,MI,Private nonprofit,Bachelor,rcu.edu/,https://rcu.edu/admissions/net-price-calculator/,792,0.9765,41787.0,29196.0,29196.0,21456.0,18463.0,17173.0,19771.0,20596.0,25821.0,0.4266,0.2752,24475.0,37732.0,50000.0,46423.0,40813.0,48707.0,85824.0,0.5675219052945563,0.24210484479865768
155520,MidAmerica Nazarene University,Olathe,KS,Private nonprofit,Bachelor,https://www.mnu.edu/,https://www.mnu.edu/admissions/financial-aid/,983,0.788,57355.0,37174.0,37174.0,32165.0,28842.0,27294.0,30183.0,31398.0,37571.0,0.4935,0.3855,15000.0,60592.0,67555.0,67253.0,57433.0,62972.0,128660.0,0.48944504896626767,0.24154113166485308
203580,Lake Erie College,Painesville,OH,Private nonprofit,Bachelor,www.lec.edu/,https://www.lec.edu/financial-aid/net-price-calculator/,852,0.7036,50790.0,37634.0,37634.0,20961.0,20195.0,19575.0,18548.0,23205.0,22370.0,0.4005,0.2974,26000.0,39461.0,57903.0,53562.0,43959.0,50417.0,83844.0,0.6013191164543676,0.24082830613997425
199272,William Peace University,Raleigh,NC,Private nonprofit,Bachelor,www.peace.edu/,www.peace.edu/admissions/understand-costs-and-financial-aid/traditional-undergraduate/,666,0.9425,49362.0,34176.0,34176.0,21649.0,15779.0,18233.0,20429.0,23046.0,30565.0,0.4458,0.316,22250.0,38661.0,51163.0,49415.0,39738.0,46643.0,86596.0,0.5386276502378863,0.2401202064760497
214795,Pennsylvania State University-Penn State Mont Alto,Mont Alto,PA,Public,Bachelor,https://montalto.psu.edu/,https://tuition.psu.edu/student-tuition-calculators,559,0.9821,28841.0,14408.0,24134.0,19454.0,15811.0,13306.0,15334.0,21654.0,24009.0,0.2944,0.2222,25000.0,54468.0,76659.0,72964.0,55620.0,63435.0,77816.0,0.8151922483807957,0.23999259792330627
204671,Ohio State University-Lima Campus,Lima,OH,Public,Bachelor,lima.osu.edu/,sfa.osu.edu/incoming-freshmen/about-aid/net-price-calculator,621,,19487.0,9488.0,36266.0,12940.0,9805.0,10006.0,10092.0,14098.0,18468.0,0.2056,0.072,19976.0,49087.0,70682.0,66114.0,51438.0,60409.0,51760.0,1.167098145285935,0.23995537867078826
157535,University of Pikeville,Pikeville,KY,Private nonprofit,Bachelor,www.upike.edu/,https://www.upike.edu/undergraduate/financial-aid/net-price-calculator/,1135,,33420.0,24850.0,24850.0,20311.0,13115.0,18160.0,23075.0,24065.0,25755.0,0.4039,0.2857,20679.0,38733.0,55132.0,48770.0,34508.0,48231.0,81244.0,0.5936561469154645,0.23977771773915613
183099,NHTI-Concord's Community College,Concord,NH,Public,Associate,https://www.nhti.edu/,https://www.nhti.edu/netcalc/index.html,2154,,23726.0,7200.0,15450.0,18011.0,14790.0,22137.0,23452.0,23020.0,23726.0,0.3529,0.1821,14650.0,48281.0,55056.0,54158.0,41421.0,48943.0,72044.0,0.6793487313308534,0.23974216728665815
154493,Upper Iowa University,Fayette,IA,Private nonprofit,Bachelor,https://www.uiu.edu/,https://uiu.edu/financial-aid/net-price-calculator.html,1994,0.9646,34022.0,19475.0,19475.0,20942.0,17715.0,22774.0,18720.0,20041.0,23805.0,0.3803,0.25,25000.0,50687.0,58837.0,55614.0,48776.0,52766.0,83768.0,0.6299064081749595,0.2395534070289371
209074,Linn-Benton Community College,Albany,OR,Public,Associate,https://www.linnbenton.edu/,https://www.linnbenton.edu/tuition-and-admission/tuition-and-fees/cost-calculator.php,5174,,18789.0,7317.0,15901.0,11553.0,7648.0,9299.0,11425.0,14678.0,15216.0,0.2674,0.179,11961.0,38980.0,48548.0,46414.0,35816.0,41363.0,46212.0,0.8950705444473297,0.23934186358521597
206914,Cameron University,Lawton,OK,Public,Bachelor,https://www.cameron.edu/,https://www.cameron.edu/financial_aid/cost-calculators,2492,,19862.0,7095.0,16515.0,10912.0,8752.0,10555.0,11919.0,16504.0,15808.0,0.2602,0.227,21500.0,39756.0,48413.0,46713.0,33447.0,40118.0,43648.0,0.9191257331378299,0.23915651576246333
168883,Bay de Noc Community College,Escanaba,MI,Public,Associate,https://www.baycollege.edu/,https://mybay.baycollege.edu//ics/ClientConfig/CustomContent/NetPriceCalculator/npcalc.htm,1223,,19020.0,5712.0,10528.0,11949.0,9204.0,10730.0,11632.0,16405.0,16533.0,0.3253,0.2263,12618.0,38209.0,51595.0,42301.0,33829.0,35090.0,47796.0,0.7341618545484978,0.23882285128462633
218672,University of South Carolina-Lancaster,Lancaster,SC,Public,Associate,www.sc.edu/about/system_and_campuses/lancaster/index.php,sc.edu/pcnetprice/lancaster/,668,0.8344,18682.0,7558.0,18238.0,9801.0,6306.0,6462.0,9072.0,12310.0,13884.0,0.2374,0.2465,9616.0,32799.0,45843.0,42727.0,35206.0,39426.0,39204.0,1.0056626874808694,0.2387443220079584
133809,Florida College,Temple Terrace,FL,Private nonprofit,Bachelor,www.floridacollege.edu/,www.floridacollege.edu/admissions/financial-aid/net-price-calculator,588,0.6966,34870.0,20360.0,20360.0,23931.0,20494.0,19241.0,19530.0,25004.0,29396.0,0.5254,0.2991,12000.0,30927.0,46022.0,45937.0,42430.0,43445.0,95724.0,0.45385692198403743,0.23845642681041326
156365,Campbellsville University,Campbellsville,KY,Private nonprofit,Bachelor,https://www.campbellsville.edu/,https://www.campbellsville.edu/admission-and-aid/financial-aid/net-price-calculator.html,2840,0.7974,42603.0,27998.0,27998.0,19341.0,17880.0,17936.0,18476.0,19291.0,23105.0,0.4431,0.2992,17156.0,36643.0,47650.0,43448.0,34639.0,41583.0,77364.0,0.5374980611136962,0.2381653908794788
447777,Asher College,Sacramento,CA,Private for-profit,Associate,www.asher.edu/,www.asher.edu/Career-College/calculator.html,649,,,,,35499.0,,,35499.0,,,0.7429,0.5556,14166.0,36623.0,46572.0,42660.0,42900.0,45468.0,141996.0,0.32020620299163355,0.23788118820248458
171155,Mid Michigan College,Harrison,MI,Public,Associate,www.midmich.edu/,www.midmich.edu/student-resources/financial-aid/payment-options/net-price-calculator,2098,,17703.0,6132.0,10864.0,8370.0,7338.0,5730.0,8664.0,11026.0,16238.0,0.2125,0.1678,13750.0,35458.0,46578.0,48010.0,32868.0,37319.0,33480.0,1.1146654719235365,0.2368664127837515
161457,University of New England,Biddeford,ME,Private nonprofit,Bachelor,https://www.une.edu/,https://www.une.edu/sfs/undergraduate/costs,2135,0.9163,63245.0,44210.0,44210.0,38107.0,31371.0,32046.0,32348.0,36237.0,41991.0,0.6454,0.569,25250.0,51457.0,71281.0,66501.0,48957.0,55921.0,152428.0,0.3668682919148713,0.23677679560185794
426314,Embry-Riddle Aeronautical University-Worldwide,Daytona Beach,FL,Private nonprofit,Bachelor,worldwide.erau.edu/,https://www.shoppingsheet.com/Shopping/Landing/erau-426314,9139,0.5791,24878.0,12097.0,12097.0,18725.0,18216.0,18777.0,19002.0,21057.0,,0.2105,0.1007,23666.0,67135.0,93582.0,89839.0,65391.0,84131.0,74900.0,1.1232443257676903,0.2364429305740988
214786,Pennsylvania State University-Penn State Greater Allegheny,McKeesport,PA,Public,Bachelor,https://greaterallegheny.psu.edu/,https://tuition.psu.edu/student-tuition-calculators,349,0.9647,26214.0,14408.0,24134.0,15521.0,10600.0,11053.0,13420.0,20009.0,22758.0,0.2314,0.1316,25000.0,54468.0,76659.0,72964.0,55620.0,63435.0,62084.0,1.0217608401520522,0.23643545841118485
189088,Bard College,Annandale-On-Hudson,NY,Private nonprofit,Bachelor,www.bard.edu/,https://npc.collegeboard.org/student/app/bard,2414,0.5212,84553.0,66436.0,66436.0,34649.0,19012.0,21038.0,22139.0,28185.0,44873.0,0.701,0.5413,24254.0,21735.0,45380.0,37767.0,31072.0,46543.0,138596.0,0.3358177725186874,0.23540825853559985
137476,St. Thomas University,Miami Gardens,FL,Private nonprofit,Bachelor,www.stu.edu/,tcc.ruffalonl.com/(S(vbakyhng1c4sj5gtpekbz4yh))/St. Thomas University/Freshman-Students,2214,0.9791,51205.0,34770.0,34770.0,26312.0,24657.0,26101.0,27122.0,29081.0,30098.0,0.4562,0.3738,19125.0,45143.0,70806.0,58255.0,44435.0,54272.0,105248.0,0.5156582547886895,0.23524329583460016
177144,Culver-Stockton College,Canton,MO,Private nonprofit,Bachelor,https://www.culver.edu/,https://www.culver.edu/admissions/net-price-calculator/,807,0.991,44112.0,30875.0,30875.0,21983.0,17712.0,18801.0,21584.0,24016.0,24786.0,0.4482,0.3566,26000.0,35446.0,48225.0,50883.0,40673.0,46092.0,87932.0,0.5241777737342492,0.2349364781876905
217961,Converse University,Spartanburg,SC,Private nonprofit,Bachelor,https://www.converse.edu/,https://www.converse.edu/admissions/financial-aid-and-tuition/undergraduate-freshmen-and-transfer-students/net-cost-calculator-for-freshman/,1173,0.6774,38838.0,25240.0,25240.0,23283.0,14137.0,18500.0,23610.0,24754.0,29105.0,0.5353,0.5625,27000.0,34843.0,44925.0,41482.0,33110.0,40867.0,93132.0,0.4388072842846712,0.2348935392775845
191612,Herkimer County Community College,Herkimer,NY,Public,Associate,www.herkimer.edu/,www.herkimer.edu/npc,1168,,20149.0,5776.0,5776.0,13419.0,10545.0,12616.0,14915.0,16059.0,19479.0,0.3214,0.2746,11365.0,27841.0,40716.0,36183.0,33318.0,39199.0,53676.0,0.7302891422609733,0.23471493032267685
161217,University of Maine at Augusta,Augusta,ME,Public,Bachelor,www.uma.edu/,www.uma.edu/financial/costs/net-cost-calculator/,2659,,19052.0,8888.0,22178.0,10924.0,9421.0,9175.0,11228.0,14037.0,15371.0,0.254,0.1622,22734.0,41393.0,51475.0,47260.0,36467.0,40342.0,43696.0,0.923242402050531,0.23450357012083486
150774,Holy Cross College,Notre Dame,IN,Private nonprofit,Bachelor,www.hcc-nd.edu/,www.hcc-nd.edu/net-price-calculator/,639,0.7518,50881.0,36600.0,36600.0,26728.0,15377.0,13673.0,17036.0,22701.0,35603.0,0.4972,0.4024,24000.0,29315.0,46024.0,50665.0,41335.0,50416.0,106912.0,0.4715653995809638,0.23446231667165518
195784,St Paul's School of Nursing-Staten Island,Staten Island,NY,Private for-profit,Associate,www.stpaulsschoolofnursing.edu/,https://www.stpaulsschoolofnursing.edu/content/dam/st-pauls/compliance/netprice-calc/npcalc_stpaul_statenisland.htm,656,,44677.0,17492.0,17492.0,35666.0,34129.0,35547.0,39562.0,44677.0,,0.3856,0.25,25729.0,38046.0,84341.0,71176.0,49515.0,86693.0,142664.0,0.6076725733191275,0.23431854427185556
120865,Pacific Union College,Angwin,CA,Private nonprofit,Bachelor,https://www.puc.edu/,https://puc.studentaidcalculator.com/survey.aspx,805,0.473,49404.0,37173.0,37173.0,41008.0,41008.0,,,,,0.545,0.2656,27500.0,62855.0,88027.0,68000.0,52713.0,70484.0,164032.0,0.42969664455715956,0.23418467128365197
412173,Academy for Nursing and Health Occupations,West Palm Beach,FL,Private nonprofit,Associate,www.anho.edu/,www.anho.edu/net price calculator/20240530/NetPriceTemplate/index.html,558,,,,,30381.0,29019.0,30769.0,,,38164.0,0.6047,0.25,20293.0,54681.0,60657.0,60007.0,39987.0,47039.0,121524.0,0.3870758039564201,0.23406473865244726
228608,Temple College,Temple,TX,Public,Associate,www.templejc.edu/,www.highered.texas.gov/apps/NPC/?Fice=003627&_ga=2.101754689.1165086895.1660053287-1549694279.1658765013,3178,,14200.0,3000.0,7224.0,10682.0,10262.0,10031.0,11563.0,11898.0,11571.0,0.2578,0.192,12813.0,43896.0,54976.0,48959.0,34008.0,38678.0,42728.0,0.9052143793297135,0.2333642669912001
167631,Roxbury Community College,Roxbury Crossing,MA,Public,Associate,www.rcc.mass.edu/,www.rcc.mass.edu/afford/financial-assistance/financial-aid/cost-of-attendance.html,1977,,16621.0,6024.0,11328.0,12244.0,12222.0,12037.0,12468.0,12976.0,,0.2946,0.1667,,41027.0,60232.0,49993.0,40823.0,38773.0,48976.0,0.7916734727213329,0.23322700506370467
141361,Young Harris College,Young Harris,GA,Private nonprofit,Bachelor,www.yhc.edu/,npc.collegeboard.org/app/yhc,755,0.6264,48301.0,32305.0,32305.0,22034.0,19721.0,17986.0,20095.0,22992.0,25053.0,0.4355,0.3333,27000.0,26606.0,43173.0,46494.0,36389.0,47195.0,88136.0,0.5354792593264954,0.23320121743668876
181853,York University,York,NE,Private nonprofit,Bachelor,www.york.edu/,www.york.edu/financial-aid/net-price-calculator.php,428,0.5188,34268.0,23000.0,23000.0,20951.0,19343.0,19940.0,20531.0,22098.0,22789.0,0.4426,0.3028,21500.0,35975.0,47078.0,48138.0,36447.0,44130.0,83804.0,0.5265858431578445,0.233066894181662
163204,University of Maryland Global Campus,Adelphi,MD,Public,Bachelor,www.umgc.edu/,www.umgc.edu/tuition-financial-assistance/tuition/undergraduate-net-price-calculator,49664,,25400.0,8136.0,12336.0,22063.0,21830.0,24400.0,24400.0,,,0.3146,0.0985,21000.0,66817.0,87025.0,81769.0,58051.0,65287.0,88252.0,0.7397792684585052,0.23273455785704572
132602,Bethune-Cookman University,Daytona Beach,FL,Private nonprofit,Bachelor,https://www.cookman.edu/,https://nces.ed.gov/ipeds/netpricecalculator/,2732,0.8824,29764.0,14794.0,14794.0,12030.0,10896.0,11487.0,14346.0,17882.0,18654.0,0.2902,0.1612,31000.0,29605.0,46007.0,44885.0,28282.0,38518.0,48120.0,0.8004571903574398,0.23229267664172903
138716,Albany State University,Albany,GA,Public,Bachelor,https://www.asurams.edu/,https://www.asurams.edu/enrollment-management/financial-aid/netpricecalculator.php,5956,,19333.0,5656.0,17008.0,11898.0,10693.0,11147.0,13785.0,16419.0,17324.0,0.2712,0.1471,25024.0,43210.0,54096.0,46266.0,35579.0,40674.0,47592.0,0.8546394351991932,0.23177821482602118
165529,Curry College,Milton,MA,Private nonprofit,Bachelor,https://www.curry.edu/,https://www.curry.edu/npc,1780,0.8765,64020.0,47970.0,47970.0,29207.0,23806.0,23372.0,26827.0,32286.0,33973.0,0.4966,0.4355,25000.0,55095.0,72447.0,71303.0,46746.0,54400.0,116828.0,0.4656417981990619,0.23123771698565412
132471,Barry University,Miami,FL,Private nonprofit,Bachelor,www.barry.edu/,www.barry.edu/netpricecalculator/,2212,0.7724,50778.0,34350.0,34350.0,22613.0,20804.0,21485.0,21524.0,25690.0,29180.0,0.3725,0.1909,26997.0,59893.0,73480.0,62844.0,47637.0,55966.0,90452.0,0.6187370096846947,0.23047953610754876
148487,Roosevelt University,Chicago,IL,Private nonprofit,Bachelor,www.roosevelt.edu/,https://roosevelt.studentaidcalculator.com/survey.aspx,2849,0.9716,35332.0,21315.0,21315.0,20194.0,18018.0,18280.0,20266.0,24944.0,27157.0,0.382,0.3617,22000.0,42417.0,58796.0,55619.0,42896.0,48712.0,80776.0,0.6030504110131722,0.2303652570070318
243142,University of Puerto Rico-Carolina,Carolina,PR,Public,Bachelor,www.uprc.edu/,www.uprc.edu/net-price-calculator/,2404,0.5454,19396.0,7986.0,7986.0,12945.0,12287.0,13001.0,15267.0,16900.0,18229.0,0.3882,0.2575,5500.0,,28995.0,26961.0,22317.0,30626.0,51780.0,0.591463885670143,0.2296062804171495
206491,Wilberforce University,Wilberforce,OH,Private nonprofit,Bachelor,www.wilberforce.edu/,npc.collegeboard.org/student/app/wilberforce,822,0.405,25676.0,16448.0,16448.0,5567.0,5630.0,5313.0,5211.0,5217.0,5226.0,0.1335,0.0558,26468.0,31870.0,45958.0,43008.0,35146.0,38298.0,22268.0,1.7198670738279145,0.2296022543560266
195304,Sarah Lawrence College,Bronxville,NY,Private nonprofit,Bachelor,www.sarahlawrence.edu/,https://npc.collegeboard.org/student/app/sarahlawrence,1530,0.6173,82467.0,66862.0,66862.0,41437.0,29876.0,29810.0,40869.0,35340.0,47810.0,0.7067,0.5924,27000.0,26788.0,50184.0,42787.0,34251.0,53603.0,165748.0,0.32340058401911337,0.2285471927263074
154004,Morningside University,Sioux City,IA,Private nonprofit,Bachelor,https://www.morningside.edu/,https://www.morningside.edu/about-morningside/consumer-information/,1163,0.7104,52577.0,39660.0,39660.0,31320.0,33738.0,21201.0,19124.0,20575.0,41981.0,0.5151,0.4145,26028.0,53956.0,61955.0,61335.0,47687.0,55494.0,125280.0,0.44295977011494253,0.2281685775862069
168847,Baker College,Owosso,MI,Private nonprofit,Bachelor,www.baker.edu/,https://baker.clearcostcalculator.com/student/default/netpricecalculator/survey,3026,0.8187,24526.0,13000.0,13000.0,13157.0,11976.0,11362.0,12546.0,13754.0,17964.0,0.3349,0.2444,25000.0,44126.0,53754.0,47144.0,33619.0,35833.0,52628.0,0.6808732993843581,0.22802446796382153
209746,Portland Community College,Portland,OR,Public,Associate,www.pcc.edu/,www.pcc.edu/enroll/paying-for-college/financial-aid/net-price-calculator/,19531,,17934.0,5220.0,10440.0,10405.0,8937.0,9229.0,11327.0,14102.0,15868.0,0.2127,0.0836,12999.0,40435.0,55238.0,49810.0,37160.0,44592.0,41620.0,1.0714079769341662,0.22788847669389717
241410,Pontifical Catholic University of Puerto Rico-Ponce,Ponce,PR,Private nonprofit,Bachelor,https://www.pucpr.edu/,https://www.pucpr.edu/net_price_calculator/index.html,3874,0.9808,20508.0,6650.0,6650.0,13192.0,12384.0,13341.0,15812.0,18329.0,20122.0,0.4827,0.1901,15500.0,13674.0,27811.0,27430.0,20637.0,24908.0,52768.0,0.4720285021224985,0.22784815797453
178721,Park University,Parkville,MO,Private nonprofit,Bachelor,www.park.edu/,https://npc.collegeboard.org/app/park,4555,,29427.0,17500.0,17500.0,21032.0,18687.0,20412.0,22620.0,23208.0,24064.0,0.34,0.1893,21685.0,51212.0,63456.0,60674.0,50550.0,56309.0,84128.0,0.6693253138075314,0.22757060669456067
169442,College for Creative Studies,Detroit,MI,Private nonprofit,Bachelor,https://www.ccsdetroit.edu/,https://www.ccsdetroit.edu/admissions/scholarships-aid/undergraduate/net-price-calculator/,1230,0.9194,66014.0,53350.0,53350.0,34617.0,30267.0,33152.0,33647.0,33667.0,38580.0,0.7012,0.4898,26000.0,29601.0,47659.0,52724.0,33691.0,44860.0,138468.0,0.3239737701129503,0.22717040760320079
133492,Eckerd College,Saint Petersburg,FL,Private nonprofit,Bachelor,https://www.eckerd.edu/,https://www.eckerd.edu/admissions/net-price-calculator/,1888,0.758,68944.0,51884.0,51884.0,38071.0,29615.0,34524.0,34294.0,35840.0,43955.0,0.6672,0.5865,27000.0,27000.0,48651.0,47071.0,37505.0,51819.0,152284.0,0.3402786898163957,0.22703394184549922
443331,West Coast University-Los Angeles,North Hollywood,CA,Private for-profit,Bachelor,westcoastuniversity.edu/,https://wcu.aidcalc.cloud/,2673,,55938.0,36854.0,36854.0,53020.0,49093.0,50493.0,54788.0,,55938.0,0.4687,0.25,32946.0,95294.0,110100.0,108697.0,96114.0,102672.0,212080.0,0.4841192003017729,0.22690666918144098
214625,Pennsylvania State University-Penn State New Kensington,New Kensington,PA,Public,Bachelor,https://newkensington.psu.edu/,https://tuition.psu.edu/student-tuition-calculators,416,0.9529,26863.0,14408.0,24134.0,18305.0,11541.0,13323.0,17589.0,21666.0,23654.0,0.2619,0.1716,25000.0,54468.0,76659.0,72964.0,55620.0,63435.0,73220.0,0.8663616498224529,0.22690011608850044
226879,Wade College,Dallas,TX,Private for-profit,Bachelor,https://www.wadecollege.edu/,www.wadecollege.edu/student-consumer-info/index.php?page=net-price-calculator,252,,25506.0,17692.0,17692.0,20778.0,17341.0,19771.0,,25506.0,25506.0,0.5143,1.0,22938.0,25694.0,40684.0,34289.0,28055.0,36657.0,83112.0,0.44105544325729135,0.22683481446722492
202046,Cleveland Institute of Art,Cleveland,OH,Private nonprofit,Bachelor,www.cia.edu/,www.cia.edu/admissions/tuition-fees/net-price-calculator,539,0.6135,64587.0,49400.0,49400.0,29208.0,23423.0,24992.0,26654.0,30518.0,37436.0,0.6231,0.4914,27000.0,22132.0,41829.0,37687.0,33148.0,42509.0,116832.0,0.3638472336346206,0.2267132112777321
133711,Flagler College,Saint Augustine,FL,Private nonprofit,Bachelor,https://www.flagler.edu/,https://www.flagler.edu/admissions--aid/tuition--fees/net-price-calculator/,2391,0.8076,45744.0,29900.0,29900.0,30525.0,21733.0,23129.0,25521.0,29663.0,37909.0,0.5593,0.4525,24250.0,36632.0,52031.0,47403.0,41963.0,49483.0,122100.0,0.40526617526617525,0.22666537182637184
197984,Belmont Abbey College,Belmont,NC,Private nonprofit,Bachelor,www.belmontabbeycollege.edu/,https://npc.collegeboard.org/app/belmontabbey,1276,0.7465,34788.0,19500.0,19500.0,24639.0,20610.0,18868.0,21195.0,24798.0,27059.0,0.4653,0.4209,26000.0,38584.0,57346.0,46996.0,43816.0,47937.0,98556.0,0.4863935224643857,0.22631890600267868
221838,Tennessee State University,Nashville,TN,Public,Bachelor,www.tnstate.edu/,www.tnstate.edu/financial_aid/tuition_calculator.aspx,4848,0.7011,25637.0,8616.0,22416.0,15796.0,15005.0,15840.0,15579.0,20624.0,20099.0,0.3346,0.2175,27000.0,36092.0,53808.0,51934.0,34160.0,42730.0,63184.0,0.6762788047606989,0.22628288807292987
228501,Sul Ross State University,Alpine,TX,Public,Bachelor,www.sulross.edu/,www.highered.texas.gov/apps/NPC/?Fice=003625,1396,0.9871,24529.0,7592.0,17672.0,13286.0,11110.0,11722.0,11261.0,18596.0,20279.0,0.2872,0.218,15900.0,35977.0,49811.0,40801.0,34340.0,41871.0,53144.0,0.7878782176727382,0.22627862411561042
214379,Northampton County Area Community College,Bethlehem,PA,Public,Associate,www.northampton.edu/,https://npc.collegeboard.org/app/northampton,7667,,18119.0,5550.0,15270.0,12119.0,8986.0,10102.0,13016.0,15912.0,17697.0,0.2637,0.2361,15495.0,37066.0,49408.0,44651.0,36571.0,41566.0,48476.0,0.8574552355804934,0.2261109456225761
197285,The College of Westchester,White Plains,NY,Private for-profit,Bachelor,www.cw.edu/,success.cw.edu/forms/npcalc/npcalc.html,759,0.9442,31660.0,25191.0,25191.0,16296.0,15129.0,16279.0,17261.0,20617.0,24909.0,0.3491,0.3704,26967.0,38663.0,46791.0,43074.0,32951.0,42215.0,65184.0,0.6476282523318606,0.22608702288905255
434672,Community College of Baltimore County,Baltimore,MD,Public,Associate,www.ccbcmd.edu/,www.ccbcmd.edu/static/net-price-calculator/index.html,13872,,15781.0,4432.0,11010.0,9844.0,8807.0,8725.0,10833.0,13023.0,15032.0,0.2034,0.0998,11528.0,47951.0,60930.0,57782.0,36507.0,43729.0,39376.0,1.110549573344169,0.225885783218204
186034,Passaic County Community College,Paterson,NJ,Public,Associate,https://web.pccc.edu/,https://web.pccc.edu/netprice/,4260,,13754.0,6300.0,10560.0,7761.0,7686.0,6088.0,7694.0,10237.0,12816.0,0.1896,0.0546,7536.0,26354.0,47350.0,46396.0,31276.0,36972.0,31044.0,1.1909547738693467,0.2258050251256281
441760,Lamar Institute of Technology,Beaumont,TX,Public,Associate,https://www.lit.edu/,apps.highered.texas.gov/net-price-calculator/,3055,,19245.0,2844.0,12924.0,13866.0,12877.0,13207.0,15622.0,17451.0,18932.0,0.3211,0.225,13076.0,44124.0,59945.0,59404.0,35573.0,38991.0,55464.0,0.7029965382951103,0.22573218844655993
197142,Villa Maria College,Buffalo,NY,Private nonprofit,Bachelor,https://www.villa.edu/,https://www.villa.edu/admissions/financial-aid/tuition/npc/,603,0.8659,36335.0,28670.0,28670.0,13494.0,13049.0,13265.0,12274.0,12775.0,25069.0,0.3123,0.233,21250.0,23470.0,41151.0,43596.0,33635.0,38857.0,53976.0,0.7198940269749519,0.22482290462427748
194392,Paul Smiths College of Arts and Science,Paul Smiths,NY,Private nonprofit,Bachelor,https://www.paulsmiths.edu/,https://www.paulsmiths.edu/cost-aid/tuition-fees/net-price-calculator/,579,0.7653,51506.0,33009.0,33009.0,26683.0,16732.0,17877.0,23253.0,29288.0,32048.0,0.5199,0.3922,22750.0,35524.0,48703.0,46583.0,38325.0,46145.0,106732.0,0.4323445639545778,0.22477593879998503
237358,Davis & Elkins College,Elkins,WV,Private nonprofit,Bachelor,www.dewv.edu/,www.dewv.edu/admissions/afford/financial-aid/calculator/,661,0.9433,44888.0,31820.0,31820.0,18273.0,15999.0,17005.0,15690.0,19465.0,22496.0,0.3782,0.293,27000.0,34641.0,51173.0,52093.0,38495.0,43411.0,73092.0,0.5939227275214798,0.22462157554862364
102298,Talladega College,Talladega,AL,Private nonprofit,Bachelor,www.talladega.edu/,www.talladega.edu/netcalc/npcalc.htm,701,0.8542,25185.0,15650.0,15650.0,15560.0,12835.0,14385.0,14680.0,18723.0,22348.0,0.4329,0.2036,28500.0,27158.0,39579.0,37064.0,22613.0,32229.0,62240.0,0.5178181233933162,0.2241634656169666
183150,Great Bay Community College,Portsmouth,NH,Public,Associate,https://www.greatbay.edu/,https://www.greatbay.edu/netpricecalc/npcalc.htm,1259,,21963.0,7200.0,15450.0,15768.0,13237.0,21132.0,21725.0,20829.0,21963.0,0.3326,0.1809,13828.0,43175.0,54407.0,48245.0,39867.0,42397.0,63072.0,0.6722000253678336,0.22357372843734147
196565,Tompkins Cortland Community College,Dryden,NY,Public,Associate,www.tompkinscortland.edu/,www.tompkinscortland.edu/admissions/net-price-calculator,1469,,20222.0,6970.0,12855.0,12723.0,9861.0,11117.0,14629.0,16591.0,19857.0,0.2795,0.1963,15750.0,42702.0,54537.0,42007.0,33296.0,40707.0,50892.0,0.7998703136052818,0.22356375265267628
133872,AdventHealth University,Orlando,FL,Private nonprofit,Bachelor,www.ahu.edu/,npc.rewiretech.com/app/ahu,1361,,38408.0,21420.0,21420.0,30135.0,28845.0,30782.0,27569.0,35158.0,33900.0,0.3724,0.25,24590.0,68439.0,79607.0,75791.0,63230.0,72282.0,120540.0,0.5996515679442509,0.22331024390243903
155973,Tabor College,Hillsboro,KS,Private nonprofit,Bachelor,tabor.edu/,tabor.edu/wp-content/npcalc/npcalc.htm,494,0.6458,50350.0,36200.0,36200.0,20205.0,17884.0,17213.0,16986.0,19304.0,24561.0,0.3334,0.3374,23887.0,,47989.0,51553.0,42896.0,54058.0,80820.0,0.6688690918089581,0.22300095520910662
175430,Blue Mountain Christian University,Blue Mountain,MS,Private nonprofit,Bachelor,www.bmc.edu/,https://bmc.edu/NPCLC,498,0.8895,33197.0,20180.0,20180.0,24016.0,23112.0,23791.0,24721.0,26722.0,,0.5299,0.3571,18534.0,36158.0,40841.0,39641.0,35401.0,40421.0,96064.0,0.4207715689540307,0.22296685438874086
154800,Butler Community College,El Dorado,KS,Public,Associate,www.butlercc.edu/,www.butlercc.edu/info/20041/financial-aid--and--scholarships/205/net-price-calculator,5104,,21295.0,3541.0,6271.0,15724.0,13485.0,16423.0,16840.0,17258.0,20810.0,0.3402,0.1975,10500.0,34651.0,46569.0,44692.0,35102.0,41206.0,62896.0,0.655145001271941,0.22288032943271432
138275,Warner University,Lake Wales,FL,Private nonprofit,Bachelor,www.warner.edu/,https://warner.edu/student-finances/net-price-calculator//,756,0.4281,41044.0,29992.0,29992.0,19748.0,17853.0,18884.0,21526.0,18958.0,23060.0,0.3808,0.301,22250.0,37754.0,50390.0,47531.0,39589.0,46086.0,78992.0,0.5834261697387078,0.22216868543649992
448433,Universal Technical Institute of Northern California Inc,Sacramento,CA,Private for-profit,Associate,www.uti.edu/,www.uti.edu/admissions/tuition,1214,,,,,28887.0,27050.0,26442.0,29079.0,32937.0,34206.0,0.5309,0.2396,13097.0,36758.0,50463.0,46718.0,42989.0,48341.0,115548.0,0.41836293142243913,0.22210888029217296
243586,Pontifical Catholic University of Puerto Rico-Mayaguez,Mayaguez,PR,Private nonprofit,Bachelor,https://mayaguez.pucpr.edu/,https://mayaguez.pucpr.edu/net_price_calculator/,555,0.9917,18605.0,6550.0,6550.0,11502.0,11000.0,11890.0,13432.0,15675.0,,0.4102,0.0753,15500.0,13674.0,27811.0,27430.0,20637.0,24908.0,46008.0,0.5413841071118066,0.2220757607372631
153278,University of Dubuque,Dubuque,IA,Private nonprofit,Bachelor,www.dbq.edu/,https://www.dbq.edu/admission/financialaid/netpricecalculator/NP-Calc.html,1440,0.8863,53806.0,42095.0,42095.0,23386.0,18106.0,19318.0,19480.0,24660.0,25908.0,0.4056,0.3006,25750.0,47098.0,59598.0,57222.0,44960.0,51190.0,93544.0,0.5472291114341914,0.22195612759770803
191199,Finger Lakes Community College,Canandaigua,NY,Public,Associate,www.flcc.edu/,www.flcc.edu/costs/netcalculator,2980,,19900.0,6234.0,8418.0,13898.0,11044.0,12386.0,15248.0,17058.0,19157.0,0.3078,0.2177,12975.0,34123.0,46233.0,41471.0,36637.0,40054.0,55592.0,0.7204993524248093,0.22176970067635632
487597,Universal Technical Institute-Southern California,Long Beach,CA,Private for-profit,Associate,https://www.uti.edu/,https://www.uti.edu/admissions/tuition,1701,,,,,27506.0,26301.0,26624.0,28160.0,32469.0,32461.0,0.4605,0.2696,13124.0,39768.0,58404.0,54551.0,47320.0,52873.0,110024.0,0.48055878717370754,0.22129732149349232
208318,Central Oregon Community College,Bend,OR,Public,Associate,www.cocc.edu/,www.cocc.edu/departments/financial-aid/forms-resources-policies/resources/net-price-calculator.aspx,3789,,19753.0,5049.0,13545.0,12266.0,8888.0,10620.0,13827.0,15005.0,17265.0,0.2779,0.14,12000.0,39972.0,50974.0,47447.0,34939.0,38940.0,49064.0,0.7936572639817382,0.22055735366052504
123457,Simpson University,Redding,CA,Private nonprofit,Bachelor,www.simpsonu.edu/,https://simpsonu.studentaidcalculator.com/survey.aspx,809,0.8603,54688.0,39708.0,39708.0,27817.0,25511.0,22738.0,28479.0,29656.0,30163.0,0.4506,0.407,18750.0,41595.0,59198.0,53928.0,51256.0,54340.0,111268.0,0.4883704209655966,0.22005971168709781
242680,Inter American University of Puerto Rico-Fajardo,Fajardo,PR,Private nonprofit,Bachelor,www.fajardo.inter.edu/,https://www.inter.edu/NetPrice/Fajardo/index.html,1072,0.2654,16190.0,5780.0,5780.0,9230.0,9062.0,9480.0,11307.0,,,0.3512,0.0742,5750.0,12409.0,27079.0,24118.0,21557.0,23132.0,36920.0,0.6265438786565547,0.22004221018418202
112385,Coastline Community College,Fountain Valley,CA,Public,Associate,https://www.coastline.edu/,https://misweb.cccco.edu/npc/831/npcalc.htm,7393,,24290.0,1364.0,11612.0,16341.0,16454.0,19464.0,15207.0,21617.0,,0.3231,0.1039,8250.0,50288.0,64396.0,57681.0,42638.0,44483.0,65364.0,0.6805428064377945,0.2198833807600514
177542,Hannibal-LaGrange University,Hannibal,MO,Private nonprofit,Bachelor,www.hlg.edu/,https://npc.collegeboard.org/student/app/hlg,410,0.7263,40839.0,26880.0,26880.0,22814.0,21285.0,18019.0,20681.0,25376.0,25979.0,0.4696,0.2213,18599.0,36796.0,46655.0,42011.0,41185.0,42643.0,91256.0,0.4672898220390988,0.2194393004295608
177065,Columbia College,Columbia,MO,Private nonprofit,Bachelor,https://www.ccis.edu/,https://www.ccis.edu/tuition-financial-aid/college-cost/,4950,,37207.0,25826.0,25826.0,22715.0,23967.0,21168.0,21550.0,23015.0,21545.0,0.4382,0.332,23879.0,45482.0,57679.0,53939.0,40747.0,45378.0,90860.0,0.4994276909531147,0.21884921417565484
174738,Rochester Community and Technical College,Rochester,MN,Public,Associate,www.rctc.edu/,www.minnstate.edu/admissions/calculator/rochester.html,3365,,19639.0,6389.0,6389.0,14435.0,11588.0,12481.0,13452.0,16494.0,19122.0,0.279,0.2071,14743.0,44529.0,55258.0,48858.0,39814.0,45287.0,57740.0,0.7843262902667129,0.21882703498441292
461023,Crestpoint University,Phoenix,AZ,Private for-profit,Bachelor,https://www.crestpoint.edu/,https://www.crestpoint.edu/npcalc/npcalc.html,385,,19927.0,7995.0,7995.0,15670.0,15499.0,15189.0,19927.0,,,0.324,0.0,24853.0,39801.0,49547.0,43842.0,34769.0,42269.0,62680.0,0.6743618379068284,0.2184932354818124
161572,Unity Environmental University,New Gloucester,ME,Private nonprofit,Bachelor,https://unity.edu/,https://unity.edu/wp-content/uploads/2023/08/index.html,6483,,21931.0,12640.0,12640.0,19104.0,18370.0,19288.0,20079.0,21408.0,21931.0,0.4407,0.24,25000.0,34184.0,45016.0,43695.0,31698.0,37852.0,76416.0,0.49534128978224456,0.21829690640703517
111966,Charles R Drew University of Medicine and Science,Los Angeles,CA,Private nonprofit,Bachelor,www.cdrewu.edu/,https://docs-cdrewu.cloud/assets/admissions/PriceCalculator.html,282,0.3874,39834.0,23000.0,23000.0,35558.0,35636.0,35686.0,,33075.0,37834.0,0.3721,0.1481,18750.0,60316.0,112516.0,85673.0,60939.0,83438.0,142232.0,0.58663310647393,0.21828617891894933
128498,Albertus Magnus College,New Haven,CT,Private nonprofit,Bachelor,https://www.albertus.edu/,https://www.albertus.edu/admission-aid/financial-aid/net-price-calculator.php,991,0.5931,59407.0,41908.0,41908.0,34028.0,35343.0,35537.0,36279.0,30273.0,31523.0,0.493,0.4192,30964.0,45812.0,63088.0,60642.0,47153.0,60144.0,136112.0,0.44187140002351005,0.21784260021159046
207740,Seminole State College,Seminole,OK,Public,Associate,www.sscok.edu/,www.sscok.edu/NetPriceCalculator/npcalc.htm,1086,,23353.0,5460.0,11790.0,14628.0,14825.0,12691.0,14874.0,15384.0,17923.0,0.3601,0.3154,11000.0,34879.0,41118.0,40298.0,32149.0,35390.0,58512.0,0.6048331966092425,0.21780043409898822
117627,La Sierra University,Riverside,CA,Private nonprofit,Bachelor,https://lasierra.edu/,https://lasierra.edu/sfs/scholarships/,1116,0.915,51459.0,37710.0,37710.0,45566.0,44988.0,44593.0,45518.0,47266.0,45999.0,0.6386,0.4305,27000.0,33651.0,57898.0,56301.0,42617.0,61824.0,182264.0,0.33920028091120574,0.21661329938989596
451103,Miami Regional University,Miami Springs,FL,Private for-profit,Bachelor,https://www.mru.edu/,mru.edu/NetPriceCalculator/,312,,,,,22113.0,20420.0,26228.0,26370.0,26473.0,26473.0,0.6585,0.8421,22500.0,59107.0,84595.0,47634.0,43161.0,29081.0,88452.0,0.328777189888301,0.2164997795414462
131520,Howard University,Washington,DC,Private nonprofit,Bachelor,www.howard.edu/,https://www2.howard.edu/student-financial-services/net-price-calculator,10108,0.4134,54630.0,35810.0,35810.0,50539.0,46051.0,47477.0,50245.0,52981.0,54270.0,0.6934,0.5955,24500.0,41194.0,72974.0,64373.0,47379.0,63066.0,202156.0,0.311966995785433,0.21631791487761926
177551,Harris-Stowe State University,Saint Louis,MO,Public,Bachelor,https://www.hssu.edu/,https://www.hssu.edu/ae/aefiles/7/NetPriceCalc/npcalc.htm,960,,21493.0,7008.0,11640.0,9922.0,9827.0,10963.0,9814.0,8563.0,6238.0,0.2751,0.1161,25930.0,31623.0,46752.0,44741.0,26634.0,31088.0,39688.0,0.78330981656924,0.21548853053819794
188687,American Academy McAllister Institute of Funeral Service,New York,NY,Private nonprofit,Associate,www.funeraleducation.org/,npc.collegeboard.org/app/funeraleducation,270,,26418.0,20018.0,20018.0,22872.0,19506.0,22331.0,26418.0,,,0.36,0.25,21150.0,47669.0,60862.0,62523.0,47902.0,54695.0,91488.0,0.5978379678209164,0.2152216684155299
155511,McPherson College,McPherson,KS,Private nonprofit,Bachelor,www.mcpherson.edu/,www.mcpherson.edu/admissions/financial-aid/net-price-calculator/,872,0.7676,50611.0,37310.0,37310.0,26441.0,22587.0,20939.0,28655.0,28737.0,31043.0,0.4367,0.2865,25242.0,40135.0,50934.0,47574.0,41446.0,52084.0,105764.0,0.49245489958776145,0.2150550546499754
454236,Chamberlain University-Ohio,Columbus,OH,Private for-profit,Bachelor,https://www.chamberlain.edu/,https://www.chamberlain.edu/admissions/financial-aid-scholarships/calculator,257,0.875,42634.0,19975.0,19975.0,31544.0,30389.0,,32700.0,,,0.2927,0.2857,20919.0,83585.0,97262.0,95339.0,84533.0,92405.0,126176.0,0.7323500507227999,0.21435885984656355
164872,Boston Architectural College,Boston,MA,Private nonprofit,Bachelor,www.the-bac.edu/,the-bac.edu/financial-aid/net-price-calculator,280,,40343.0,27470.0,27470.0,25865.0,24056.0,14348.0,30097.0,34343.0,,0.3555,0.0526,37250.0,58711.0,79953.0,75759.0,58619.0,62123.0,103460.0,0.6004542818480573,0.21346149719698435
230816,Bennington College,Bennington,VT,Private nonprofit,Bachelor,https://www.bennington.edu/,https://www.bennington.edu/admissions/apply/financing-your-education/tuition-and-fees/net-price-calculator,780,0.4453,87284.0,66262.0,66262.0,30947.0,18480.0,18012.0,22336.0,25508.0,44625.0,0.6883,0.6061,26000.0,21186.0,38899.0,34772.0,24711.0,38289.0,123788.0,0.3093110802339484,0.21289881652502668
221096,Motlow State Community College,Tullahoma,TN,Public,Associate,www.mscc.edu/,www.mscc.edu/financial/net-price-calculator/index.html,3962,,24326.0,4738.0,17722.0,15742.0,15003.0,15026.0,17151.0,18151.0,17265.0,0.3316,0.2363,,32318.0,45149.0,47109.0,35751.0,40397.0,62968.0,0.6415480879176725,0.2127373459535002
107600,Philander Smith University,Little Rock,AR,Private nonprofit,Bachelor,https://www.philander.edu/,https://www.philander.edu/admissions/paying-for-college/net-price-calculator,751,,28136.0,13014.0,13014.0,14224.0,13393.0,14606.0,16686.0,12847.0,15800.0,0.3139,0.2048,24736.0,29683.0,42151.0,40298.0,25254.0,38427.0,56896.0,0.6753901856017998,0.21200497926040496
181330,Midland University,Fremont,NE,Private nonprofit,Bachelor,https://www.midlandu.edu/,https://www.midlandu.edu/net-price-calculator/,1159,0.6612,55719.0,42050.0,42050.0,26267.0,21086.0,22445.0,23055.0,28289.0,28680.0,0.4266,0.3636,26134.0,42785.0,58061.0,52500.0,45145.0,52163.0,105068.0,0.4964689534396772,0.21179365553736626
482158,Middle Georgia State University,Macon,GA,Public,Bachelor,https://www.mga.edu/,https://www.mga.edu/admissions/net-cost-calculator/npcalc.htm,6574,0.9968,19617.0,5038.0,16390.0,12361.0,10668.0,10920.0,12679.0,15901.0,16762.0,0.2545,0.1242,19000.0,50221.0,62068.0,52952.0,39624.0,40863.0,49444.0,0.8264501253943856,0.21033155691287111
245962,Miller-Motte College-Tulsa,Tulsa,OK,Private for-profit,Associate,https://www.miller-motte.edu/,https://www.miller-motte.edu/NetPrice/Tulsa/,389,,,,,22680.0,22332.0,22038.0,24434.0,24672.0,28205.0,0.6099,0.6667,15917.0,25335.0,34393.0,31123.0,26349.0,31102.0,90720.0,0.3428350970017637,0.20909512566137567
173799,Inver Hills Community College,Inver Grove Heights,MN,Public,Associate,https://www.inverhills.edu/,www.inverhills.edu/FinancialAid/CostofAttendance.aspx,2193,,17103.0,6146.0,6146.0,11636.0,9373.0,10062.0,11168.0,13787.0,16272.0,0.1942,0.1728,13965.0,44870.0,54434.0,53912.0,43586.0,49898.0,46544.0,1.0720608456514267,0.20819421622550707
169363,Concordia University Ann Arbor,Ann Arbor,MI,Private nonprofit,Bachelor,https://www.cuaa.edu/,https://www.cuaa.edu/netpricecalc,702,0.6925,51853.0,35410.0,35410.0,32811.0,28829.0,30199.0,32218.0,32526.0,35139.0,0.4869,0.3319,25750.0,52181.0,63361.0,63710.0,49761.0,56075.0,131244.0,0.4272576270153302,0.20803173859376428
198871,Louisburg College,Louisburg,NC,Private nonprofit,Associate,www.louisburg.edu/,www.louisburg.edu/admissions/financial-aid/cost.php,402,0.5581,38833.0,24120.0,24120.0,22694.0,21975.0,20871.0,23406.0,23704.0,27614.0,0.5412,0.1875,12000.0,12821.0,37222.0,32810.0,26576.0,34818.0,90776.0,0.38355953115360886,0.2075824182603331
179964,William Woods University,Fulton,MO,Private nonprofit,Bachelor,https://www.williamwoods.edu/,https://www.williamwoods.edu/cost-and-aid/undergraduate/calculator.html,1300,0.7096,49094.0,30340.0,30340.0,26569.0,24014.0,22967.0,24218.0,29491.0,29428.0,0.5197,0.4255,21983.0,36372.0,52367.0,48059.0,39265.0,42401.0,106276.0,0.39897060484022734,0.20734502333546617
174428,Normandale Community College,Bloomington,MN,Public,Associate,www.normandale.edu/,www.minnstate.edu/admissions/calculator/normandale.html,7044,,18694.0,6329.0,6329.0,12972.0,11011.0,11745.0,12815.0,15643.0,18510.0,0.2141,0.1602,12000.0,38760.0,54750.0,52049.0,42298.0,50207.0,51888.0,0.9676032994141227,0.2071638664045637
177746,Kansas City Art Institute,Kansas City,MO,Private nonprofit,Bachelor,www.kcai.edu/,www.kcai.edu/admissions-aid/net-price-calculator/,812,0.5476,57410.0,44550.0,44550.0,27650.0,26293.0,25105.0,27663.0,29943.0,30840.0,0.6181,0.4928,27000.0,22643.0,36640.0,37897.0,25529.0,37032.0,110600.0,0.3348282097649186,0.20695731645569618
178244,Missouri Baptist University,Saint Louis,MO,Private nonprofit,Bachelor,www.mobap.edu/,https://www.shoppingsheet.com/Shopping/Landing/mobap,1488,0.686,49257.0,34612.0,34612.0,27006.0,21808.0,24022.0,25332.0,29678.0,29420.0,0.479,0.3146,22500.0,39078.0,52550.0,46891.0,38997.0,46660.0,108024.0,0.43194105013700657,0.20689976301562613
214810,Pennsylvania State University-Penn State Schuylkill,Schuylkill Haven,PA,Public,Bachelor,https://schuylkill.psu.edu/,https://tuition.psu.edu/student-tuition-calculators,620,0.9664,30065.0,15208.0,25392.0,19659.0,14657.0,14543.0,18556.0,23004.0,26293.0,0.2564,0.2642,25000.0,54468.0,76659.0,72964.0,55620.0,63435.0,78636.0,0.806691591637418,0.20683572409583398
217925,Columbia International University,Columbia,SC,Private nonprofit,Bachelor,www.ciu.edu/,www.ciu.edu/admissions-aid/financial-aid/net-price-calculator,716,0.9447,43045.0,27900.0,27900.0,26036.0,21955.0,25644.0,23535.0,28722.0,29751.0,0.551,0.3738,20000.0,30630.0,40332.0,40330.0,33929.0,38951.0,104144.0,0.3740109847902904,0.20608005261945
141237,Truett McConnell University,Cleveland,GA,Private nonprofit,Bachelor,https://truett.edu/,https://truett.edu/admissions/financial-aid/net-price-calculator/,744,0.7826,39152.0,26792.0,26792.0,22227.0,21274.0,18953.0,20984.0,22134.0,24560.0,0.3923,0.3039,23439.0,36700.0,47336.0,49887.0,39193.0,46700.0,88908.0,0.5252620686552392,0.2060603095334503
228325,Nelson University,Waxahachie,TX,Private nonprofit,Bachelor,www.nelson.edu/,https://connect.nelson.edu/register/?id=a906aa05-ca73-4dca-9db2-875d4df2305b,1479,0.8902,34504.0,25064.0,25064.0,21662.0,17583.0,18396.0,21731.0,23883.0,25474.0,0.3856,0.2938,24725.0,33834.0,46199.0,44715.0,37425.0,46238.0,86648.0,0.5336303203766966,0.2057678515372542
218681,University of South Carolina-Salkehatchie,Allendale,SC,Public,Associate,sc.edu/about/system_and_campuses/salkehatchie/index.php,sc.edu/pcnetprice/salkehatchie/,271,0.7599,19297.0,7558.0,18238.0,9229.0,8535.0,6158.0,10592.0,14089.0,15119.0,0.2417,0.304,11000.0,19215.0,38256.0,37295.0,28655.0,31360.0,36916.0,0.8494961534294073,0.20532322028388775
179548,Stephens College,Columbia,MO,Private nonprofit,Bachelor,https://www.stephens.edu/,https://www.stephens.edu/admission-aid/undergraduate/financial-aid/net-price-calculator/,391,0.7722,46643.0,28300.0,28300.0,23459.0,9918.0,14796.0,18547.0,25644.0,29787.0,0.4471,0.1795,27000.0,29823.0,46218.0,40355.0,36778.0,43071.0,93836.0,0.45900294130184577,0.20522021505605526
117274,Lassen Community College,Susanville,CA,Public,Associate,https://www.lassencollege.edu/,https://misweb.cccco.edu/npc/131/npcalc.htm,1741,,20228.0,1144.0,9280.0,12517.0,9781.0,11394.0,14119.0,19797.0,20228.0,0.2851,0.1875,,,,47367.0,35316.0,35994.0,50068.0,0.718902292881681,0.20495904370056725
198066,Brevard College,Brevard,NC,Private nonprofit,Bachelor,https://www.brevard.edu/,https://brevard.edu/net-price-calculator,815,0.4216,47288.0,32280.0,32280.0,23509.0,19294.0,23532.0,21304.0,25337.0,28763.0,0.4405,0.3411,25000.0,27653.0,41671.0,40683.0,34401.0,43545.0,94036.0,0.4630673359139053,0.20398116147007528
191205,Five Towns College,Dix Hills,NY,Private for-profit,Bachelor,www.ftc.edu/,https://npc.collegeboard.org/student/app/ftc,547,0.5382,42458.0,30250.0,30250.0,22992.0,17588.0,20113.0,24284.0,26744.0,27724.0,0.5208,0.4846,21500.0,22015.0,41628.0,38392.0,25305.0,35887.0,91968.0,0.3902118128044537,0.2032223121085595
203155,Hocking College,Nelsonville,OH,Public,Associate,www.hocking.edu/,www.collegeraptor.com/Shopping/School/Hocking-College-OH--203155,1311,,19171.0,5540.0,10290.0,13704.0,11364.0,12869.0,13253.0,16848.0,18104.0,0.2947,0.2714,11584.0,33200.0,44764.0,43534.0,33544.0,37791.0,54816.0,0.6894154991243433,0.20317074759194398
198969,Methodist University,Fayetteville,NC,Private nonprofit,Bachelor,www.methodist.edu/,https://methodist.studentaidcalculator.com/survey.aspx,1448,0.7514,55796.0,41250.0,41250.0,24704.0,20371.0,23073.0,21328.0,27698.0,30453.0,0.4176,0.2927,27000.0,39592.0,60011.0,49513.0,40540.0,48050.0,98816.0,0.48625728626943004,0.203061042746114
104717,Grand Canyon University,Phoenix,AZ,Private for-profit,Bachelor,www.gcu.edu/,https://www.gcu.edu/tuition-and-financial-aid,73371,0.7891,32702.0,17850.0,17850.0,22472.0,18557.0,18763.0,21712.0,24471.0,25701.0,0.4326,0.3671,22114.0,62543.0,74343.0,78861.0,47280.0,42186.0,89888.0,0.46931737273050905,0.20302669544321822
171599,The University of Olivet,Olivet,MI,Private nonprofit,Bachelor,https://www.uolivet.edu/,https://apply.uolivet.edu/register/netpricecalculator,892,0.8325,47069.0,34068.0,34068.0,21393.0,19656.0,20442.0,20564.0,21730.0,24068.0,0.362,0.2877,27000.0,37100.0,52261.0,55039.0,42637.0,47907.0,85572.0,0.5598443416070678,0.2026636516617585
233611,Southern Virginia University,Buena Vista,VA,Private nonprofit,Bachelor,https://svu.edu/,https://my.svu.edu/ICS/icsfs/index.html?target=3875c843-72fe-41de-b9fc-1555b3798e36,936,0.9642,34431.0,21280.0,21280.0,22213.0,18957.0,19501.0,20630.0,23407.0,27108.0,0.3601,0.1901,24224.0,25041.0,44267.0,45312.0,36988.0,50002.0,88852.0,0.5627560437581597,0.2026484513573133
128744,University of Bridgeport,Bridgeport,CT,Private nonprofit,Bachelor,www.bridgeport.edu/,www.bridgeport.edu/cost-financial-aid/net-price-calculator,1534,0.8302,52957.0,35760.0,35760.0,27807.0,27238.0,28124.0,26062.0,27487.0,29733.0,0.4473,0.2874,25750.0,46639.0,60311.0,57301.0,38575.0,50323.0,111228.0,0.4524310425432445,0.20237240532959325
202170,Columbus College of Art & Design,Columbus,OH,Private nonprofit,Bachelor,www.ccad.edu/,https://ccad.studentaidcalculator.com/survey.aspx,882,0.6766,54443.0,40825.0,40825.0,29439.0,24204.0,27218.0,27534.0,29717.0,33114.0,0.585,0.48,27000.0,26716.0,41994.0,40201.0,30590.0,40664.0,117756.0,0.34532422976323923,0.20201467441149493
233338,Richard Bland College,South Prince George,VA,Public,Associate,www.rbc.edu/,www.rbc.edu/admissions/costs-financial-aid/net-price-calculator/,894,0.8926,24206.0,9090.0,14970.0,13045.0,10245.0,10329.0,12279.0,16905.0,20790.0,0.2542,0.0785,11000.0,18796.0,40781.0,43037.0,34377.0,41452.0,52180.0,0.7944039862016098,0.2019374932924492
183141,Nashua Community College,Nashua,NH,Public,Associate,nashuacc.edu/,nashuacc.edu/afford-ncc/financial-aid/net-price-calculator/,1135,,29014.0,7140.0,15390.0,23154.0,21030.0,27225.0,28677.0,29014.0,28492.0,0.4051,0.2765,11000.0,34583.0,54792.0,48843.0,39161.0,46164.0,92616.0,0.49844519305519563,0.20192014770665975
442781,Tohono O'odham Community College,Sells,AZ,Public,Associate,www.tocc.edu/,https://npc.collegeboard.org/app/tocc,998,,8282.0,932.0,932.0,4233.0,4225.0,3362.0,5634.0,4584.0,,0.1029,0.0345,,,,,32647.0,39229.0,16932.0,1.96145,0.20183320500000002
174127,Minneapolis College of Art and Design,Minneapolis,MN,Private nonprofit,Bachelor,https://mcad.edu/,https://mcad.edu/net-tuition-calculator-first-year-students,705,0.4848,59972.0,45484.0,45484.0,29926.0,23662.0,23905.0,26550.0,33038.0,34345.0,0.5902,0.3953,27000.0,24825.0,41825.0,44913.0,35198.0,40873.0,119704.0,0.34145057809262847,0.2015241311902693
120537,Hope International University,Fullerton,CA,Private nonprofit,Bachelor,www.hiu.edu/,www.hiu.edu/undergrad/finaid/,564,0.3298,51784.0,38050.0,38050.0,29310.0,27991.0,31016.0,34451.0,33634.0,34049.0,0.4751,0.3596,23000.0,35979.0,53687.0,54020.0,36030.0,49697.0,117240.0,0.4238911634254521,0.2013906917434323
187897,New Mexico Highlands University,Las Vegas,NM,Public,Bachelor,https://www.nmhu.edu/,https://tcc.ruffalonl.com/New Mexico Highlands University/Freshman-Students,1451,,20868.0,7416.0,12336.0,14838.0,13511.0,13947.0,15175.0,16508.0,16530.0,0.259,0.0386,11399.0,43258.0,55864.0,51309.0,38952.0,45937.0,59352.0,0.7739756031810217,0.2004596812238846
176044,Mississippi Valley State University,Itta Bena,MS,Public,Bachelor,www.mvsu.edu/,www.collegeraptor.com/Shopping/School/Mississippi-Valley-State-University-MS-176044,1439,0.9238,21154.0,7692.0,7692.0,9686.0,9073.0,9076.0,9627.0,12440.0,17479.0,0.2431,0.1493,28413.0,25791.0,40972.0,34709.0,25817.0,31919.0,38744.0,0.8238436919264919,0.20027640150733017
102377,Tuskegee University,Tuskegee,AL,Private nonprofit,Bachelor,https://www.tuskegee.edu/,https://tcc.ruffalonl.com/Tuskegee University/Freshman-Students,2630,0.4868,43454.0,25386.0,25386.0,35013.0,34324.0,34069.0,34855.0,37772.0,36778.0,0.5619,0.2616,27000.0,46117.0,69077.0,60741.0,38332.0,49641.0,140052.0,0.3544469197155342,0.19916372418815867
129367,Connecticut State Community College,New Britain,CT,Public,Associate,https://ctstate.edu/,ctstate.edu/net-price-calculator,33645,,18370.0,5338.0,15596.0,11513.0,11009.0,11280.0,12173.0,12512.0,13551.0,0.2216,0.1079,9200.0,39303.0,50130.0,49819.0,35849.0,41344.0,46052.0,0.8977677408147312,0.19894533136454443
198303,Chowan University,Murfreesboro,NC,Private nonprofit,Bachelor,https://www.chowan.edu/,https://npc.collegeboard.org/app/chowan,603,0.6879,39027.0,27910.0,27910.0,14086.0,13726.0,10950.0,14549.0,14565.0,19713.0,0.2915,0.1908,29491.0,29792.0,43702.0,43832.0,30096.0,38412.0,56344.0,0.681740735482039,0.19872742439301433
190761,Dominican University New York,Orangeburg,NY,Private nonprofit,Bachelor,www.duny.edu/,www.duny.edu/admissions/financial-aid-2/net-price-calculator/,1105,0.633,47802.0,34220.0,34220.0,41832.0,40695.0,41082.0,42353.0,43764.0,42337.0,0.5436,0.3545,25000.0,49871.0,71939.0,66867.0,50865.0,61171.0,167328.0,0.3655753968253968,0.1987267857142857
192110,The Juilliard School,New York,NY,Private nonprofit,Bachelor,www.juilliard.edu/,www.juilliard.edu/campus-life/financial-aid/net-price-calculator,468,0.0915,83892.0,57950.0,57950.0,43571.0,30168.0,31507.0,40705.0,35563.0,51160.0,0.9134,0.8512,25500.0,14067.0,43488.0,26699.0,22129.0,37827.0,174284.0,0.21704229877670927,0.19824643570264625
235167,The Evergreen State College,Olympia,WA,Public,Bachelor,https://www.evergreen.edu/,https://www.evergreen.edu/admissions-and-aid/cost-attendance/net-price-calculator,2160,0.9637,28477.0,9264.0,31905.0,24319.0,22079.0,22607.0,25723.0,27346.0,28477.0,0.4252,0.2997,20500.0,26994.0,44424.0,43113.0,34774.0,45320.0,97276.0,0.46589086722315887,0.19809679674328717
214768,Pennsylvania State University-Penn State Hazleton,Hazleton,PA,Public,Bachelor,https://hazleton.psu.edu/,https://tuition.psu.edu/student-tuition-calculators,501,0.9641,29677.0,15208.0,25392.0,17597.0,11770.0,14756.0,13902.0,19777.0,23218.0,0.2197,0.1598,25000.0,54468.0,76659.0,72964.0,55620.0,63435.0,70388.0,0.9012189577768938,0.19799780502358355
144281,Columbia College Chicago,Chicago,IL,Private nonprofit,Bachelor,www.colum.edu/,https://colum.studentaidcalculator.com/survey.aspx,5368,0.8946,51889.0,34088.0,34088.0,26598.0,20924.0,21423.0,25590.0,31677.0,36436.0,0.4992,0.4189,25000.0,24908.0,47092.0,41854.0,32596.0,42195.0,106392.0,0.3965993683735619,0.1979824046920821
192271,LIM College,New York,NY,Private for-profit,Bachelor,www.limcollege.edu/,https://tcc.ruffalonl.com/LIM College/Freshman-Students,1187,0.959,53064.0,33504.0,33504.0,38667.0,34978.0,36686.0,39565.0,40971.0,41501.0,0.5189,0.4126,24000.0,37638.0,66341.0,60892.0,45359.0,58956.0,154668.0,0.38117774846768565,0.1977931336798821
208415,Clatsop Community College,Astoria,OR,Public,Associate,www.clatsopcc.edu/,www.clatsopcc.edu/net-price-calculator/,493,,18567.0,5110.0,9610.0,10548.0,10245.0,10467.0,10577.0,12201.0,,0.2112,0.2247,11602.0,31511.0,48572.0,37609.0,36067.0,39477.0,42192.0,0.935651308304892,0.19760955631399318
448673,Rasmussen University-Illinois,Rockford,IL,Private for-profit,Associate,https://rasmussen.edu/,https://npc.collegeboard.org/app/rasmussen,1145,,27601.0,14078.0,14078.0,19854.0,19000.0,21396.0,,24604.0,17655.0,0.4,0.4253,20899.0,51485.0,59996.0,51660.0,41436.0,39080.0,79416.0,0.49209227359726,0.196836909438904
210605,Community College of Allegheny County,Pittsburgh,PA,Public,Associate,https://www.ccac.edu/,https://webapps.ccac.edu/NetPriceCalc/npcalc.htm,9544,,19716.0,4842.0,12583.0,13970.0,12524.0,13255.0,14623.0,17788.0,19491.0,0.278,0.1203,12680.0,45760.0,54519.0,48518.0,33940.0,39449.0,55880.0,0.7059591982820329,0.19625665712240517
213303,Keystone College,La Plume,PA,Private nonprofit,Bachelor,https://www.keystone.edu/,https://www.keystone.edu/admissions/tuition-aid/calculator/,771,0.848,32071.0,18300.0,18300.0,22051.0,21925.0,24335.0,18916.0,28291.0,30271.0,0.3844,0.2733,26000.0,34412.0,46043.0,41560.0,36653.0,44976.0,88204.0,0.5099088476713074,0.19600896104485058
163976,St. John's College,Annapolis,MD,Private nonprofit,Bachelor,www.sjc.edu/,www.sjc.edu/admissions-and-aid/financial-aid/net-price-calculator/,471,0.5524,55540.0,40684.0,40684.0,45597.0,42528.0,46145.0,44755.0,49373.0,45828.0,0.6929,0.6218,27000.0,27531.0,45787.0,42565.0,34483.0,51584.0,182388.0,0.28282562449283943,0.19596987521108844
158802,Dillard University,New Orleans,LA,Private nonprofit,Bachelor,https://www.dillard.edu/,dillard.edu/net-price-calculator,1063,0.4186,39202.0,23918.0,23918.0,22094.0,19819.0,21094.0,23224.0,26032.0,27019.0,0.4414,0.2876,31000.0,26414.0,48421.0,46668.0,28507.0,39196.0,88376.0,0.44351407621978817,0.1957671132434145
214698,Pennsylvania State University-Penn State Beaver,Monaca,PA,Public,Bachelor,https://beaver.psu.edu/,https://tuition.psu.edu/student-tuition-calculators,482,0.9565,26210.0,14408.0,24134.0,17418.0,9228.0,8366.0,15831.0,17143.0,22285.0,0.2147,0.1576,25000.0,54468.0,76659.0,72964.0,55620.0,63435.0,69672.0,0.9104805373751291,0.19548017137444024
180179,Montana State University Billings,Billings,MT,Public,Bachelor,https://www.msubillings.edu/,https://www.msubillings.edu/finaid/,2626,,20054.0,7280.0,22897.0,16524.0,13927.0,14387.0,16749.0,18948.0,20035.0,0.2912,0.1653,18209.0,43777.0,55549.0,52028.0,39531.0,44296.0,66096.0,0.6701767126603728,0.19515545872670056
380438,Provo College,Provo,UT,Private for-profit,Bachelor,www.provocollege.edu/,provocollege.edu/financial-aid-admissions/net-price-calculator/,669,,30099.0,16548.0,16548.0,27053.0,,30099.0,24784.0,29053.0,28227.0,0.5326,0.4688,41733.0,53295.0,51307.0,39759.0,32673.0,39645.0,108212.0,0.36636417402875837,0.1951255590877167
133881,Florida Institute of Technology,Melbourne,FL,Private nonprofit,Bachelor,https://www.fit.edu/,https://fit.aidcalc.cloud/,3404,0.577,62440.0,45900.0,45900.0,35639.0,29108.0,29213.0,31311.0,36466.0,40649.0,0.6446,0.4792,27000.0,69606.0,90403.0,80275.0,41941.0,43137.0,142556.0,0.3025968742108364,0.19505394511630514
223816,Central Texas College,Killeen,TX,Public,Associate,https://www.ctcd.edu/,apps.highered.texas.gov/net-price-calculator/,6247,,13822.0,3750.0,7500.0,10265.0,7714.0,11281.0,11567.0,12866.0,13581.0,0.1945,0.0574,6750.0,47668.0,60854.0,52481.0,39534.0,40995.0,41060.0,0.9984169508037019,0.19419209693132003
101912,Oakwood University,Huntsville,AL,Private nonprofit,Bachelor,https://www2.oakwood.edu/,https://oakwood.studentaidcalculator.com/,1153,0.4522,40176.0,22512.0,22512.0,25669.0,23999.0,22444.0,24501.0,28074.0,27219.0,0.4692,0.3045,27000.0,29366.0,50714.0,51429.0,30969.0,42488.0,102676.0,0.41380653706805876,0.19415802719233316
459727,Touro University Worldwide,Los Alamitos,CA,Private nonprofit,Bachelor,https://www.tuw.edu/,https://www.tuw.edu/admissions/tuition/financial-aid-information/,454,,29016.0,14600.0,14600.0,19058.0,18342.0,18728.0,19416.0,26136.0,,0.3617,0.2857,25000.0,57818.0,67614.0,88202.0,48057.0,40803.0,76232.0,0.5352476650225627,0.19359908043866095
217235,Johnson & Wales University-Providence,Providence,RI,Private nonprofit,Bachelor,https://www.jwu.edu/campuses/providence/,https://enroll.jwu.edu/register/NPCPVD?_ga=2.20956152.1144428041.1661956580-1253747645.1659483415,3868,0.8841,60314.0,42419.0,42419.0,31027.0,25530.0,25443.0,28088.0,31803.0,35464.0,0.5513,0.3932,26000.0,33862.0,54530.0,44296.0,35802.0,43418.0,124108.0,0.34984046153350307,0.19286704644342023
151290,Indiana Institute of Technology,Fort Wayne,IN,Private nonprofit,Bachelor,www.indianatech.edu/,financialservices.indianatech.edu/costs/net-price-calculators/,1441,0.7039,45879.0,31361.0,31361.0,23206.0,19524.0,17194.0,21077.0,27042.0,27828.0,0.378,0.3481,26391.0,47525.0,61150.0,55180.0,29717.0,47327.0,92824.0,0.5098573644747049,0.19272608377143843
207661,Rogers State University,Claremore,OK,Public,Bachelor,https://www.rsu.edu/,https://www.rsu.edu/s/calculator/index1920.html,2657,,21064.0,7750.0,16410.0,15314.0,13714.0,14130.0,15125.0,17978.0,19675.0,0.2719,0.1929,20500.0,39452.0,53237.0,55425.0,39324.0,43166.0,61256.0,0.7046819903356406,0.19160303317226066
420556,Columbia Gorge Community College,The Dalles,OR,Public,Associate,https://www.cgcc.edu/,https://www.cgcc.edu/sites/default/files/financial-aid/npc/npcalc.html,543,,18608.0,5940.0,10260.0,10416.0,10398.0,,11328.0,,,0.1795,0.225,19397.0,55456.0,53750.0,59867.0,37252.0,44440.0,41664.0,1.0666282642089093,0.19145977342549922
208275,Blue Mountain Community College,Pendleton,OR,Public,Associate,https://www.bluecc.edu/,https://www.bluecc.edu/cost-aid/tuition-fees/?highlight=net+price+calculator,962,,20650.0,7076.0,9754.0,13095.0,12374.0,11884.0,13508.0,15288.0,17245.0,0.2607,0.0336,12000.0,32984.0,49347.0,40127.0,33885.0,38375.0,52380.0,0.732626956853761,0.1909958476517755
230861,Community College of Vermont,Montpelier,VT,Public,Associate,www.ccv.edu/,https://admissions.ccv.edu/register/ccvnpc,2841,,21123.0,6920.0,13640.0,13696.0,12373.0,12719.0,14430.0,18658.0,20373.0,0.2886,0.1168,10491.0,34293.0,45151.0,38919.0,37362.0,36234.0,54784.0,0.661397488317757,0.1908793151285047
225575,Huston-Tillotson University,Austin,TX,Private nonprofit,Bachelor,www.htu.edu/,htu.edu/npcalc.htm,1005,0.3909,25384.0,26709.0,26709.0,19719.0,19219.0,19361.0,20487.0,22757.0,24418.0,0.3491,0.2706,30750.0,53324.0,,,38342.0,42937.0,78876.0,0.5443607688016634,0.1900363443886607
141644,Hawaii Pacific University,Honolulu,HI,Private nonprofit,Bachelor,https://www.hpu.edu/,https://www.hpu.edu/financial-aid/netprice-calc.html,2392,0.8587,50674.0,34392.0,34392.0,29657.0,25758.0,24413.0,28979.0,30450.0,33540.0,0.3781,0.2559,22000.0,47103.0,58128.0,65242.0,48773.0,59593.0,118628.0,0.5023518899416664,0.18993924958694405
163295,Maryland Institute College of Art,Baltimore,MD,Private nonprofit,Bachelor,www.mica.edu/,https://www.mica.edu/financial-aid/undergraduate-financial-aid/new-students/net-price-calculator/,1189,0.7679,76860.0,56800.0,56800.0,42729.0,32389.0,35223.0,45071.0,45906.0,50918.0,0.7178,0.5247,26500.0,23881.0,42353.0,38805.0,33451.0,45212.0,170916.0,0.26452760420323435,0.18987791429708162
140553,Morehouse College,Atlanta,GA,Private nonprofit,Bachelor,www.morehouse.edu/,https://morehouse.clearcostcalculator.com/student/default/netpricecalculator/survey,2844,0.4396,51433.0,32893.0,32893.0,39013.0,36359.0,36534.0,40092.0,41179.0,42723.0,0.5602,0.457,25000.0,39210.0,61320.0,62234.0,38267.0,52889.0,156052.0,0.33891907825596596,0.18986246763899214
141185,Toccoa Falls College,Toccoa Falls,GA,Private nonprofit,Bachelor,https://tfc.edu/,https://tfc.edu/admissions/financial-aid/net-price-calculator/,875,0.6596,37561.0,23950.0,23950.0,21642.0,20825.0,18982.0,20262.0,22762.0,24766.0,0.4484,0.3192,22250.0,30937.0,39953.0,39025.0,33131.0,36630.0,86568.0,0.4231355697255337,0.1897339894649293
215239,Community College of Philadelphia,Philadelphia,PA,Public,Associate,https://www.ccp.edu/,https://www.ccp.edu/admission-aid/paying-college/tuition-fees/tuition-calculator,11948,,19172.0,4632.0,12744.0,11911.0,10728.0,11339.0,13144.0,17032.0,18795.0,0.2207,0.0903,10750.0,33314.0,50788.0,45114.0,31173.0,40852.0,47644.0,0.8574427000251869,0.18923760389555874
183822,Bloomfield College of Montclair State University,Bloomfield,NJ,Public,Bachelor,www.bloomfield.edu/,https://montclair.clearcostcalculator.com/student/default/netpricecalculator/survey,781,0.6974,42035.0,15912.0,26022.0,28014.0,24168.0,25998.0,30908.0,35815.0,36558.0,0.345,0.2225,22000.0,37430.0,61351.0,58895.0,47944.0,61415.0,112056.0,0.5480741771971157,0.1890855911330049
199032,Montreat College,Montreat,NC,Private nonprofit,Bachelor,https://www.montreat.edu/,https://npc.collegeboard.org/student/app/montreat,762,0.692,47133.0,36450.0,36450.0,27061.0,23261.0,24904.0,25075.0,25700.0,30607.0,0.4524,0.3654,25813.0,31744.0,47821.0,52715.0,39763.0,45151.0,108244.0,0.41712242710912384,0.18870618602416764
227429,Paul Quinn College,Dallas,TX,Private nonprofit,Bachelor,https://paulquinn.edu/,https://paulquinn.clearcostcalculator.com/student/default/netpricecalculator/survey,620,0.4028,23587.0,13498.0,13498.0,12709.0,11443.0,12053.0,13626.0,15230.0,18556.0,0.3274,0.1716,23373.0,,,47551.0,27021.0,29288.0,50836.0,0.5761271539853647,0.18862403021480842
194578,Pratt Institute-Main,Brooklyn,NY,Private nonprofit,Bachelor,https://www.pratt.edu/,www.pratt.edu/admissions/financing-your-education/,3910,0.7325,80049.0,61845.0,61845.0,52659.0,38545.0,44439.0,48694.0,59020.0,60477.0,0.7312,0.381,26000.0,29447.0,58793.0,57597.0,45060.0,54295.0,210636.0,0.25776695341726963,0.18847919633870755
444954,Mountwest Community and Technical College,Huntington,WV,Public,Associate,www.mctc.edu/,https://www.mctc.edu/net-price-calculator/,1160,,15667.0,4938.0,12304.0,8083.0,7895.0,9539.0,9321.0,11178.0,15667.0,0.2101,0.1323,7446.0,38840.0,45495.0,36130.0,28245.0,28951.0,32332.0,0.8954286774712359,0.18812956513670667
214713,Pennsylvania State University-Penn State Harrisburg,Middletown,PA,Public,Bachelor,https://harrisburg.psu.edu/,https://tuition.psu.edu/student-tuition-calculators,4031,0.976,32521.0,15972.0,26958.0,23330.0,16219.0,16221.0,21176.0,25103.0,29834.0,0.2767,0.1832,25000.0,54468.0,76659.0,72964.0,55620.0,63435.0,93320.0,0.679757822546078,0.18808898949849978
238078,Wheeling University,Wheeling,WV,Private nonprofit,Bachelor,www.wheeling.edu/,https://www.wheeling.edu/admissions/financial-aid/net-price-calculator/,589,0.6316,42504.0,29875.0,29875.0,20503.0,17739.0,19718.0,19913.0,22608.0,22824.0,0.2661,0.1633,25125.0,33558.0,54632.0,58483.0,48482.0,57949.0,82012.0,0.706591718285129,0.18802405623567284
117247,Laney College,Oakland,CA,Public,Associate,laney.edu/,https://laney.edu/financial_aid/financial-literacy/net-price-calculator/,6842,,25335.0,1258.0,9898.0,17110.0,16549.0,16474.0,21213.0,18321.0,,0.3451,0.1098,,26631.0,50151.0,49278.0,30777.0,37282.0,68440.0,0.544739918176505,0.18798974576271188
214643,Pennsylvania State University-Penn State Wilkes-Barre,Dallas,PA,Public,Bachelor,https://wilkesbarre.psu.edu/,https://tuition.psu.edu/student-tuition-calculators,313,0.9699,25994.0,14280.0,24006.0,16448.0,9795.0,11760.0,15570.0,17530.0,22027.0,0.1948,0.1687,25000.0,54468.0,76659.0,72964.0,55620.0,63435.0,65792.0,0.9641749756809338,0.1878212852626459
140872,Reinhardt University,Waleska,GA,Private nonprofit,Bachelor,https://www.reinhardt.edu/,https://www.reinhardt.edu/admissions-aid/tuition-and-fees/net-price-calculator/,1066,0.6154,46386.0,30074.0,30074.0,24425.0,21877.0,21977.0,23758.0,28296.0,26816.0,0.3939,0.3491,23900.0,43924.0,53795.0,50373.0,40411.0,46541.0,97700.0,0.4763664278403275,0.18764073592630498
176664,Mission University,Springfield,MO,Private nonprofit,Bachelor,www.mission.edu/,mission.edu/,381,,28448.0,16950.0,16950.0,21383.0,22017.0,15383.0,18064.0,26307.0,23029.0,0.4143,0.3333,26168.0,27657.0,38240.0,40284.0,30600.0,38641.0,85532.0,0.4517724360473273,0.18716932025440772
102270,Stillman College,Tuscaloosa,AL,Private nonprofit,Bachelor,https://stillman.edu/,https://stillman.edu/financial-aid/financial-aid-net-price-calculator/,706,0.6225,26107.0,12126.0,12126.0,15258.0,14804.0,13955.0,20841.0,15872.0,19343.0,0.3219,0.1319,29067.0,27887.0,42622.0,37455.0,29790.0,35421.0,61032.0,0.5803676759732599,0.18682035489579238
107877,Williams Baptist University,Walnut Ridge,AR,Private nonprofit,Bachelor,https://williamsbaptistuniversity.com/,https://williamsbu.edu/wp-content/uploads/2023/08/index.html,478,0.8342,33597.0,21070.0,21070.0,15745.0,10733.0,19044.0,15655.0,15195.0,24028.0,0.3054,0.1795,21820.0,29553.0,41389.0,43180.0,38067.0,38484.0,62980.0,0.6110511273420134,0.1866150142902509
198622,Guilford Technical Community College,Jamestown,NC,Public,Associate,www.gtcc.edu/,https://www.gtcc.edu/_files/NetPriceCalculator/npcalc.htm,9260,,20529.0,2320.0,7696.0,15002.0,13645.0,14393.0,16385.0,18819.0,20353.0,0.33,0.0446,14901.0,36501.0,44924.0,39900.0,29705.0,33934.0,60008.0,0.5654912678309558,0.18661211838421543
459851,Herzing University-Brookfield,Brookfield,WI,Private nonprofit,Bachelor,https://www.herzing.edu/,https://www.herzing.edu/tuition-financial-aid/net-price-calculator,380,0.9306,27844.0,13450.0,13450.0,20514.0,19996.0,18153.0,22415.0,,22850.0,0.4146,0.5714,21500.0,50047.0,58575.0,48660.0,35295.0,36909.0,82056.0,0.4498025738520035,0.18648814711904066
141167,Thomas University,Thomasville,GA,Private nonprofit,Bachelor,www.thomasu.edu/,https://www.thomasu.edu/,998,0.383,23079.0,11640.0,11640.0,18499.0,15640.0,19546.0,19923.0,19934.0,20059.0,0.2766,0.029,21198.0,47749.0,63556.0,57547.0,45305.0,49716.0,73996.0,0.6718741553597491,0.18584039137250663
217907,Coker University,Hartsville,SC,Private nonprofit,Bachelor,https://coker.edu/,https://www.coker.edu/admissions-aid/traditional-students/costs-aid/financial-aid/net-price-calculator/,840,0.9396,45805.0,33416.0,33416.0,20286.0,16789.0,15138.0,18227.0,24421.0,24160.0,0.375,0.3243,26000.0,32565.0,47935.0,43589.0,36650.0,40117.0,81144.0,0.4943926846100759,0.18539725672877846
159407,Louisiana State University-Eunice,Eunice,LA,Public,Associate,https://www.lsue.edu/,https://www.lsue.edu/financialaid/npcalc.html,2826,,17346.0,4730.0,10094.0,10421.0,8863.0,7994.0,9962.0,13045.0,14418.0,0.2114,0.1071,14250.0,54808.0,54639.0,49390.0,30715.0,36498.0,41684.0,0.8755877554937146,0.18509925151137127
101189,Faulkner University,Montgomery,AL,Private nonprofit,Bachelor,www.faulkner.edu/,www.faulkner.edu/net-price-calculator/,1549,0.7307,37626.0,23920.0,23920.0,22085.0,23385.0,20897.0,19170.0,21255.0,22835.0,0.3754,0.2591,23000.0,42905.0,52824.0,46793.0,37313.0,43457.0,88340.0,0.49192891102558295,0.18467011319900384
214801,Pennsylvania State University-Penn State Abington,Abington,PA,Public,Bachelor,https://www.abington.psu.edu/,https://tuition.psu.edu/student-tuition-calculators,2877,0.9677,28795.0,15268.0,25664.0,18071.0,13629.0,13597.0,16296.0,22249.0,25785.0,0.2099,0.12,25000.0,54468.0,76659.0,72964.0,55620.0,63435.0,72284.0,0.877580100713851,0.1842040631398373
203757,Lourdes University,Sylvania,OH,Private nonprofit,Bachelor,www.lourdes.edu/,https://www.lourdes.edu/costs-financial-aid/net-price-calculator/,543,0.7413,45378.0,29500.0,29500.0,23206.0,22220.0,22184.0,23192.0,27236.0,21394.0,0.3541,0.3194,27000.0,47145.0,55959.0,58163.0,40158.0,48150.0,92824.0,0.5187236059639748,0.1836800288718435
131113,Wilmington University,New Castle,DE,Private nonprofit,Bachelor,www.wilmu.edu/,https://npc.collegeboard.org/student/app/wilmu,7906,,19644.0,12630.0,12630.0,15644.0,15500.0,15920.0,16623.0,19644.0,,0.2128,0.1194,20000.0,59417.0,69354.0,61435.0,49635.0,53844.0,62576.0,0.8604576834569164,0.1831053950396318
180212,Fort Peck Community College,Poplar,MT,Public,Associate,www.fpcc.edu/,www.fpcc.edu/NetPriceCalculator/npcalc.htm,282,,10164.0,2250.0,2250.0,400.0,-144.0,54.0,4779.0,3239.0,,0.2475,0.0476,,,31073.0,,26328.0,14747.0,1600.0,0.73735,0.18249412499999998
215053,Pennsylvania College of Art and Design,Lancaster,PA,Private nonprofit,Bachelor,pcad.edu/,https://connect.pcad.edu/register/npc,400,0.9924,43815.0,32150.0,32150.0,30083.0,24547.0,24115.0,26576.0,30876.0,37851.0,0.6585,0.6667,27000.0,27499.0,38846.0,26807.0,23638.0,33301.0,120332.0,0.27674267858923646,0.1822350538510122
172963,Anoka-Ramsey Community College,Coon Rapids,MN,Public,Associate,www.anokaramsey.edu/,www.anokaramsey.edu/cost-aid/net-price-calculator/,4201,,21068.0,5682.0,5682.0,16434.0,13788.0,14347.0,16181.0,18527.0,20510.0,0.2468,0.1934,13500.0,39430.0,53298.0,53141.0,42217.0,48342.0,65736.0,0.7353961299744433,0.1814957648776926
120403,Otis College of Art and Design,Los Angeles,CA,Private nonprofit,Bachelor,www.otis.edu/,www.otis.edu/otis-net-price-calculator,1223,0.8176,75861.0,56488.0,56488.0,51248.0,44731.0,44821.0,28167.0,52495.0,60718.0,0.6388,0.5,27000.0,25700.0,50900.0,62485.0,43654.0,58152.0,204992.0,0.28367936309709646,0.18121437714642522
199865,Warren Wilson College,Swannanoa,NC,Private nonprofit,Bachelor,https://www.warren-wilson.edu/,https://wwc.wbnpc.com/,707,0.7134,56966.0,41500.0,41500.0,21249.0,13566.0,17514.0,21046.0,25834.0,27982.0,0.4242,0.396,25000.0,22535.0,36684.0,38759.0,27723.0,36260.0,84996.0,0.4266083109793402,0.18096724551743612
214704,Pennsylvania State University-Penn State Berks,Reading,PA,Public,Bachelor,https://berks.psu.edu/,https://tuition.psu.edu/CostEstimate.aspx,1872,0.9867,32242.0,15972.0,26958.0,24356.0,16429.0,15862.0,23583.0,25465.0,29541.0,0.277,0.2273,25000.0,54468.0,76659.0,72964.0,55620.0,63435.0,97424.0,0.6511229265889309,0.18036105066513386
229160,Texas Wesleyan University,Fort Worth,TX,Private nonprofit,Bachelor,www.txwes.edu/,https://txwes.edu/admissions/financial-aid--scholarships/cost-of-college/net-price-calculator/,1741,0.6916,57451.0,39582.0,39582.0,24066.0,21812.0,22876.0,25687.0,27699.0,31090.0,0.3195,0.2383,23125.0,43512.0,57671.0,54322.0,44773.0,54053.0,96264.0,0.5615079365079365,0.17940178571428572
164492,Anna Maria College,Paxton,MA,Private nonprofit,Bachelor,www.annamaria.edu/,www.annamaria.edu/admission/financial-aid/net-price-calculator/#Net,906,0.503,61888.0,44571.0,44571.0,28333.0,25554.0,24373.0,25366.0,27627.0,33305.0,0.4356,0.3648,25000.0,61575.0,74347.0,75529.0,63110.0,46651.0,113332.0,0.41163131330956837,0.17930660007764798
133526,Edward Waters University,Jacksonville,FL,Private nonprofit,Bachelor,www.ew.edu/,https://www.ew.edu/financial-aid/,1087,0.8495,26617.0,16366.0,16366.0,13649.0,12380.0,12113.0,9743.0,21661.0,20865.0,0.2808,0.1611,,,,44939.0,29809.0,34782.0,54596.0,0.6370796395340318,0.17889196278115613
212869,Harcum College,Bryn Mawr,PA,Private nonprofit,Associate,https://www.harcum.edu/s/1044/edu/start.aspx,https://app.meadowfi.com/harcum,876,,42997.0,32000.0,32000.0,24776.0,21881.0,19744.0,26450.0,31428.0,39270.0,0.3763,0.2679,18440.0,36229.0,47904.0,49638.0,37871.0,46827.0,99104.0,0.47250363254762673,0.17780311692767195
137953,Trinity Baptist College,Jacksonville,FL,Private nonprofit,Bachelor,www.tbc.edu/,media.tbc.edu/NetPriceCalculatord/npcalc.htm,386,0.5328,26995.0,15100.0,15100.0,20011.0,16686.0,18885.0,18174.0,21991.0,23223.0,0.3817,0.2436,24250.0,29966.0,47042.0,35029.0,33640.0,37275.0,80044.0,0.465681375243616,0.17775058093048823
159009,Grambling State University,Grambling,LA,Public,Bachelor,www.gram.edu/,www.gram.edu/finaid/NetPrice/,4164,0.4486,25367.0,7683.0,16706.0,19809.0,18666.0,19007.0,21743.0,24525.0,25310.0,0.3424,0.2969,36500.0,27116.0,47043.0,41402.0,25589.0,41109.0,79236.0,0.5188172043010753,0.17764301075268815
156189,Alice Lloyd College,Pippa Passes,KY,Private nonprofit,Bachelor,www.alc.edu/,www.alc.edu/misc/17-18 -NPC-index.html,558,0.7523,31200.0,13960.0,13960.0,18600.0,17444.0,16447.0,17715.0,21757.0,19349.0,0.3239,0.2709,19599.0,30744.0,42268.0,42091.0,35174.0,40573.0,74400.0,0.5453360215053763,0.1766343373655914
243577,Universidad Politecnica de Puerto Rico,Hato Rey,PR,Private nonprofit,Bachelor,www.pupr.edu/,www.pupr.edu/price-calculator/,3594,,23368.0,9870.0,9870.0,17540.0,16406.0,17013.0,19884.0,21687.0,22588.0,0.2585,0.0352,22564.0,34142.0,69903.0,59734.0,37753.0,47540.0,70160.0,0.677594070695553,0.17515806727480046
155937,Sterling College,Sterling,KS,Private nonprofit,Bachelor,www.sterling.edu/,www.sterling.edu/admissions/tuition-expenses,538,0.4817,47185.0,33700.0,33700.0,22371.0,19068.0,19236.0,21975.0,23525.0,26602.0,0.3414,0.2903,24625.0,33594.0,44980.0,47147.0,40722.0,45846.0,89484.0,0.5123374010996379,0.17491198873541636
139630,Emmanuel University,Franklin Springs,GA,Private nonprofit,Bachelor,www.ec.edu/,www.ec.edu/admissions/net-price-calculator,775,0.74,37604.0,25500.0,25500.0,20925.0,17735.0,17687.0,19817.0,20592.0,24674.0,0.3831,0.3348,24325.0,31357.0,42976.0,48374.0,37595.0,38208.0,83700.0,0.45648745519713263,0.17488034408602152
198756,Johnson C Smith University,Charlotte,NC,Private nonprofit,Bachelor,https://www.jcsu.edu/,https://www.jcsu.edu/admissions/tuition-and-financial-aid/net-price-calculator,1244,0.4521,34923.0,21300.0,21300.0,20894.0,19940.0,21165.0,21005.0,19722.0,29050.0,0.3422,0.2161,30000.0,31047.0,46511.0,43653.0,31478.0,42680.0,83576.0,0.5106729204556332,0.17475227337991767
107071,Henderson State University,Arkadelphia,AR,Public,Bachelor,https://www.hsu.edu/,https://www.hsu.edu/pages/future-students/financial-aid/net-price-calculator/,1456,,27385.0,8244.0,10620.0,23405.0,23386.0,23208.0,25051.0,,,0.3764,0.2723,19500.0,36411.0,47583.0,45771.0,35194.0,43459.0,93620.0,0.4642063661610767,0.17472727622302928
184612,Felician University,Lodi,NJ,Private nonprofit,Bachelor,https://www.felician.edu/,https://felician.edu/admissions/undergraduate-admissions/net-price-calculator,1774,,50316.0,39300.0,39300.0,40045.0,39626.0,39938.0,41909.0,41077.0,38120.0,0.4849,0.2674,25000.0,64704.0,78605.0,76638.0,56957.0,57602.0,160180.0,0.3596079410663004,0.17437389062304906
223427,Blinn College District,Brenham,TX,Public,Associate,www.blinn.edu/,apps.highered.texas.gov/net-price-calculator/,15535,,15252.0,4890.0,11370.0,10844.0,10883.0,7857.0,,,,0.1625,0.0366,11500.0,40748.0,53339.0,47870.0,38017.0,46318.0,43376.0,1.0678255256362965,0.1735216479158982
218733,South Carolina State University,Orangeburg,SC,Public,Bachelor,https://scsu.edu/,https://scsu.edu/netprice.html,2934,0.8262,30015.0,11060.0,21750.0,18097.0,16846.0,16968.0,20449.0,22587.0,24523.0,0.3272,0.2105,31000.0,30829.0,46691.0,43212.0,30064.0,38262.0,72388.0,0.528568270984141,0.17294753826601095
174376,North Hennepin Community College,Brooklyn Park,MN,Public,Associate,https://www.nhcc.edu/,https://www.nhcc.edu/about-nhcc/administration/college-policies-procedures-disclosures/disclosures/net-price-calculator,3451,,17470.0,5061.0,5061.0,12186.0,10326.0,10652.0,11723.0,14193.0,17115.0,0.1644,0.117,14750.0,46020.0,60483.0,56934.0,43014.0,51142.0,48744.0,1.049195798457246,0.17248778926637123
101161,Coastal Alabama Community College,Bay Minette,AL,Public,Associate,www.coastalalabama.edu/,www.coastalalabama.edu/about/consumer_information/net_price_calculator/,4798,,20605.0,5040.0,8910.0,13644.0,11916.0,11904.0,15603.0,17856.0,19588.0,0.2686,0.2264,11000.0,47740.0,51951.0,41920.0,30808.0,34894.0,54576.0,0.6393652887716212,0.17173351656405747
147776,Northeastern Illinois University,Chicago,IL,Public,Bachelor,www.neiu.edu/,www.neiu.edu/financial-aid/financing-your-education/calculating-your-net-cost,3982,0.746,26960.0,12383.0,22726.0,14109.0,13709.0,12824.0,15077.0,20464.0,25001.0,0.1849,0.0706,14600.0,45487.0,60607.0,56675.0,43801.0,52234.0,56436.0,0.9255439790204834,0.17113308172088737
237783,Salem University,Salem,WV,Private for-profit,Bachelor,https://www.salemu.edu/,https://www.salemu.edu/NPC/index.html,892,,18650.0,11900.0,11900.0,12303.0,9886.0,10753.0,11154.0,14107.0,14716.0,0.2419,0.1615,24694.0,45415.0,62274.0,56778.0,31612.0,34642.0,49212.0,0.703933999837438,0.17028163456067624
152381,Saint Mary-of-the-Woods College,Saint Mary of the Woods,IN,Private nonprofit,Bachelor,www.smwc.edu/,https://www.smwc.edu/offices-resources/offices/financial-aid/net-price-calculator/,853,0.7239,49512.0,35270.0,35270.0,31872.0,33513.0,36071.0,31036.0,32724.0,26604.0,0.4915,0.3704,19512.0,42580.0,47647.0,44599.0,41863.0,43845.0,127488.0,0.3439147213855422,0.16903408556099397
230366,Eagle Gate College-Murray,Murray,UT,Private for-profit,Bachelor,eaglegatecollege.edu/,www.eaglegatecollege.edu/financial-aid-admissions/net-price-calculator/,351,,33765.0,16548.0,16548.0,27345.0,27711.0,27768.0,24233.0,28231.0,,0.4918,0.25,43021.0,59941.0,49128.0,38916.0,36393.0,37518.0,109380.0,0.34300603400987384,0.16869036752605596
201964,Ohio Christian University,Circleville,OH,Private nonprofit,Bachelor,www.ohiochristian.edu/,https://www.ohiochristian.edu/university/about-ocu/net-price-calculator,862,0.3797,35017.0,24600.0,24600.0,20607.0,22113.0,22338.0,15292.0,22034.0,20159.0,0.3491,0.4173,29579.0,37996.0,49508.0,44633.0,34457.0,39813.0,82428.0,0.4830033483767652,0.16861646891832874
157863,Union Commonwealth University,Barbourville,KY,Private nonprofit,Bachelor,https://www.unionky.edu/,https://www.unionky.edu/admissions-aid/cost-aid,746,0.6315,44322.0,30946.0,30946.0,21311.0,12214.0,14368.0,15774.0,44322.0,44322.0,0.3419,0.2217,24250.0,43672.0,52077.0,45810.0,36529.0,42002.0,85244.0,0.49272676082774153,0.16846327952700482
232089,Ferrum College,Ferrum,VA,Private nonprofit,Bachelor,www.ferrum.edu/,www.ferrum.edu/financial-aid/net-price-calculator/,699,0.8898,54526.0,28520.0,28520.0,20082.0,16940.0,16493.0,19967.0,22505.0,24346.0,0.3047,0.238,27000.0,33980.0,46725.0,46432.0,36418.0,44296.0,80328.0,0.5514390996912658,0.1680234936759287
175856,Jackson State University,Jackson,MS,Public,Bachelor,https://www.jsums.edu/,https://studentaid.gov/aid-estimator/,4600,0.9315,32415.0,8965.0,11965.0,23836.0,22869.0,22516.0,26236.0,26388.0,27576.0,0.4098,0.3345,30470.0,31357.0,47606.0,43108.0,30530.0,39060.0,95344.0,0.4096744420204732,0.16788458633998993
154590,William Penn University,Oskaloosa,IA,Private nonprofit,Bachelor,https://www.wmpenn.edu/,https://www.wmpenn.edu/financial-aid/net-price-calculator/,1301,0.5188,42874.0,29750.0,29750.0,22601.0,20608.0,19378.0,20560.0,24245.0,25916.0,0.3095,0.2199,22415.0,40662.0,53878.0,61414.0,40189.0,48936.0,90404.0,0.5413034821468077,0.16753342772443697
385503,Fortis Institute-Scranton,Scranton,PA,Private for-profit,Associate,https://www.fortis.edu/,https://www.fortis.edu/portals/0/compliancefiles/netprice-calc/npcalc-fortis_scranton.htm,372,,29552.0,15348.0,15348.0,20186.0,19792.0,14674.0,20682.0,26066.0,27385.0,0.4475,0.2162,9500.0,31719.0,39004.0,33712.0,31301.0,30224.0,80744.0,0.37431883483602496,0.16750767858912116
212878,Harrisburg Area Community College,Harrisburg,PA,Public,Associate,https://www.hacc.edu/,https://www.hacc.edu/Paying/Net-Price-Calculator.cfm,9533,,18369.0,6975.0,12472.0,14471.0,11685.0,12788.0,14644.0,16995.0,18290.0,0.2305,0.0846,17500.0,43493.0,54031.0,50140.0,36499.0,42007.0,57884.0,0.7257100407711976,0.16727616439776105
176406,Tougaloo College,Tougaloo,MS,Private nonprofit,Bachelor,www.tougaloo.edu/,www.tougaloo.edu/admissions/office-student-financial-aid/net-price-calculator,639,0.5985,24239.0,12407.0,12407.0,17043.0,17294.0,17523.0,17744.0,14396.0,16266.0,0.3266,0.2781,30046.0,26921.0,42641.0,37855.0,25777.0,34724.0,68172.0,0.509358680983395,0.1663565452091768
206835,Oklahoma Wesleyan University,Bartlesville,OK,Private nonprofit,Bachelor,www.okwu.edu/,www.okwu.edu/net-price-calculator/,673,0.6617,44743.0,33550.0,33550.0,28358.0,25011.0,22831.0,28645.0,30697.0,31238.0,0.3151,0.2086,24813.0,50228.0,62310.0,67650.0,55700.0,59841.0,113432.0,0.5275495451019113,0.16623086166161224
214731,Pennsylvania State University-Penn State Brandywine,Media,PA,Public,Bachelor,https://www.brandywine.psu.edu/,https://tuition.psu.edu/student-tuition-calculators,1223,0.9811,31088.0,15208.0,25392.0,22585.0,15904.0,16580.0,21157.0,25067.0,29031.0,0.2354,0.1432,25000.0,54468.0,76659.0,72964.0,55620.0,63435.0,90340.0,0.7021806508744742,0.16529332521585124
198808,Lees-McRae College,Banner Elk,NC,Private nonprofit,Bachelor,www.lmc.edu/,www.lmc.edu/admissions/financial-aid/net-price-calculator.htm,873,0.7678,49498.0,33250.0,33250.0,28340.0,23030.0,22733.0,25905.0,28854.0,33664.0,0.4312,0.371,17375.0,38074.0,50979.0,52201.0,41599.0,43415.0,113360.0,0.3829834156669019,0.1651424488355681
139250,College of Coastal Georgia,Brunswick,GA,Public,Bachelor,https://www.ccga.edu/,https://npc.ccga.edu/npc.html,2979,0.9813,21924.0,3616.0,10936.0,15261.0,13298.0,13494.0,16022.0,18785.0,19646.0,0.2558,0.1368,15039.0,39664.0,52505.0,47995.0,35382.0,39318.0,61044.0,0.6440927855317476,0.16475893453902107
192864,Marymount Manhattan College,New York,NY,Private nonprofit,Bachelor,www.mmm.edu/,https://www.mmm.edu/offices/center-for-student-services/net-price-calculator/index.php,1577,0.8261,65767.0,41870.0,41870.0,36861.0,30722.0,30626.0,32459.0,34872.0,42217.0,0.4944,0.397,25750.0,23546.0,52050.0,49734.0,34052.0,49131.0,147444.0,0.33321803532188493,0.1647429966631399
183789,Berkeley College-Woodland Park,Woodland Park,NJ,Private for-profit,Bachelor,https://berkeleycollege.edu/,https://berkeleycollege.studentaidcalculator.com/welcome.aspx,1778,,44691.0,29800.0,29800.0,27100.0,25832.0,24600.0,29284.0,32364.0,38426.0,0.4427,0.3187,23251.0,38568.0,48750.0,45271.0,37060.0,40251.0,108400.0,0.3713191881918819,0.16438300461254612
363934,University of Advancing Technology,Tempe,AZ,Private for-profit,Bachelor,https://www.uat.edu/,https://www.uat.edu/uploads/gov_info/netpricecalculator.html,855,0.9806,32794.0,19365.0,19365.0,28522.0,25687.0,25896.0,28841.0,31691.0,32685.0,0.3692,0.2632,28812.0,34171.0,54762.0,54365.0,39016.0,50719.0,114088.0,0.44456033938713974,0.16413167730173198
140951,Savannah College of Art and Design,Savannah,GA,Private nonprofit,Bachelor,www.scad.edu/,www.scad.edu/admission/financial-aid-and-scholarships/financial-aid/budget-planning-guide/net-price-calculator,15243,0.8298,63627.0,41630.0,41630.0,49430.0,44858.0,45198.0,48668.0,51558.0,52147.0,0.6991,0.5155,25148.0,25862.0,47980.0,48615.0,34110.0,45954.0,197720.0,0.23241958324903905,0.1624845306494032
211608,Cheyney University of Pennsylvania,Cheyney,PA,Public,Bachelor,https://www.cheyney.edu/,https://www.passhe.edu/answers/Calculator/CH/npcalc-211608.htm,617,,26782.0,10904.0,18870.0,14265.0,13585.0,12358.0,14773.0,20215.0,16493.0,0.2441,0.3168,21785.0,31345.0,49989.0,47530.0,28568.0,37837.0,57060.0,0.6631090080616895,0.1618649088678584
492962,Indiana Institute of Technology-College of Professional Studies,Fort Wayne,IN,Private nonprofit,Bachelor,cps.indianatech.edu/,cps.indianatech.edu/costs/,2686,,26033.0,9896.0,9896.0,20473.0,20035.0,20802.0,20097.0,22271.0,24557.0,0.28,0.1839,26391.0,47525.0,61150.0,55180.0,29717.0,47327.0,81892.0,0.5779196991159088,0.16181751575245448
155900,Southwestern College,Winfield,KS,Private nonprofit,Bachelor,https://www.sckans.edu/,https://www.sckans.edu/other/net-price-calculator/,924,0.7555,58432.0,39822.0,39822.0,29824.0,26294.0,28688.0,30032.0,31315.0,32739.0,0.3458,0.2865,25000.0,52409.0,64687.0,56681.0,48034.0,55646.0,119296.0,0.46645319206008584,0.16129951381437768
157377,Midway University,Midway,KY,Private nonprofit,Bachelor,www.midway.edu/,www.midway.edu/admissions-aid/cost-aid/net-price-calculator/,1262,0.9514,48805.0,27220.0,27220.0,29579.0,27206.0,23405.0,28160.0,32406.0,34166.0,0.4298,0.3571,21301.0,40330.0,54588.0,49824.0,40738.0,44246.0,118316.0,0.3739646370735995,0.16073000101423307
153861,Maharishi International University,Fairfield,IA,Private nonprofit,Bachelor,https://www.miu.edu/,https://www.miu.edu/consumer-information/financial-aid-information/federal-net-price-calculator/,922,0.957,27892.0,16530.0,16530.0,14956.0,14269.0,16585.0,14066.0,18954.0,,0.3429,0.3889,24781.0,30202.0,,32465.0,26468.0,27981.0,59824.0,0.467721984487831,0.16038186848087724
154749,Bethel College-North Newton,North Newton,KS,Private nonprofit,Bachelor,www.bethelks.edu/,https://www.bethelks.edu/affordability/general-information/npc,504,0.935,52193.0,35014.0,35014.0,32917.0,35147.0,32633.0,33019.0,31293.0,32270.0,0.4217,0.215,24000.0,44907.0,55094.0,53101.0,40808.0,49898.0,131668.0,0.37896831424491906,0.15981093811708239
105899,Arizona Christian University,Glendale,AZ,Private nonprofit,Bachelor,https://arizonachristian.edu/,https://www.arizonachristian.edu/financial-aid/calculator/,1165,0.7062,54792.0,35098.0,35098.0,32839.0,30522.0,29991.0,32259.0,34557.0,34323.0,0.4066,0.3072,23000.0,37322.0,51181.0,47405.0,39524.0,51612.0,131356.0,0.39291695849447306,0.15976003532385274
117168,Laguna College of Art and Design,Laguna Beach,CA,Private nonprofit,Bachelor,www.lcad.edu/,https://www.lcad.edu/net-price-calculator/,746,0.9432,57989.0,37500.0,37500.0,42505.0,37203.0,38156.0,40258.0,44233.0,46889.0,0.5673,0.3448,27000.0,19729.0,48922.0,46587.0,31987.0,47867.0,170020.0,0.28153746618044934,0.1597162045641689
216542,University of Valley Forge,Phoenixville,PA,Private nonprofit,Bachelor,https://www.valleyforge.edu/,https://valleyforge.edu/wp-content/uploads/2024/06/index-1.html,471,0.612,45422.0,25240.0,25240.0,32265.0,30614.0,31228.0,32077.0,33146.0,32981.0,0.5247,0.4412,27000.0,29488.0,45455.0,41346.0,35671.0,39016.0,129060.0,0.3023090035642337,0.15862153417015343
193654,The New School,New York,NY,Private nonprofit,Bachelor,https://www.newschool.edu/,https://www.newschool.edu/financial-aid/npc/,6563,0.6347,88284.0,58694.0,58694.0,58741.0,50140.0,52812.0,56494.0,59894.0,64738.0,0.7021,0.4676,22266.0,26730.0,56719.0,54042.0,38210.0,52901.0,234964.0,0.22514512861544747,0.15807439480090565
198862,Livingstone College,Salisbury,NC,Private nonprofit,Bachelor,livingstone.edu/,livingstone.edu/netpricecal/npcalc.htm,924,0.5925,28305.0,18296.0,18296.0,13479.0,13860.0,14056.0,11028.0,14558.0,16018.0,0.2605,0.1755,31125.0,24905.0,37280.0,36216.0,24024.0,32600.0,53916.0,0.6046442614437273,0.15750983010609096
202514,Defiance College,Defiance,OH,Private nonprofit,Bachelor,www.defiance.edu/,www.defiance.edu/financial-aid/index.html,499,0.4755,53667.0,29320.0,29320.0,26337.0,27196.0,26105.0,25884.0,24554.0,26637.0,0.3355,0.293,26813.0,33634.0,46468.0,46809.0,39303.0,49351.0,105348.0,0.4684569237194821,0.15716729790788625
487311,Jones Technical Institute,Jacksonville,FL,Private nonprofit,Associate,www.jtech.org/,nces.ed.gov/collegenavigator/?q=sunstate+academy&s=all&id=487311#retgrad,659,,30987.0,16920.0,16920.0,25462.0,23967.0,24448.0,29021.0,30295.0,29734.0,0.651,0.6933,10294.0,27671.0,37942.0,26634.0,30221.0,24576.0,101848.0,0.24130076191972352,0.15708679600974002
137564,Southeastern University,Lakeland,FL,Private nonprofit,Bachelor,https://www.seu.edu/,https://www.seu.edu/admission/financial/cost-calculator/,4813,0.5298,49329.0,32950.0,32950.0,31942.0,29498.0,29185.0,31185.0,34795.0,34482.0,0.4289,0.349,21500.0,34472.0,50572.0,43308.0,36314.0,46744.0,127768.0,0.36585060422014903,0.15691332415002193
413413,Capella University,Minneapolis,MN,Private for-profit,Bachelor,www.capella.edu/,www.capella.edu/tuition-financial-aid/net-price-calculator/,18364,,22820.0,14400.0,14400.0,17956.0,17485.0,17324.0,17490.0,21292.0,22820.0,0.2667,0.2,14968.0,79233.0,84333.0,75078.0,48500.0,42189.0,71824.0,0.5873941857874805,0.15665802934952103
196431,Talmudical Seminary Oholei Torah,Brooklyn,NY,Private nonprofit,Bachelor,www.tsot.edu/,https://www.tsot.edu/NetPriceCalculator.php,400,0.7719,20353.0,8750.0,8750.0,10755.0,10333.0,9714.0,11613.0,12506.0,,0.1714,0.1111,,,,,18369.0,39230.0,43020.0,0.9119014411901442,0.15629990701999072
154518,Waldorf University,Forest City,IA,Private for-profit,Bachelor,www.waldorf.edu/,https://shoppingsheet.com/shopping/landing/waldorf,1827,0.7698,39675.0,25978.0,25978.0,19693.0,16448.0,18378.0,23045.0,21244.0,23667.0,0.2404,0.2086,18752.0,57654.0,67834.0,64768.0,50515.0,51165.0,78772.0,0.6495328289239831,0.15614769207332554
366261,Commonwealth Institute of Funeral Service,Houston,TX,Private nonprofit,Associate,https://www.commonwealth.edu/,https://commonwealth.edu/financial-aid-net-price-calculator/,254,0.8642,45244.0,15313.0,15313.0,44047.0,44047.0,,,,,0.7257,0.5455,9500.0,46369.0,55538.0,45671.0,44813.0,37786.0,176188.0,0.21446409517106726,0.15563659386564352
447689,Georgia Gwinnett College,Lawrenceville,GA,Public,Bachelor,www.ggc.edu/,https://www.ggc.edu/admissions/tuition-and-financial-aid-calculators/npcalc,11344,0.955,22547.0,4532.0,13844.0,15844.0,14356.0,14738.0,16572.0,19095.0,20986.0,0.2062,0.0593,20076.0,45821.0,56872.0,52716.0,36756.0,47730.0,63376.0,0.7531242110578137,0.15529421232012117
157100,Kentucky Christian University,Grayson,KY,Private nonprofit,Bachelor,www.kcu.edu/,https://www.kcu.edu/campus-offices/financial-aid/net-price-calculator/,429,0.6091,40168.0,26625.0,26625.0,24038.0,23241.0,24618.0,24031.0,24420.0,24116.0,0.352,0.3,22250.0,43328.0,52466.0,46428.0,39921.0,42375.0,96152.0,0.44070846160246274,0.15512937848406688
188182,University of the Southwest,Hobbs,NM,Private nonprofit,Bachelor,https://www.usw.edu/,https://www.usw.edu/admissions/sfaid/cost-of-attendance/net-price-calculator,346,,28210.0,16670.0,16670.0,16927.0,15384.0,14090.0,15943.0,20077.0,21985.0,0.2308,0.1321,21303.0,40278.0,51952.0,49411.0,36600.0,45389.0,67708.0,0.6703639156377386,0.15471999172919007
487603,Northwest University-Center for Online and Extended Education,Kirkland,WA,Private nonprofit,Bachelor,www.northwestu.edu/,www.northwestu.edu/financial-aid/net-price-calculator,405,,40568.0,14652.0,14652.0,35671.0,34739.0,29036.0,33605.0,38666.0,40245.0,0.4013,0.2647,20891.0,44118.0,58404.0,64391.0,50495.0,54914.0,142684.0,0.38486445572033307,0.15444610608056966
214670,Pennsylvania State University-Penn State Lehigh Valley,Center Valley,PA,Public,Bachelor,https://lehighvalley.psu.edu/,https://tuition.psu.edu/student-tuition-calculators,859,0.9737,28109.0,15208.0,25392.0,18220.0,12422.0,13319.0,16438.0,23611.0,24539.0,0.1759,0.1053,25000.0,54468.0,76659.0,72964.0,55620.0,63435.0,72880.0,0.8704034028540066,0.15310395856201978
201690,Central State University,Wilberforce,OH,Public,Bachelor,https://www.centralstate.edu/,https://centralstate.clearcostcalculator.com/student/default/netpricecalculator/surveycentralstate.studentaidcalculator.com/survey.aspx,2620,0.9861,21929.0,8058.0,10058.0,13096.0,19581.0,7161.0,8773.0,10343.0,10187.0,0.2407,0.128,30739.0,29583.0,42843.0,41406.0,27173.0,33267.0,52384.0,0.635060323762981,0.15285901992974954
100654,Alabama A & M University,Normal,AL,Public,Bachelor,www.aamu.edu/,www.aamu.edu/admissions-aid/tuition-fees/net-price-calculator.html,6124,0.5795,27153.0,10024.0,18634.0,17621.0,16500.0,16387.0,19622.0,21680.0,20364.0,0.2629,0.1173,31000.0,35983.0,54018.0,52246.0,27851.0,40628.0,70484.0,0.5764145054196698,0.1515393734748312
225548,Howard Payne University,Brownwood,TX,Private nonprofit,Bachelor,www.hputx.edu/,www.hputx.edu/campus-offices/financial-aid/net-price-calculator-external/,713,0.6737,46766.0,34982.0,34982.0,23627.0,24043.0,21423.0,25917.0,23412.0,24182.0,0.2955,0.214,26793.0,37543.0,50567.0,46238.0,38212.0,48376.0,94508.0,0.5118720108350616,0.1512581792017607
197151,School of Visual Arts,New York,NY,Private for-profit,Bachelor,https://sva.edu/,https://npc.collegeboard.org/app/sva,3244,0.9264,78051.0,51400.0,51400.0,57914.0,50966.0,51122.0,62189.0,64863.0,62858.0,0.7534,0.5693,27000.0,23488.0,42822.0,41574.0,31855.0,46459.0,231656.0,0.20055168007735608,0.15109563577028007
207157,Randall University,Moore,OK,Private nonprofit,Bachelor,www.ru.edu/,https://ru.edu/current-students/financial-information/calculator/,267,0.5786,26126.0,17714.0,17714.0,16383.0,19216.0,15639.0,14832.0,13726.0,17483.0,0.2345,0.1642,22626.0,35939.0,44913.0,45919.0,41012.0,42051.0,65532.0,0.6416865043032411,0.15047548525911003
165574,Dean College,Franklin,MA,Private nonprofit,Bachelor,www.dean.edu/,www.dean.edu/net-price-calculator.aspx,1089,0.7371,64889.0,46526.0,46526.0,30684.0,26996.0,26798.0,28640.0,31161.0,34318.0,0.4845,0.4167,25000.0,29263.0,41151.0,36113.0,30046.0,38109.0,122736.0,0.3104956980836918,0.1504351657215487
183026,Southern New Hampshire University,Manchester,NH,Private nonprofit,Bachelor,www.snhu.edu/,https://snhu.clearcostcalculator.com/student/default/netpricecalculator/survey,163164,0.9951,40918.0,17200.0,17200.0,36708.0,36441.0,36536.0,36641.0,37704.0,38025.0,0.4375,0.3441,21082.0,54644.0,67139.0,63467.0,41945.0,50318.0,146832.0,0.3426909665468018,0.1499272978642258
160621,Southern University and A & M College,Baton Rouge,LA,Public,Bachelor,www.subr.edu/,www.subr.edu/page/net-price-calculator,5519,0.3512,26341.0,9922.0,17272.0,20077.0,19047.0,19395.0,22288.0,25292.0,26069.0,0.2774,0.1002,29251.0,40903.0,54666.0,48941.0,33033.0,43371.0,80308.0,0.5400582756387906,0.1498121656622005
444565,Culinary Institute Inc,Houston,TX,Private for-profit,Associate,www.culinaryinstitute.edu/,www.culinaryinstitute.edu/npcalc/npcalc.htm,313,,32893.0,18827.0,18827.0,30428.0,30428.0,,,,,0.5604,1.0,16004.0,26237.0,37938.0,28655.0,24831.0,32195.0,121712.0,0.26451787827001444,0.1482358189825161
221953,Tusculum University,Greeneville,TN,Private nonprofit,Bachelor,https://www.tusculum.edu/,https://site.tusculum.edu/financial-aid/initial-cost/np-calculator/,785,0.7217,43776.0,29250.0,29250.0,21131.0,20766.0,15124.0,17519.0,22981.0,25563.0,0.2824,0.2109,23250.0,39705.0,51271.0,47539.0,39925.0,44367.0,84524.0,0.5249041692300411,0.14823293739056362
456454,Fortis College-Salt Lake City,Salt Lake City,UT,Private for-profit,Associate,https://www.fortis.edu/,https://www.fortis.edu/content/dam/fortis/compliance/netpricecalc/npcalc-fortis_salt_lake_city.html,383,,33657.0,13474.0,13474.0,27586.0,25927.0,26262.0,28197.0,26037.0,33342.0,0.4694,0.4483,13000.0,34137.0,45736.0,35925.0,33226.0,34509.0,110344.0,0.3127401580511854,0.14680023018922642
111081,California Institute of the Arts,Valencia,CA,Private nonprofit,Bachelor,https://www.calarts.edu/,https://files.calarts.edu/docs/financial-aid/calarts-net-price-calculator/,860,0.3234,77560.0,58996.0,58996.0,46080.0,26686.0,40899.0,51847.0,38627.0,58873.0,0.6547,0.4145,25000.0,22659.0,35256.0,37136.0,28018.0,41198.0,184320.0,0.2235134548611111,0.14633425889756943
494436,Fortis Institute-Cookeville,Cookeville,TN,Private for-profit,Associate,https://www.fortis.edu/,https://www.fortis.edu/content/dam/fortis/compliance/netpricecalc/npcalc-fortis_cookeville.html,334,,31248.0,15120.0,15120.0,23582.0,22635.0,23399.0,23928.0,28625.0,,0.3989,0.36,13000.0,34137.0,45736.0,35925.0,33226.0,34509.0,94328.0,0.3658404715460945,0.1459337640997371
111896,Cerro Coso Community College,Ridgecrest,CA,Public,Associate,https://cerrocoso.edu/,https://misweb.cccco.edu/npc/522/npcalc.htm,3171,,25300.0,1384.0,11254.0,18306.0,18595.0,13761.0,17054.0,21891.0,,0.3047,0.1076,,,57300.0,,29462.0,34963.0,73224.0,0.4774800611821261,0.14548817464219382
132657,Lynn University,Boca Raton,FL,Private nonprofit,Bachelor,https://www.lynn.edu/,https://lynn.aidcalculator.com/calculator,2859,0.7347,67880.0,44480.0,44480.0,44089.0,40711.0,42920.0,42506.0,42978.0,47151.0,0.5233,0.4397,17940.0,33694.0,53587.0,51472.0,41427.0,49006.0,176356.0,0.27788110413028194,0.14541518179137652
154721,Bethany College,Lindsborg,KS,Private nonprofit,Bachelor,https://www.bethanylb.edu/,https://www.bethanylb.edu/net-price-calculator,569,0.56,53738.0,33000.0,33000.0,27686.0,22561.0,24432.0,27302.0,30580.0,33313.0,0.3228,0.2818,23250.0,30104.0,45971.0,49679.0,40805.0,49694.0,110744.0,0.448728599292061,0.14484959185147728
112394,University of Silicon Valley,San Jose,CA,Private for-profit,Bachelor,https://usv.edu/,https://usv.edu/forms/netpricecalculator.html,455,0.5118,35722.0,22480.0,22480.0,27815.0,24350.0,27140.0,28102.0,28144.0,34379.0,0.3133,0.1954,31000.0,34171.0,56708.0,54598.0,39802.0,51017.0,111260.0,0.4585385583318353,0.143660130325364
110370,California College of the Arts,San Francisco,CA,Private nonprofit,Bachelor,www.cca.edu/,www.cca.edu/admissions/tuition/#section-calculator,990,0.911,79776.0,60226.0,60226.0,53909.0,61407.0,43261.0,45378.0,46060.0,56394.0,0.6225,0.4753,27000.0,26648.0,53517.0,51348.0,38308.0,49414.0,215636.0,0.2291546866014951,0.1426487924094307
140252,Life University,Marietta,GA,Private nonprofit,Bachelor,www.life.edu/,www.life.edu/admissions-pages/cost-of-attendance/,893,0.9303,41295.0,15036.0,15036.0,29791.0,28151.0,28136.0,30263.0,33995.0,30883.0,0.3566,0.2931,16666.0,36599.0,51860.0,53729.0,37368.0,47397.0,119164.0,0.3977459635460374,0.14183621060051693
189228,Berkeley College-New York,New York,NY,Private for-profit,Bachelor,https://berkeleycollege.edu/,https://berkeleycollege.studentaidcalculator.com/welcome.aspx,1449,,45041.0,29800.0,29800.0,34124.0,33638.0,33341.0,33533.0,38839.0,38592.0,0.4216,0.3699,30426.0,38796.0,52781.0,49004.0,37284.0,45884.0,136496.0,0.3361563708826632,0.1417235259641308
209940,Rogue Community College,Grants Pass,OR,Public,Associate,www.roguecc.edu/,www.roguecc.edu/FinancialAid/NPC,3559,,18962.0,5256.0,6300.0,11042.0,10318.0,10329.0,12448.0,15214.0,18962.0,0.1693,0.0442,17042.0,34814.0,46107.0,42912.0,33669.0,36845.0,44168.0,0.834201231660931,0.14123026852019563
484613,University of Phoenix-Arizona,Phoenix,AZ,Private for-profit,Bachelor,https://www.phoenix.edu/,https://www.phoenix.edu/tuition_and_financial_options/net-price-calculator.html,85991,,19909.0,9552.0,9552.0,13520.0,12776.0,13833.0,14963.0,17177.0,19150.0,0.2018,0.0191,31553.0,52226.0,61486.0,52597.0,35359.0,37752.0,54080.0,0.698076923076923,0.14087192307692306
155627,Ottawa University-Ottawa,Ottawa,KS,Private nonprofit,Bachelor,www.ottawa.edu/,www.ottawa.edu/ouks/admissions/financial-aid/cost-estimator,870,0.8296,51856.0,35880.0,35880.0,27963.0,22449.0,22912.0,25525.0,30199.0,30771.0,0.2827,0.1974,21500.0,49101.0,62228.0,55681.0,49139.0,55552.0,111852.0,0.49665629581947573,0.1404047348281658
206048,Tiffin University,Tiffin,OH,Private nonprofit,Bachelor,www.tiffin.edu/,www.tiffin.edu/forms/netprice,2051,0.8005,48004.0,34790.0,34790.0,26500.0,24278.0,22255.0,24974.0,29205.0,29977.0,0.4138,0.3168,27000.0,44135.0,63797.0,55664.0,42475.0,35942.0,106000.0,0.3390754716981132,0.14030943018867925
144005,Chicago State University,Chicago,IL,Public,Bachelor,www.csu.edu/,www.csu.edu/financialaid/netpricecalculator.htm,1384,0.4326,29764.0,12754.0,12754.0,12335.0,9073.0,9550.0,11334.0,13899.0,28427.0,0.1615,0.0845,30625.0,39592.0,56486.0,50497.0,33805.0,42778.0,49340.0,0.8670044588569112,0.14002122010539117
129774,Mitchell College,New London,CT,Private nonprofit,Bachelor,https://www.mitchell.edu/,https://npc.collegeboard.org/app/mitchell,377,0.9466,55621.0,40490.0,40490.0,30260.0,26485.0,27972.0,29970.0,29559.0,35675.0,0.4315,0.3056,25150.0,27624.0,44062.0,39559.0,35330.0,39115.0,121040.0,0.32315763384005286,0.13944251900198282
167057,The New England Conservatory of Music,Boston,MA,Private nonprofit,Bachelor,https://necmusic.edu/,https://necmusic.edu/admissions/tuition-aid/net-price-calculator/,393,0.411,81277.0,60750.0,60750.0,46754.0,47882.0,44882.0,45625.0,45608.0,47387.0,0.7558,0.4679,27000.0,,33743.0,37083.0,18830.0,34483.0,187016.0,0.1843852932369423,0.139358404628481
178369,Missouri Valley College,Marshall,MO,Private nonprofit,Bachelor,https://www.moval.edu/,https://npc.collegeboard.org/app/moval,1443,0.6918,37899.0,23700.0,23700.0,18086.0,16132.0,15854.0,16039.0,20499.0,22669.0,0.2332,0.1581,25950.0,36304.0,49963.0,41909.0,36902.0,43221.0,72344.0,0.5974372442773416,0.13932236536547604
233684,Strayer University-Virginia,Arlington,VA,Private for-profit,Bachelor,www.strayer.edu/campus-locations/virginia/arlington,https://strayer.aidcalc.cloud/netprice.htm,1668,,25158.0,13920.0,13920.0,19578.0,19578.0,,,,,0.2703,0.1905,40621.0,60341.0,68449.0,67616.0,36582.0,40092.0,78312.0,0.5119521912350598,0.13838067729083664
150172,Calumet College of Saint Joseph,Whiting,IN,Private nonprofit,Bachelor,www.ccsj.edu/,https://www.ccsj.edu/admissions/financial-aid/,529,,32968.0,23850.0,23850.0,22451.0,21381.0,22931.0,22877.0,23358.0,24970.0,0.2624,0.1471,21534.0,49086.0,57530.0,57079.0,39342.0,46945.0,89804.0,0.5227495434501804,0.13716948020132735
138947,Clark Atlanta University,Atlanta,GA,Private nonprofit,Bachelor,www.cau.edu/,https://cau.clearcostcalculator.com/student/default/netpricecalculator/survey,3603,0.6422,43676.0,28310.0,28310.0,37702.0,37356.0,39270.0,39009.0,39514.0,38680.0,0.4841,0.3704,27000.0,24968.0,47337.0,46256.0,28097.0,42712.0,150808.0,0.28322104928120523,0.13710730995703144
417327,City College-Altamonte Springs,Altamonte Springs,FL,Private for-profit,Associate,https://www.citycollege.edu/,https://www.citycollege.edu/financial-aid/net-price-calculator/,321,1.0,36105.0,18612.0,18612.0,32845.0,33605.0,29803.0,,,,0.5,0.0,23208.0,36999.0,40977.0,38601.0,32063.0,35994.0,131380.0,0.2739686405845639,0.13698432029228194
136774,Ringling College of Art and Design,Sarasota,FL,Private nonprofit,Bachelor,https://www.ringling.edu/,https://npc.collegeboard.org/student/app/ringling,1662,0.6965,80276.0,57900.0,57900.0,57742.0,47261.0,48213.0,55121.0,59265.0,62609.0,0.7148,0.5775,27000.0,28920.0,49311.0,53698.0,39650.0,43325.0,230968.0,0.18758009767586853,0.13408225381871083
112686,Compton College,Compton,CA,Public,Associate,www.compton.edu/,https://nces.ed.gov/ipeds/netpricecalculator/#/,3142,,20447.0,1142.0,8822.0,12647.0,12528.0,12773.0,12319.0,16689.0,,0.1981,0.0797,,,,46489.0,28922.0,34181.0,50588.0,0.6756740729026647,0.13385103384201788
447759,National Polytechnic College,Lakewood,CA,Private for-profit,Associate,https://npcollege.edu/,https://npcollege.edu/disclosures/calculator/index.html,516,,,,,30669.0,27809.0,,27366.0,34762.0,34762.0,0.5334,0.0667,16098.0,35481.0,42752.0,34589.0,32541.0,30781.0,122676.0,0.25091297401284685,0.1338369803384525
120953,Palo Verde College,Blythe,CA,Public,Associate,https://www.paloverde.edu/,https://misweb.cccco.edu/npc/951/npcalc.htm,3381,,25212.0,1288.0,12880.0,18993.0,18723.0,19625.0,19212.0,,,0.2783,0.1525,,,,,30602.0,36389.0,75972.0,0.47897909756225976,0.1332998828515769
161509,Maine College of Art & Design,Portland,ME,Private nonprofit,Bachelor,www.meca.edu/,meca.edu/admissions/net-price-calculator/,415,0.7606,60128.0,42942.0,42942.0,38338.0,31589.0,33075.0,35283.0,40992.0,42001.0,0.5,0.4742,27000.0,25999.0,40550.0,34439.0,24333.0,40778.0,153352.0,0.26591110647399446,0.13295555323699723
123527,San Bernardino Valley College,San Bernardino,CA,Public,Associate,www.valleycollege.edu/,https://misweb.cccco.edu/npc/982/npcalc.htm,12234,,22678.0,1196.0,14382.0,18943.0,18446.0,18753.0,20058.0,20743.0,21390.0,0.253,0.06,,52907.0,55935.0,44238.0,32980.0,39676.0,75772.0,0.523623502085203,0.13247674602755638
214148,Moore College of Art and Design,Philadelphia,PA,Private nonprofit,Bachelor,www.moore.edu/,moore.edu/about/student-consumer-information,535,0.5646,71327.0,52812.0,52812.0,43086.0,34834.0,42789.0,34168.0,46865.0,47504.0,0.6021,0.5204,26000.0,22194.0,42582.0,41788.0,30512.0,37839.0,172344.0,0.21955507589472217,0.13219411119621222
143048,School of the Art Institute of Chicago,Chicago,IL,Private nonprofit,Bachelor,www.saic.edu/,https://saic.studentaidcalculator.com/survey.aspx,2805,0.7747,75625.0,56420.0,56420.0,49790.0,43798.0,39845.0,46708.0,49595.0,55790.0,0.6548,0.3718,27000.0,24516.0,45385.0,36070.0,26742.0,40151.0,199160.0,0.20160172725446876,0.13200881100622616
165802,Fisher College,Boston,MA,Private nonprofit,Bachelor,https://www.fisher.edu/,https://www.fisher.edu/admissions-aid/net-price-calculator,1167,0.7068,53921.0,35689.0,35689.0,26649.0,25071.0,25267.0,27168.0,26511.0,30661.0,0.2811,0.156,25000.0,42580.0,57557.0,52092.0,44366.0,49669.0,106596.0,0.46595557056549963,0.13098011088596195
130183,Post University,Waterbury,CT,Private for-profit,Bachelor,www.post.edu/,https://www.post.edu/financial-aid/net-price-calculator,13603,,28897.0,16327.0,16327.0,21634.0,22103.0,20586.0,19822.0,16362.0,13127.0,0.2909,0.2226,30157.0,47677.0,60571.0,57301.0,31401.0,38696.0,86536.0,0.4471664971803642,0.13008073402976794
459994,Strayer University-Global Region,Washington,DC,Private for-profit,Bachelor,www.strayer.edu/,https://strayer.aidcalc.cloud/netprice.htm,9376,,25158.0,13920.0,13920.0,17833.0,17833.0,,,,,0.2308,0.0769,40621.0,60341.0,68449.0,67616.0,36582.0,40092.0,71332.0,0.562047888745584,0.1297206527224808
174136,Minneapolis Community and Technical College,Minneapolis,MN,Public,Associate,www.minneapolis.edu/,www.minnstate.edu/admissions/calculator/minneapolis.html,5268,,19683.0,6161.0,6161.0,13812.0,13019.0,12987.0,13617.0,17005.0,19137.0,0.177,0.1061,17954.0,36097.0,52691.0,47959.0,32872.0,40086.0,55248.0,0.7255647263249348,0.12842495655951347
220598,Lane College,Jackson,TN,Private nonprofit,Bachelor,www.lanecollege.edu/,www.lanecollege.edu/financial-aid-tuition/net-price-calculator,736,,23441.0,11790.0,11790.0,10904.0,10904.0,,,,,0.1765,0.1006,30500.0,25137.0,38716.0,35387.0,24623.0,31670.0,43616.0,0.7261096845194424,0.12815835931768157
434469,New Professions Technical Institute,Miami,FL,Private for-profit,Associate,www.npti.edu/,https://www.npti.edu/net-price-calculator,514,,,,,50756.0,50756.0,,,,,1.0,1.0,,27091.0,31999.0,27842.0,26142.0,25962.0,203024.0,0.12787650721097013,0.12787650721097013
100724,Alabama State University,Montgomery,AL,Public,Bachelor,www.alasu.edu/,tcc.ruffalonl.com/Alabama State University/Freshman-Students,3477,0.9755,23586.0,11248.0,19576.0,20435.0,19711.0,21682.0,21508.0,21608.0,19031.0,0.3026,0.1473,31000.0,29446.0,45998.0,43913.0,27453.0,34502.0,81740.0,0.42209444580376804,0.1277257793002202
182980,New England College,Henniker,NH,Private nonprofit,Bachelor,www.nec.edu/,https://nec.studentaidcalculator.com/survey.aspx,1022,0.9213,59350.0,41938.0,41938.0,26972.0,25598.0,24340.0,26238.0,28741.0,28249.0,0.3264,0.2931,26000.0,38207.0,55330.0,47799.0,31050.0,42092.0,107888.0,0.3901453359039003,0.12734343763903308
421878,Eastern International College-Jersey City,Jersey City,NJ,Private for-profit,Bachelor,www.eicollege.edu/,www.eicollege.edu/financial-aid/net-price-calculator/,495,0.6963,26182.0,18383.0,18383.0,21111.0,21111.0,,,,,0.3071,0.0625,24751.0,53459.0,70838.0,44485.0,36936.0,35008.0,84444.0,0.4145706030031737,0.12731463218227465
225885,Jarvis Christian University,Hawkins,TX,Private nonprofit,Bachelor,www.jarvis.edu/,www.collegeforalltexans.com/apps/CollegeMoney/,577,,25185.0,11720.0,11720.0,9825.0,11606.0,6276.0,5364.0,5540.0,14877.0,0.1514,0.0029,27000.0,27287.0,40867.0,37647.0,27077.0,32992.0,39300.0,0.8394910941475827,0.12709895165394403
490975,Fortis College-Cutler Bay,Cutler Bay,FL,Private for-profit,Associate,https://www.fortis.edu/,https://www.fortis.edu/content/dam/fortis/compliance/netpricecalc/npcalc-fortis_cutler_bay.htm,365,,30421.0,13806.0,13806.0,22393.0,21759.0,22407.0,24273.0,,,0.3264,0.3226,13000.0,37788.0,51591.0,38898.0,33284.0,34726.0,89572.0,0.3876881168222212,0.12654140133077302
207209,Langston University,Langston,OK,Public,Bachelor,www.langston.edu/,www.langston.edu/popups/cost-of-attendance/,1742,,21394.0,6863.0,14616.0,11504.0,11117.0,9782.0,12315.0,15530.0,15756.0,0.1718,0.2586,26000.0,38650.0,49961.0,52850.0,29691.0,33261.0,46016.0,0.7228138038942976,0.12417941150904034
458919,Strayer University-Georgia,Chamblee,GA,Private for-profit,Bachelor,www.strayer.edu/campus-locations/georgia/chamblee,https://strayer.aidcalc.cloud/netprice.htm,4299,,25158.0,13920.0,13920.0,18318.0,14598.0,,19559.0,,,0.2258,0.25,40621.0,60341.0,68449.0,67616.0,36582.0,40092.0,73272.0,0.5471667212577792,0.12355024566000655
220181,Fisk University,Nashville,TN,Private nonprofit,Bachelor,www.fisk.edu/,https://nces.ed.gov/ipeds/netpricecalculator/#/step-3-1,1035,0.3742,39450.0,25858.0,25858.0,32020.0,27647.0,32474.0,34204.0,34974.0,26678.0,0.3481,0.2445,27000.0,28698.0,58830.0,50878.0,33604.0,45454.0,128080.0,0.35488757026858214,0.12353636321049345
214689,Pennsylvania State University-Penn State Altoona,Altoona,PA,Public,Bachelor,https://altoona.psu.edu/,https://tuition.psu.edu/student-tuition-calculators,2367,0.9806,32559.0,15972.0,26958.0,22213.0,16017.0,16546.0,19464.0,23562.0,28263.0,0.1721,0.1237,25000.0,54468.0,76659.0,72964.0,55620.0,63435.0,88852.0,0.7139400351145726,0.12286908004321795
229063,Texas Southern University,Houston,TX,Public,Bachelor,www.tsu.edu/,www.tsu.edu/admissions/financial-aid/net-price-calculator,6844,0.9691,27052.0,9173.0,21473.0,16590.0,16437.0,21115.0,21280.0,22698.0,21610.0,0.2094,0.0679,29000.0,35355.0,55112.0,49857.0,32986.0,38924.0,66360.0,0.5865581675708258,0.12282528028933093
457110,Carrington College-Reno,Reno,NV,Private for-profit,Associate,https://carrington.edu/,https://carrington.edu/financial-aid/how-much-will-it-cost/,551,,,,,51823.0,50868.0,51209.0,52894.0,53718.0,54094.0,0.5762,0.1132,15188.0,49486.0,57082.0,39678.0,37283.0,43731.0,207292.0,0.21096327885301894,0.12155704127510952
229780,Wayland Baptist University,Plainview,TX,Private nonprofit,Bachelor,www.wbu.edu/,https://app.meadowfi.com/wbu,2041,0.5596,36323.0,23782.0,23782.0,20590.0,20070.0,16344.0,19949.0,21542.0,25435.0,0.1924,0.0932,23106.0,46287.0,56530.0,56493.0,44159.0,51838.0,82360.0,0.6294074793589121,0.12109799902865467
133979,Florida Memorial University,Miami Gardens,FL,Private nonprofit,Bachelor,www.fmuniv.edu/,www.fmuniv.edu/admissions/financial-aid/tuition-and-fees/,1183,0.8526,35809.0,20174.0,20174.0,23238.0,21882.0,22868.0,24425.0,26861.0,30076.0,0.3068,0.2073,30063.0,30042.0,46572.0,46228.0,28943.0,36624.0,92952.0,0.394009811515621,0.12088221017299253
455196,Jersey College,Teterboro,NJ,Private for-profit,Associate,https://www.jerseycollege.edu/,https://www.jerseycollege.edu/financial-aid/net-price-calculator,4478,0.6763,,,,52558.0,51753.0,52244.0,53601.0,54951.0,55644.0,0.3728,0.3473,21000.0,70565.0,88785.0,81028.0,65122.0,66087.0,210232.0,0.3143527150957038,0.11719069218767837
101675,Miles College,Fairfield,AL,Private nonprofit,Bachelor,https://www.miles.edu/,https://miles.clearcostcalculator.com/student/default/netpricecalculator/survey,1155,,21154.0,13314.0,13314.0,14271.0,13907.0,13677.0,16747.0,18889.0,,0.204,0.1034,31217.0,,,38671.0,25822.0,32627.0,57084.0,0.5715612080442856,0.11659848644103425
134237,Full Sail University,Winter Park,FL,Private for-profit,Bachelor,www.fullsail.edu/,https://fullsail.studentaidcalculator.com/survey.aspx,25777,,47530.0,26906.0,26906.0,38875.0,38738.0,38162.0,38181.0,40236.0,41762.0,0.4701,0.4415,27000.0,26076.0,40367.0,39233.0,31917.0,38219.0,155500.0,0.24578135048231511,0.11554181286173634
438586,American InterContinental University-Atlanta,Atlanta,GA,Private for-profit,Bachelor,www.aiuniv.edu/online-campus/campus-locations/atlanta,https://www.aiuniv.edu/tuition-financial-aid/net-price-calculator,734,,23743.0,13527.0,13527.0,16482.0,16482.0,,,,,0.2094,0.0755,31000.0,40254.0,50399.0,47187.0,27823.0,36144.0,65928.0,0.5482344375682563,0.11480029122679287
214829,Pennsylvania State University-Penn State York,York,PA,Public,Bachelor,https://www.york.psu.edu/,https://tuition.psu.edu/student-tuition-calculators,668,0.9741,27826.0,15208.0,25392.0,19047.0,11582.0,11156.0,16261.0,20054.0,24411.0,0.1372,0.0772,25000.0,54468.0,76659.0,72964.0,55620.0,63435.0,76188.0,0.8326114348716334,0.11423428886438809
164748,Berklee College of Music,Boston,MA,Private nonprofit,Bachelor,www.berklee.edu/,www.berklee.edu/paying-for-your-education/net-price-calculator,7468,0.4353,72700.0,52040.0,52040.0,49465.0,42734.0,37987.0,47799.0,46801.0,54676.0,0.6682,0.5027,25000.0,20342.0,41028.0,32591.0,26462.0,33647.0,197860.0,0.1700545840493278,0.11363047306176084
190114,Metropolitan College of New York,New York,NY,Private nonprofit,Bachelor,https://www.mcny.edu/,https://apply.mcny.edu/register/npc,402,0.9,34203.0,20188.0,20188.0,28882.0,28752.0,29172.0,,,,0.2834,0.4286,27688.0,42199.0,53658.0,47319.0,45086.0,46236.0,115528.0,0.40021466657433696,0.11342083650716708
127945,Rocky Mountain College of Art and Design,Lakewood,CO,Private for-profit,Bachelor,https://www.rmcad.edu/,https://www.rmcad.edu/policies-and-guidelines/net-price-calculator/,2050,,37505.0,20190.0,20190.0,32363.0,29847.0,29351.0,32387.0,36040.0,36201.0,0.3378,0.2353,31000.0,30506.0,41363.0,44530.0,30280.0,42958.0,129452.0,0.33184500818836327,0.11209724376602911
177940,Lincoln University,Jefferson City,MO,Public,Bachelor,https://www.lincolnu.edu/,https://www.lincolnu.edu/admissions/financial-aid/net-price-calculator.html,1392,,23704.0,9796.0,17692.0,19092.0,20070.0,19313.0,18287.0,14466.0,19984.0,0.2153,0.1031,28875.0,37139.0,50859.0,46789.0,32185.0,39463.0,76368.0,0.5167478525036665,0.1112558126440394
176318,Rust College,Holly Springs,MS,Private nonprofit,Bachelor,www.rustcollege.edu/,www.rustcollege.edu/wp-content/uploads/2024/09/Net-Price-Calculator.html,467,0.4867,23107.0,13265.0,13265.0,12587.0,12546.0,9481.0,13878.0,8797.0,18356.0,0.1731,0.0928,26159.0,26363.0,41313.0,38792.0,25641.0,32275.0,50348.0,0.6410383729244459,0.11096374235322158
444088,Brookline College-Albuquerque,Albuquerque,NM,Private for-profit,Bachelor,https://www.brooklinecollege.edu/,https://enroll-brookline.educationpartners.com/Npc?null=null#null,542,,,,,37459.0,36151.0,,,38768.0,,0.5542,0.0909,9500.0,35191.0,41962.0,37138.0,32705.0,29576.0,149836.0,0.19738914546570918,0.10939306441709604
199643,Shaw University,Raleigh,NC,Private nonprofit,Bachelor,www.shawu.edu/,shawu.clearcostcalculator.com/student/default/netpricecalculator/survey,875,0.8016,30861.0,17538.0,17538.0,16512.0,16236.0,16276.0,21145.0,,24966.0,0.2094,0.0974,32500.0,26963.0,44468.0,42247.0,26148.0,34409.0,66048.0,0.5209695978682171,0.10909103379360466
444811,PITC Institute,Wyncote,PA,Private for-profit,Associate,pitc.edu/index.html,www.pitc.edu/ulnetprice/npcalc.htm,282,,,,,28276.0,28089.0,28474.0,28768.0,,,0.2112,0.3053,16722.0,53448.0,69218.0,65106.0,44211.0,58389.0,113104.0,0.5162416890649314,0.10903024473051351
202806,Franklin University,Columbus,OH,Private nonprofit,Bachelor,www.franklin.edu/,https://www.franklin.edu/lp/npcalc/npcalc.htm,5562,,30696.0,9577.0,9577.0,25243.0,24968.0,25876.0,24690.0,25389.0,29964.0,0.2076,0.0288,20836.0,54244.0,68805.0,63041.0,49189.0,51892.0,100972.0,0.5139246523788773,0.10669075783385493
231554,Bluefield University,Bluefield,VA,Private nonprofit,Bachelor,www.bluefield.edu/,www.bluefield.edu/bluefield-central/financial-aid/tuition-fees/net-price-calculator/,614,0.5931,42539.0,26770.0,26770.0,25573.0,25807.0,25454.0,25732.0,25374.0,25430.0,0.223,0.1577,21855.0,40919.0,53206.0,47950.0,41923.0,48896.0,102292.0,0.4780041449966762,0.1065949243342588
436429,Los Angeles Film School,Hollywood,CA,Private for-profit,Bachelor,www.lafilm.edu/,lafilm.studentaidcalculator.com/survey.aspx,5472,,,,,30980.0,30655.0,30952.0,32250.0,31598.0,37462.0,0.4172,0.3312,25250.0,20763.0,33557.0,27993.0,24375.0,31632.0,123920.0,0.2552614590058102,0.10649508069722402
447935,ATA College,Louisville,KY,Private for-profit,Associate,www.ata.edu/,www.ata.edu/npcalc.htm,363,,31920.0,14200.0,14200.0,28611.0,28379.0,28511.0,28511.0,31920.0,31920.0,0.3514,0.2308,21030.0,35427.0,40854.0,34770.0,29724.0,34577.0,114444.0,0.3021302995351438,0.10616858725664953
138293,Webber International University,Babson Park,FL,Private nonprofit,Bachelor,www.webber.edu/,https://npc.collegeboard.org/student/app/webber,813,0.694,50989.0,33770.0,33770.0,29529.0,27801.0,25644.0,29924.0,33574.0,32673.0,0.2702,0.1183,25250.0,35149.0,50359.0,46899.0,37691.0,45606.0,118116.0,0.38611195773646245,0.10432745098039216
217712,Technical College of the Lowcountry,Beaufort,SC,Public,Associate,www.tcl.edu/,https://sftp.tcl.edu/NetPriceCalculator.html,1679,,23832.0,6156.0,11916.0,14724.0,14531.0,15726.0,20323.0,,,0.1751,0.098,10000.0,42055.0,47361.0,45868.0,34001.0,35090.0,58896.0,0.5957959793534365,0.10432387598478673
127653,Naropa University,Boulder,CO,Private nonprofit,Bachelor,https://www.naropa.edu/,https://www.naropa.edu/admissions-aid/costs-aid/undergraduate-costs-aid/price-calculator/,339,1.0,53397.0,36620.0,36620.0,29179.0,21457.0,33397.0,21817.0,45897.0,46397.0,0.4179,0.2667,24712.0,18611.0,41627.0,27062.0,21841.0,28720.0,116716.0,0.24606737722334557,0.1028315569416361
192712,Manhattan School of Music,New York,NY,Private nonprofit,Bachelor,https://www.msmnyc.edu/,https://www.msmnyc.edu/admission/scholarships-financial-aid/net-price-calculator/calculator-net-price/,539,0.4078,77703.0,57050.0,57050.0,51754.0,31392.0,38143.0,46638.0,48042.0,56540.0,0.7829,0.6713,26994.0,18578.0,30305.0,32388.0,18815.0,26878.0,207016.0,0.1298353750434749,0.1016481151215365
126827,Colorado Technical University-Colorado Springs,Colorado Springs,CO,Private for-profit,Bachelor,www.coloradotech.edu/Colorado-Springs,coloradotech.studentaidcalculator.com/,28086,,23744.0,12750.0,12750.0,16745.0,16474.0,16990.0,18404.0,22215.0,22394.0,0.1824,0.1207,29832.0,50071.0,60707.0,52017.0,30406.0,37180.0,66980.0,0.5550910719617796,0.1012486115258286
196389,Swedish Institute a College of Health Sciences,New York,NY,Private for-profit,Associate,www.swedishinstitute.edu/,https://app.meadowfi.com/swedish,1227,,35629.0,27066.0,27066.0,29688.0,30180.0,29664.0,29494.0,25448.0,34767.0,0.4044,0.566,22146.0,34172.0,47162.0,37991.0,33229.0,29699.0,118752.0,0.25009263001886284,0.10113745957962812
457101,Carrington College-Las Vegas,Las Vegas,NV,Private for-profit,Associate,https://carrington.edu/,https://carrington.edu/financial-aid/how-much-will-it-cost/,396,,,,,43570.0,41484.0,44700.0,46510.0,43872.0,47617.0,0.4747,0.4,9500.0,31639.0,39609.0,35466.0,34062.0,36718.0,174280.0,0.2106839568510443,0.10001167431719073
217721,Benedict College,Columbia,SC,Private nonprofit,Bachelor,www.benedict.edu/,https://www.collegeraptor.com/Shopping/School/Benedict-College-SC--217721,1536,0.957,32000.0,17440.0,17440.0,18250.0,17177.0,18686.0,19295.0,20250.0,20328.0,0.2288,0.1291,32500.0,26936.0,41293.0,35935.0,24908.0,31902.0,73000.0,0.437013698630137,0.09998873424657535
187745,Institute of American Indian and Alaska Native Culture and Arts Development,Santa Fe,NM,Public,Bachelor,https://iaia.edu/,https://iaia.edu/netprice/,334,0.9747,24854.0,5920.0,5920.0,12570.0,10974.0,11718.0,12454.0,21413.0,,0.2021,0.0556,,28344.0,37813.0,31703.0,20816.0,24505.0,50280.0,0.4873707239459029,0.09849762330946699
489937,Carolina University,Winston-Salem,NC,Private nonprofit,Bachelor,https://www.carolinau.edu/,https://carolinau.edu/npc,460,0.3954,32680.0,17575.0,17575.0,20828.0,17738.0,17560.0,22993.0,23597.0,24152.0,0.2431,0.193,20287.0,35110.0,52812.0,43737.0,30657.0,32864.0,83312.0,0.3944689840599193,0.09589541002496639
228884,Texas College,Tyler,TX,Private nonprofit,Bachelor,www.texascollege.edu/,https://www.nces.ed.gov/ipeds/netpricecalculator/,614,,20339.0,10008.0,10008.0,10958.0,9639.0,11342.0,12410.0,13598.0,16106.0,0.1224,0.0669,31000.0,28272.0,43887.0,39900.0,27901.0,33752.0,43832.0,0.7700310275597737,0.0942517977733163
133465,South University-West Palm Beach,Royal Palm Beach,FL,Private for-profit,Bachelor,"www.southuniversity.edu/west-palm-beach#location=West Palm Beach, FL",www.southuniversity.edu/west-palm-beach/net-price-calculator,251,,29798.0,18145.0,18145.0,20271.0,16177.0,21337.0,,,26323.0,0.2174,0.0,26123.0,55439.0,68975.0,59826.0,34115.0,34421.0,81084.0,0.4245103842928321,0.0922885575452617
217624,Allen University,Columbia,SC,Private nonprofit,Bachelor,https://www.allenuniversity.edu/,https://allenuniversity.edu/cost-of-attendance-net-price-calculator,576,0.7254,23998.0,14304.0,14304.0,10972.0,10553.0,9375.0,12610.0,12976.0,13298.0,0.1328,0.0684,34290.0,23426.0,36436.0,35418.0,23889.0,30497.0,43888.0,0.6948824279985417,0.09228038643820634
433420,California Aeronautical University,Bakersfield,CA,Private for-profit,Bachelor,www.calaero.edu/,cloud.calaero.com/npc/npc_cau.htm,347,,46233.0,37667.0,37667.0,36126.0,35535.0,28863.0,35669.0,39250.0,43076.0,0.3453,0.0435,30705.0,37652.0,47702.0,45067.0,37182.0,38361.0,144504.0,0.2654666998837402,0.0916656514698555
108232,Academy of Art University,San Francisco,CA,Private for-profit,Bachelor,www.academyart.edu/,https://npc.collegeboard.org/student/app/academyart,3587,,48036.0,30736.0,30736.0,40613.0,37668.0,36340.0,43874.0,43953.0,44082.0,0.3793,0.0613,31000.0,29577.0,50255.0,48625.0,30452.0,39008.0,162452.0,0.24012015856991603,0.09107757614556916
160630,Southern University at New Orleans,New Orleans,LA,Public,Bachelor,www.suno.edu/,www.suno.edu/page/net-price-calculator,1055,0.789,23905.0,8054.0,16954.0,14810.0,14771.0,,,19360.0,,0.1557,0.0437,31000.0,33307.0,47240.0,44573.0,29148.0,34042.0,59240.0,0.574645509790682,0.08947230587440919
139205,Brewton-Parker College,Mount Vernon,GA,Private nonprofit,Bachelor,https://www.bpc.edu/,https://www.bpc.edu/admissions-aid/finances/net-price-calculator/,774,0.9649,38918.0,20120.0,20120.0,26054.0,24574.0,24633.0,27082.0,28590.0,29357.0,0.2216,0.1158,24990.0,,,44089.0,35732.0,42009.0,104216.0,0.40309549397405386,0.08932596146465033
464226,Ottawa University-Surprise,Surprise,AZ,Private nonprofit,Bachelor,www.ottawa.edu/ouaz/home,www.ottawa.edu/ouaz/admissions/financial-aid,836,0.7815,52170.0,35880.0,35880.0,33393.0,28636.0,30096.0,31252.0,35696.0,35922.0,0.212,0.1364,21500.0,49101.0,62228.0,55681.0,49139.0,55552.0,133572.0,0.41589554697092207,0.08816985595783548
209603,Pacific Northwest College of Art,Portland,OR,Private nonprofit,Bachelor,willamette.edu/pnca/index.html,willamette.edu/offices/finaid/net-price-calculator/index.html,420,0.7485,70376.0,49006.0,49006.0,35785.0,28219.0,30517.0,30916.0,36998.0,44522.0,0.3558,0.1811,25000.0,21811.0,,33646.0,24101.0,34883.0,143140.0,0.24369847701550928,0.0867079181221182
192688,Mandl School-The College of Allied Health,New York,NY,Private for-profit,Associate,www.mandl.edu/,mandl.edu/wp-content/uploads/netcalc/npcalc.htm,497,,43113.0,21700.0,21700.0,35578.0,35266.0,36998.0,35901.0,,,0.3077,0.0682,20000.0,38705.0,48793.0,40689.0,37266.0,39108.0,142312.0,0.27480465456180786,0.08455739220866827
140720,Paine College,Augusta,GA,Private nonprofit,Bachelor,www.paine.edu/,https://www.collegeraptor.com/Shopping/School/Paine-College-GA--140720,388,0.9543,27431.0,14596.0,14596.0,16670.0,15322.0,14959.0,17233.0,23604.0,20388.0,0.1655,0.0448,,19230.0,41449.0,37597.0,25240.0,33338.0,66680.0,0.49997000599880026,0.08274503599280145
140340,Herzing University-Atlanta,Atlanta,GA,Private nonprofit,Bachelor,https://www.herzing.edu/,https://www.herzing.edu/tuition-financial-aid/net-price-calculator,387,0.9375,27007.0,13450.0,13450.0,21679.0,21612.0,22285.0,,,,0.194,0.1176,21500.0,50047.0,58575.0,48660.0,35295.0,36909.0,86716.0,0.4256307947783569,0.08257237418700124
384254,Beacon College,Leesburg,FL,Private nonprofit,Bachelor,https://www.beaconcollege.edu/,https://www.beaconcollege.edu/admissions/tuition-financial-aid/tuition/net-price-calculator/,506,0.4347,70775.0,51680.0,51680.0,53517.0,47601.0,47213.0,52117.0,55423.0,58721.0,0.5882,0.4545,25000.0,17081.0,29712.0,23204.0,19919.0,29420.0,214068.0,0.13743296522600296,0.08083807014593493
161864,Baltimore City Community College,Baltimore,MD,Public,Associate,www.bccc.edu/,https://www.bccc.edu/cms/lib/MD02000050/Centricity/domain/1112/net price calculator/Net Price Calculator.html,3700,,22790.0,3314.0,7394.0,15987.0,15978.0,13995.0,16528.0,18845.0,,0.1391,0.0455,,47247.0,53768.0,51136.0,27972.0,36025.0,63948.0,0.5633483455307438,0.07836175486332646
445027,American InterContinental University System,Chandler,AZ,Private for-profit,Bachelor,https://www.aius.education/,https://www.aius.education/about-aius/institutions,7111,,22256.0,12397.0,12397.0,15172.0,14802.0,15080.0,15672.0,19828.0,17810.0,0.129,0.0496,31000.0,40254.0,50399.0,47187.0,27823.0,36144.0,60688.0,0.5955707882942262,0.07682863168995517
207856,Southwestern Christian University,Bethany,OK,Private nonprofit,Bachelor,www.swcu.edu/,swcu.edu/admissions/cost-attendance-net-price-calculator,377,,33305.0,21900.0,21900.0,20146.0,18830.0,16903.0,18700.0,22401.0,26620.0,0.1446,0.0924,20715.0,34959.0,45678.0,42575.0,34574.0,40391.0,80584.0,0.5012285317184553,0.07247764568648864
218399,Morris College,Sumter,SC,Private nonprofit,Bachelor,https://www.morris.edu/,https://npc.collegeboard.org/app/morris,383,,30148.0,16664.0,16664.0,20555.0,20485.0,20609.0,20727.0,21121.0,,0.1903,0.0663,31400.0,27032.0,39972.0,38654.0,24250.0,30614.0,82220.0,0.37234249574312817,0.0708567769399173
144883,East-West University,Chicago,IL,Private nonprofit,Bachelor,www.eastwest.edu/,https://www.eastwest.edu/financial-aid/,468,,32606.0,25395.0,25395.0,21697.0,19168.0,26636.0,29284.0,30852.0,,0.1981,0.1918,26986.0,29079.0,43920.0,45989.0,21236.0,29963.0,86788.0,0.3452435820620362,0.06839275360648937
160649,Southern University at Shreveport,Shreveport,LA,Public,Associate,www.susla.edu/,www.susla.edu/page/net-price-calculator,1910,,17017.0,4958.0,4958.0,11049.0,10478.0,11359.0,12785.0,15943.0,16311.0,0.0888,0.0652,18500.0,35526.0,45588.0,36131.0,22990.0,33099.0,44196.0,0.7489139288623404,0.06650355688297584
444787,Nightingale College,Salt Lake City,UT,Private for-profit,Bachelor,www.nightingale.edu/,nightingale.edu/tuition-aid/net-price-calculator.html,5986,,,,,30852.0,28472.0,29914.0,31759.0,32986.0,34034.0,0.301,0.234,25250.0,68158.0,82987.0,62113.0,63412.0,27126.0,123408.0,0.21980746791131855,0.06616204784130689
214883,Peirce College,Philadelphia,PA,Private nonprofit,Bachelor,https://www.peirce.edu/,https://npc.collegeboard.org/app/peirce,799,,18660.0,15060.0,15060.0,12148.0,,,13686.0,10610.0,,0.0625,0.5,31250.0,50817.0,58509.0,61452.0,41647.0,50660.0,48592.0,1.0425584458347052,0.06515990286466908
449898,South University-Tampa,Tampa,FL,Private for-profit,Bachelor,"www.southuniversity.edu/tampa#location=Tampa, FL",www.southuniversity.edu/tampa/net-price-calculator,388,,30414.0,18145.0,18145.0,20434.0,20347.0,19364.0,20759.0,22442.0,,0.1539,0.1818,26123.0,55439.0,68975.0,59826.0,34115.0,34421.0,81736.0,0.4211241068806891,0.06481100004893806
482468,DeVry University-Georgia,Decatur,GA,Private for-profit,Bachelor,https://www.devry.edu/,https://my.devry.edu/npc,516,1.0,38315.0,17408.0,17408.0,28229.0,28229.0,,,,,0.1528,0.1667,24807.0,49188.0,63172.0,63561.0,42178.0,45987.0,112916.0,0.40726734917992136,0.06223045095469198
222877,Arlington Baptist University,Arlington,TX,Private nonprofit,Bachelor,https://abu.edu/,https://abu.edu/library/public/html/netpricecal9-14-22-.html,284,,33424.0,20830.0,20830.0,24906.0,21759.0,21518.0,26892.0,28642.0,25941.0,0.1379,0.1667,27000.0,32899.0,48934.0,48562.0,32206.0,44644.0,99624.0,0.4481249498112905,0.061796430578976956
180328,Little Big Horn College,Crow Agency,MT,Public,Associate,www.lbhc.edu/,www.lbhc.edu/finaid/npcalc.htm,253,,11635.0,3200.0,3200.0,8331.0,8419.0,7832.0,8283.0,8512.0,,0.0973,0.0492,,20049.0,27429.0,22139.0,25016.0,21152.0,33324.0,0.6347377265634377,0.06175998079462249
219204,National American University-Rapid City,Rapid City,SD,Private for-profit,Bachelor,www.national.edu/locations/campuses/rapid-city/,www.national.edu/net-price-calculator/,764,,34452.0,16065.0,16065.0,31062.0,31062.0,,,,,0.1957,0.0,29020.0,44433.0,53841.0,47843.0,29641.0,37325.0,124248.0,0.30040725001609686,0.05878969882815016
106306,Arkansas Baptist College,Little Rock,AR,Private nonprofit,Bachelor,https://www.arkansasbaptist.edu/,https://www.arkansasbaptist.edu/net-price-calculator/,342,,23060.0,8760.0,8760.0,10627.0,7715.0,11741.0,19496.0,20055.0,,0.0767,0.012,25375.0,,39577.0,37953.0,22652.0,28418.0,42508.0,0.6685329820269126,0.0512764797214642
446163,Community Christian College,Quartzsite,AZ,Private nonprofit,Associate,https://www.cccollege.edu/,https://www.cccollege.edu/financial-aid-net-price-calculator,424,,27218.0,9675.0,9675.0,22280.0,21355.0,25435.0,,,,0.1136,0.1174,,,,,,39217.0,89120.0,0.4400471274685817,0.049989353680430886
146816,Generations College,Chicago,IL,Private nonprofit,Associate,www.generations.edu/,www.generations.edu/admissions/tuition-and-costs,310,,25660.0,12700.0,12700.0,18894.0,18723.0,19710.0,,,,0.1045,0.0893,25250.0,31178.0,46202.0,28559.0,31406.0,34706.0,75576.0,0.4592198581560284,0.047988475177304965
139579,South University-Savannah,Savannah,GA,Private for-profit,Bachelor,"www.southuniversity.edu/savannah#location=Savannah, GA",www.southuniversity.edu/savannah/net-price-calculator,270,,36577.0,18145.0,18145.0,28743.0,27713.0,30147.0,,31954.0,33277.0,0.1591,0.0833,26123.0,55439.0,68975.0,59826.0,34115.0,34421.0,114972.0,0.29938593744563896,0.047632302647601155
247649,Landmark College,Putney,VT,Private nonprofit,Bachelor,www.landmark.edu/,https://www.landmark.edu/admissions/tuition-and-financial-aid/net-price-calculator,455,0.4944,83124.0,66540.0,66540.0,56954.0,44712.0,44994.0,54846.0,55403.0,63102.0,0.3491,0.0714,17500.0,20196.0,31926.0,31720.0,30033.0,29813.0,227816.0,0.1308643817817888,0.045684755680022476
251312,South University-Columbia,Columbia,SC,Private for-profit,Bachelor,"www.southuniversity.edu/columbia#location=Columbia, SC",www.southuniversity.edu/columbia/net-price-calculator,450,,35322.0,18145.0,18145.0,27693.0,26588.0,30474.0,32022.0,29386.0,,0.125,0.1579,26123.0,55439.0,68975.0,59826.0,34115.0,34421.0,110772.0,0.3107373704546275,0.03884217130682844
101116,South University-Montgomery,Montgomery,AL,Private for-profit,Bachelor,www.southuniversity.edu/,www.southuniversity.edu/montgomery/net-price-calculator,299,,34793.0,18145.0,18145.0,27807.0,27444.0,,26220.0,31519.0,31493.0,0.1081,0.1429,26123.0,55439.0,68975.0,59826.0,34115.0,34421.0,111228.0,0.3094634444564318,0.03345299834574028
154022,Ashford University,San Diego,CA,Private for-profit,Bachelor,www.uagc.edu/,https://app.meadowfi.com/azglobal,20152,,37594.0,11960.0,11960.0,31266.0,31009.0,31862.0,33319.0,32953.0,33593.0,0.0974,0.0266,31250.0,47447.0,56883.0,46956.0,33397.0,35404.0,125064.0,0.2830870594255741,0.02757267958805092
475121,South University-Savannah Online,Savannah,GA,Private for-profit,Bachelor,www.southuniversity.edu/online#location=Online Programs,www.southuniversity.edu/online/net-price-calculator,6433,,34298.0,18145.0,18145.0,28049.0,27856.0,28368.0,29209.0,34126.0,34298.0,0.0633,0.051,26123.0,55439.0,68975.0,59826.0,34115.0,34421.0,112196.0,0.30679346857285467,0.019420026560661698
189857,Central Yeshiva Tomchei Tmimim Lubavitz,Brooklyn,NY,Private nonprofit,Bachelor,https://cyttl.edu/,https://cyttl.edu/links/,863,0.8743,29697.0,8400.0,8400.0,21437.0,20648.0,21223.0,21604.0,23027.0,24662.0,0.04,0.0,,9374.0,24036.0,21461.0,21104.0,35023.0,85748.0,0.4084410132014741,0.016337640528058965
120421,Oxnard College,Oxnard,CA,Public,Associate,www.oxnardcollege.edu/,www.oxnardcollege.edu/departments/student_services/financial_aid/index.shtml,6240,,9437.0,1426.0,9615.0,-1128.0,-1855.0,-2442.0,-631.0,4704.0,7143.0,0.3824,0.1206,,34371.0,49137.0,40650.0,34643.0,41393.0,-4512.0,,
125028,Ventura College,Ventura,CA,Public,Associate,www.venturacollege.edu/,www.venturacollege.edu/departments/student_services/financial_aid/index.shtml,10150,,9306.0,1426.0,9615.0,-982.0,-1913.0,-2393.0,524.0,4165.0,6577.0,0.4651,0.1266,13876.0,50638.0,51753.0,45258.0,34084.0,43430.0,-3928.0,,
241720,Colegio Universitario de San Juan,San Juan,PR,Public,Bachelor,www.cunisanjuan.edu/,www.cunisanjuan.edu/net-price-calculator/,491,0.7538,6024.0,2580.0,2580.0,-778.0,-982.0,-175.0,182.0,,,0.3097,0.0213,,19557.0,30268.0,26141.0,22675.0,26510.0,-3112.0,,
